# Wavafront OBJ file of BodyParts3D
# BodyParts3D, Copyright(C) 2010-2011 The Database Center for Life Science licensed under CC Attribution-Share Alike 2.1 Japan.
vn -0.993865 -0.101438 0.0440769
v 34.2788 -142.151 1451.77
vn -0.995901 0.0366749 0.0826755
v 34.2476 -141.751 1451.37
vn -0.878142 -0.461172 -0.127231
v 34.3116 -142.177 1451.57
vn 0.0102375 -0.216059 -0.976327
v 34.5117 -141.738 1451.37
vn 0.222302 -0.868318 -0.443402
v 34.7205 -142.551 1452.37
vn 0.563262 -0.579972 -0.588531
v 34.8984 -142.151 1451.97
vn -0.771204 -0.601738 -0.207739
v 34.3976 -142.551 1452.77
vn -0.30221 -0.922108 -0.241632
v 34.5117 -142.79 1452.97
vn -0.511702 -0.784451 -0.350424
v 34.5117 -142.672 1452.77
vn 0.185488 -0.946102 -0.265491
v 34.7116 -142.79 1452.97
vn 0.171866 -0.974146 -0.146632
v 34.7116 -142.824 1453.17
vn -0.136345 -0.99051 0.0173046
v 34.9116 -142.912 1454.17
vn 0.523538 -0.78902 -0.321489
v 34.9116 -142.709 1452.97
vn -0.929584 -0.351997 0.109416
v 34.6616 -142.751 1454.37
vn -0.60381 -0.785084 0.138043
v 34.8875 -142.751 1454.77
vn -0.989186 -0.0843114 0.12001
v 34.7195 -142.551 1454.57
vn -0.740215 -0.65697 0.143079
v 34.972 -142.751 1455.57
vn 0.133929 -0.988976 -0.0631676
v 35.1116 -142.877 1454.77
vn -0.985239 0.0210768 0.169884
v 35.0476 -141.751 1456.57
vn -0.899777 -0.403516 0.166058
v 35.1116 -142.583 1456.37
vn -0.952756 0.302041 0.0320517
v 34.4382 -140.951 1451.57
vn -0.878113 0.116627 -0.464022
v 34.4913 -140.551 1451.57
vn 0 0 -1
v 34.5173 -141.151 1451.37
vn -0.877171 0.116502 0.46583
v 34.5976 -140.551 1451.77
vn -0.909568 0.379721 -0.168811
v 34.6507 -140.351 1451.97
vn 0.698 0.185492 -0.691656
v 34.7116 -140.551 1451.62
vn -0.740305 0.476597 -0.474136
v 34.7116 -140.351 1451.87
vn 0.195118 0.765134 -0.613596
v 34.9116 -140.351 1451.93
vn -0.955262 0.214179 0.203965
v 34.7851 -139.751 1452.17
vn -0.138383 0.122752 -0.982742
v 34.9116 -138.751 1452.16
vn -0.984239 0.153889 0.0871293
v 34.9244 -138.551 1452.37
vn -0.788298 0.351352 -0.505112
v 35.1116 -139.151 1452.08
vn -0.495676 0.649174 -0.576957
v 35.1116 -138.551 1452.21
vn -0.645172 0.140717 -0.750967
v 35.1116 -137.951 1452.32
vn -0.963587 0.265995 0.0273383
v 35.1601 -137.551 1452.77
vn -0.701651 -0.703366 -0.113851
v 36.3462 -144.951 1467.97
vn -0.521837 -0.830275 -0.195777
v 36.7116 -145.18 1467.97
vn -0.933257 -0.356237 -0.0461102
v 36.4351 -145.151 1469.37
vn -0.995162 -0.0764366 0.0617198
v 36.3976 -145.151 1469.97
vn -0.823267 -0.567056 0.0260514
v 36.5507 -145.551 1470.17
vn -0.852269 -0.522658 0.0215944
v 36.6695 -145.551 1470.77
vn -0.909826 -0.410384 0.061651
v 36.7413 -145.751 1471.57
vn -0.973101 0.142684 0.180876
v 36.7116 -145.151 1471.62
vn -0.974823 -0.110944 0.193423
v 36.8601 -145.551 1472.77
vn -0.671733 -0.731449 -0.117292
v 35.7116 -143.165 1458.57
vn -0.242384 -0.950224 -0.195766
v 35.9116 -143.274 1458.57
vn 0.085356 -0.975731 -0.201649
v 36.1116 -143.29 1458.57
vn -0.40464 -0.908941 -0.100463
v 35.7116 -143.359 1459.17
vn -0.391543 -0.918233 -0.0595107
v 35.9116 -143.418 1460.17
vn 0.00085502 -0.991633 -0.129089
v 36.1116 -143.48 1459.37
vn 0.229471 -0.96128 -0.152591
v 36.5117 -143.421 1459.77
vn -0.944174 -0.323321 0.0632459
v 35.7007 -143.351 1462.17
vn -0.729796 -0.68327 -0.023261
v 35.7789 -143.551 1461.57
vn -0.392951 -0.916682 -0.0726845
v 36.1116 -143.762 1462.17
vn -0.32454 -0.94317 -0.0714508
v 36.3116 -143.859 1461.57
vn 0.183815 -0.972307 -0.144328
v 36.7116 -143.818 1462.17
vn -0.887165 0.414829 0.202125
v 36.1695 -143.351 1465.77
vn -0.95234 0.272703 0.136682
v 36.4382 -144.751 1469.37
vn 0.706769 -0.485319 -0.514725
v 35.3788 -141.951 1452.37
vn 0.801815 -0.409055 -0.435622
v 36.5882 -141.751 1454.17
vn 0.30332 -0.939552 -0.158869
v 35.7116 -142.796 1454.77
vn 0.682615 -0.614758 -0.395106
v 36.4116 -142.151 1454.37
vn -0.379335 -0.920126 -0.0973342
v 35.3116 -142.849 1456.37
vn -0.853253 -0.509598 0.110765
v 35.3538 -142.751 1457.37
vn -0.790133 -0.596831 0.139581
v 35.5117 -143.093 1456.97
vn -0.159192 -0.981164 -0.109432
v 35.7116 -142.993 1456.17
vn 0.0287124 -0.997977 -0.0567252
v 35.8616 -143.151 1456.97
vn 0.235621 -0.955889 -0.175382
v 35.9116 -142.952 1455.97
vn -0.884449 0.427716 0.186574
v 35.3351 -141.751 1458.37
vn -0.923272 -0.383652 0.0194834
v 35.5538 -142.951 1458.97
vn -0.395262 -0.918209 0.0256773
v 35.7116 -143.055 1457.57
vn 0.0380566 -0.995053 -0.091768
v 36.1116 -143.115 1457.57
vn 0.400529 -0.89858 -0.179249
v 36.5117 -143.021 1457.77
vn -0.994675 -0.0648469 0.0801027
v 35.4132 -142.351 1459.97
vn -0.868536 -0.495111 -0.022562
v 35.607 -143.151 1460.37
vn -0.746545 0.629056 0.2167
v 35.7116 -141.714 1459.97
vn -0.971027 -0.232587 0.0548659
v 35.5976 -143.151 1461.57
vn -0.800941 0.559008 0.214486
v 36.1116 -141.751 1461.14
vn -0.837396 0.514364 0.184928
v 36.382 -141.751 1462.37
vn -0.766979 0.586554 0.260187
v 36.8049 -142.351 1465.97
vn 0.735019 -0.0487338 -0.676293
v 35.6163 -141.151 1452.37
vn 0.73774 -0.348281 -0.578307
v 36.3116 -140.192 1453.37
vn -0.94079 0.254463 0.223969
v 35.5695 -140.351 1456.77
vn -0.844584 0.488128 0.220018
v 35.9976 -141.351 1459.77
vn -0.901261 0.378667 0.210568
v 36.2695 -141.551 1461.37
vn 0.526139 0.0926387 -0.845338
v 35.7116 -139.351 1452.35
vn 0.758083 -0.0452987 -0.650582
v 36.1788 -139.551 1452.77
vn 0.699907 -0.0821608 -0.709493
v 36.5117 -139.351 1453.1
vn -0.945077 0.26395 0.192768
v 35.4507 -139.551 1455.77
vn -0.866234 0.408782 0.287291
v 36.5117 -138.496 1457.17
vn 0.497697 0.236851 -0.834386
v 35.3116 -138.151 1452.34
vn 0.384974 0.34148 -0.85743
v 35.3116 -137.751 1452.5
vn -0.910832 0.17864 0.372119
v 36.5413 -137.551 1456.37
vn -0.639827 0.412195 -0.648626
v 35.5117 -136.551 1453.06
vn 0.507689 0.425922 -0.748894
v 35.7116 -136.521 1453.17
vn -0.749132 0.616143 -0.243246
v 35.7116 -136.111 1453.57
vn -0.905044 0.420621 -0.0630311
v 35.7136 -135.951 1453.97
vn -0.756461 0.608375 -0.240097
v 35.9116 -135.751 1453.86
vn -0.215631 0.674193 -0.706376
v 36.7116 -135.351 1453.99
vn -0.933451 0.135192 0.332252
v 35.9382 -135.351 1454.77
vn -0.248371 0.152335 -0.956612
v 35.9116 -134.751 1453.91
vn -0.0786656 0.348617 -0.933958
v 36.0516 -134.551 1453.97
vn 0.0852485 0.0567009 -0.994745
v 36.1116 -135.151 1453.83
vn 0.14138 0.280364 -0.949425
v 36.1116 -134.751 1453.89
vn 0.421296 0.232303 -0.876667
v 36.7116 -135.151 1454
vn -0.373488 0.557641 -0.741312
v 36.4632 -133.151 1454.97
vn -0.264864 0.531712 -0.804444
v 36.7116 -133.351 1454.76
vn -0.625878 -0.778216 -0.0515336
v 37.3116 -146.396 1472.77
vn -0.237918 -0.94539 -0.222783
v 37.7116 -146.605 1472.77
vn 0.0954578 -0.958463 -0.268767
v 38.1116 -146.371 1472.17
vn -0.805726 -0.590304 0.0484461
v 37.3116 -146.378 1473.77
vn -0.726422 -0.687095 -0.0145668
v 37.7116 -146.905 1474.37
vn -0.849926 -0.510559 0.130212
v 38.0851 -147.151 1476.77
vn -0.957651 0.0573161 0.282171
v 38.1116 -146.784 1477.17
vn -0.604487 -0.792672 -0.0791634
v 38.3351 -147.351 1477.37
vn 0.137087 -0.946271 -0.292878
v 37.3116 -145.165 1467.97
vn -0.422149 -0.901991 -0.0905674
v 36.9116 -145.862 1470.17
vn -0.662183 -0.730495 -0.167006
v 36.9116 -145.599 1468.97
vn -0.526511 -0.845692 -0.0871279
v 37.1116 -146.215 1471.77
vn -0.500813 -0.863406 -0.0609691
v 37.1116 -145.951 1470.8
vn 0.00244469 -0.971514 -0.23697
v 37.7116 -146.08 1470.77
vn -0.843016 -0.534361 0.0614969
v 36.9382 -145.951 1472.37
vn -0.8695 0.408249 0.278033
v 36.9116 -145.34 1472.77
vn -0.622351 -0.781988 -0.0342641
v 37.1116 -146.146 1472.17
vn -0.220933 -0.958781 -0.17868
v 37.5117 -146.343 1472.17
vn -0.793895 0.517868 0.318659
v 37.4476 -144.951 1473.57
vn -0.913046 0.278183 0.298264
v 38.0257 -145.751 1476.17
vn -0.683879 0.675348 0.27607
v 37.769 -143.551 1470.77
vn -0.731647 0.634255 0.249825
v 37.7116 -144.151 1472.56
vn 0.697032 -0.659727 -0.280901
v 36.9166 -142.351 1455.77
vn 0.615536 -0.739241 -0.2732
v 37.3209 -142.351 1457.57
vn 0.456231 -0.850125 -0.262946
v 38.1116 -142.946 1460.77
vn 0.818063 -0.338681 -0.464832
v 37.0413 -141.351 1454.97
vn 0.708534 -0.465686 -0.530205
v 37.7976 -140.351 1454.97
vn 0.676233 -0.624048 -0.391502
v 37.9116 -141.305 1456.57
vn -0.78334 0.578904 0.226383
v 36.9116 -141.54 1464.17
vn -0.742211 0.610046 0.27743
v 37.6038 -141.551 1465.97
vn 0.728643 -0.22287 -0.647618
v 37.2945 -139.751 1453.97
vn 0.811101 -0.151938 -0.564828
v 38.1116 -139.101 1454.97
vn -0.851994 0.459711 0.250542
v 38.3116 -139.151 1462.48
vn -0.964763 0.234813 0.11872
v 38.3726 -138.951 1462.57
vn -0.921565 0.315349 0.226435
v 38.4445 -138.751 1462.77
vn 0.713708 0.113316 -0.691217
v 37.7945 -137.551 1454.57
vn 0.63787 0.00278543 -0.770139
v 37.9116 -136.613 1454.97
vn 0.631356 0.0245205 -0.775105
v 38.2469 -135.951 1454.97
vn -0.346694 0.449937 -0.823019
v 36.9116 -132.151 1455.33
vn -0.871482 -0.0414794 0.48867
v 37.7163 -132.751 1457.37
vn -0.884605 0.0197319 0.465923
v 38.207 -133.351 1457.97
vn -0.145051 0.742903 -0.653495
v 37.1116 -131.899 1455.57
vn -0.570947 0.114377 -0.81298
v 37.3116 -131.351 1455.85
vn -0.734228 0.19334 -0.650791
v 37.3116 -130.951 1455.9
vn 0.277157 0.155244 -0.9482
v 37.5117 -131.151 1455.91
vn 0.39171 0.322481 -0.861725
v 37.5117 -130.951 1455.96
vn -0.871222 0.455852 -0.18213
v 37.0913 -131.551 1455.97
vn -0.918955 0.312095 0.241077
v 37.2913 -130.551 1456.17
vn 0.200085 0.568563 -0.797936
v 37.5117 -130.513 1456.17
vn 0.548474 0.421476 -0.722173
v 37.9116 -130.602 1456.37
vn 0.484527 0.244772 -0.839833
v 38.3116 -131.951 1456.1
vn -0.933836 0.0450483 0.354852
v 37.9116 -130.519 1458.17
vn -0.880938 -0.0729478 0.467575
v 38.2226 -131.751 1458.37
vn -0.261354 0.833621 -0.48659
v 37.7116 -130.169 1456.57
vn -0.927959 0.338885 0.155079
v 37.7641 -129.951 1456.97
vn -0.935186 0.291603 0.200985
v 37.7976 -129.951 1457.17
vn -0.79675 0.544607 -0.261903
v 37.8351 -129.751 1457.17
vn -0.270881 0.859466 -0.433522
v 37.9116 -129.951 1456.88
vn -0.513889 0.243963 -0.822435
v 37.9116 -129.751 1456.94
vn 0.475311 0.359211 -0.803148
v 38.1116 -130.151 1456.9
vn -0.0271546 -0.00896539 -0.999591
v 38.1116 -129.151 1456.81
vn 0.202671 -0.112791 -0.97273
v 38.3116 -129.951 1457.02
vn -0.986071 0.166091 0.00887561
v 37.9116 -128.551 1456.97
vn 0.190896 0.332917 -0.923431
v 38.1116 -128.551 1456.93
vn 0.026678 -0.967009 -0.253343
v 39.1116 -147.48 1476.37
vn -0.41001 -0.903715 -0.123251
v 38.7117 -147.618 1477.17
vn -0.794383 -0.602036 0.0806706
v 38.6197 -147.751 1478.37
vn -0.94249 -0.19004 0.27495
v 38.9538 -146.951 1480.17
vn -0.837087 0.440412 0.324535
v 39.1382 -146.551 1480.17
vn -0.933444 -0.123655 0.336736
v 39.4976 -147.151 1481.77
vn -0.61836 0.671523 0.408274
v 39.7117 -146.785 1481.77
vn -0.646871 0.689108 0.326633
v 39.1116 -144.062 1475.37
vn -0.698783 0.622488 0.352436
v 39.9116 -141.771 1471.57
vn 0.63291 -0.670857 -0.386491
v 38.7117 -141.141 1457.17
vn 0.818388 -0.336177 -0.466076
v 38.9851 -140.551 1456.97
vn -0.645267 0.699228 0.307752
v 38.7117 -140.58 1466.97
vn 0.850546 -0.148844 -0.504397
v 38.9851 -139.751 1456.57
vn 0.927958 0.0811882 -0.363734
v 39.1038 -139.551 1456.77
vn 0.921778 -0.126922 -0.366355
v 39.0382 -139.351 1456.57
vn 0.917347 0.0107336 -0.397943
v 39.232 -139.751 1456.97
vn 0.914533 -0.115975 -0.387531
v 39.1116 -139.351 1456.98
vn 0.861101 -0.332701 -0.384468
v 39.1413 -139.151 1456.77
vn 0.909526 0.0292944 -0.414613
v 39.3116 -139.551 1457.29
vn 0.777941 -0.387207 -0.494851
v 39.3851 -139.351 1457.37
vn 0.712288 -0.481581 -0.510613
v 39.3116 -139.08 1456.97
vn 0.805655 -0.333456 -0.489619
v 39.882 -138.751 1457.37
vn 0.854604 -0.319973 -0.408986
v 39.7538 -139.951 1458.57
vn -0.611326 0.726837 0.31303
v 39.0507 -139.951 1466.17
vn -0.897763 0.349615 0.26794
v 39.3507 -139.751 1467.37
vn 0.81472 -0.13364 -0.564244
v 38.8726 -138.151 1455.77
vn 0.79381 0.0305195 -0.607399
v 39.1116 -137.486 1456.17
vn 0.700381 -0.290697 -0.651891
v 39.3116 -137.195 1456.37
vn 0.874237 0.0187123 -0.485139
v 39.7117 -137.951 1457.05
vn 0.82946 -0.211518 -0.516968
v 39.7632 -137.551 1457.17
vn 0.773513 -0.293673 -0.561635
v 39.9788 -136.951 1456.97
vn -0.807338 0.496532 0.318843
v 39.1663 -137.551 1463.17
vn -0.883397 0.366184 0.292436
v 39.5117 -137.327 1463.77
vn -0.947066 0.181978 0.264482
v 39.8007 -137.151 1464.57
vn 0.691193 -0.170035 -0.702382
v 39.0643 -136.551 1455.77
vn -0.887943 0.308446 0.341201
v 38.6632 -136.351 1460.17
vn -0.74971 0.560976 0.351056
v 39.0494 -136.751 1461.57
vn -0.87615 0.36979 0.309217
v 39.182 -136.551 1461.57
vn 0.636013 0.103208 -0.764745
v 38.5117 -133.151 1456.07
vn 0.520334 0.00672115 -0.853937
v 38.9116 -132.751 1456.32
vn 0.649884 0.0662525 -0.75714
v 39.1116 -133.351 1456.53
vn 0.637791 0.144289 -0.756574
v 39.1116 -132.551 1456.44
vn 0.553448 0.136755 -0.82158
v 39.5117 -131.351 1457.4
vn -0.885638 -0.0612956 0.460312
v 38.8382 -130.751 1459.77
vn -0.905199 -0.065933 0.419842
v 38.9601 -131.351 1459.97
vn 0.193977 -0.197969 -0.960823
v 38.9116 -129.751 1456.99
vn 0.43267 0.132346 -0.891786
v 39.1116 -129.551 1457.05
vn 0.400917 -0.133036 -0.906403
v 39.7117 -130.351 1457.39
vn 0.685749 0.131944 -0.715778
v 40.0011 -130.151 1457.57
vn -0.893928 -0.0397019 0.446449
v 39.9757 -129.751 1461.77
vn -0.18343 0.5115 -0.839477
v 38.5117 -127.151 1457.69
vn -0.979675 0.0648814 0.18981
v 38.6507 -125.951 1458.37
vn -0.970592 0.0679479 0.230941
v 39.1116 -125.632 1460.17
vn -0.885047 -0.123925 0.448702
v 39.8507 -126.751 1462.57
vn -0.449964 0.220164 -0.865483
v 38.7117 -125.551 1458.32
vn -0.808094 0.0427906 -0.587497
v 38.7117 -124.951 1458.36
vn -0.469767 0.713462 -0.519894
v 38.782 -124.751 1458.57
vn -0.961693 0.107722 0.252077
v 38.8382 -124.751 1458.77
vn -0.066468 0.223292 -0.972483
v 38.9116 -125.351 1458.27
vn 0.174309 0.250835 -0.952207
v 38.9116 -125.151 1458.31
vn 0.340527 0.313598 -0.886396
v 39.1116 -124.551 1458.55
vn 0.42707 0.227726 -0.875073
v 39.5117 -125.551 1458.43
vn -0.968756 0.0986145 0.227569
v 39.1476 -124.551 1459.97
vn -0.944857 0.132625 0.299425
v 39.3788 -124.951 1461.37
vn -0.948535 0.00128739 0.316669
v 39.7117 -125.151 1462.21
vn -0.91209 0.115948 0.393254
v 39.7117 -124.251 1461.57
vn -0.978365 0.110848 0.174684
v 39.1116 -123.54 1458.97
vn 0.540759 0.418256 -0.729822
v 39.7117 -123.951 1459.11
vn -0.0655362 0.807366 -0.586401
v 39.2163 -122.951 1459.77
vn 0.553194 0.562989 -0.614019
v 39.3116 -123.234 1459.37
vn -0.584002 0.590717 -0.556772
v 39.3116 -122.951 1459.67
vn 0.301743 -0.15035 -0.94146
v 39.7117 -122.551 1459.66
vn 0.561284 0.236708 -0.793051
v 39.9116 -123.351 1459.84
vn -0.955977 -0.06322 0.286551
v 39.3726 -122.951 1461.17
vn -0.97377 0.152291 0.169052
v 39.6976 -123.951 1461.97
vn -0.883248 -0.155775 0.442276
v 39.7788 -123.551 1461.77
vn -0.818092 -0.0900918 -0.567987
v 39.1101 -121.751 1459.77
vn -0.972316 0.198451 -0.123361
v 39.1663 -121.351 1460.17
vn -0.893915 -0.114033 -0.433489
v 39.3116 -122.351 1459.52
vn -0.47065 0.420014 -0.775936
v 39.3116 -121.525 1459.77
vn 0.394046 0.135966 -0.908978
v 39.7117 -122.351 1459.63
vn -0.983758 -0.0669288 0.166554
v 39.2913 -122.351 1460.97
vn -0.944723 -0.0598492 0.32236
v 39.3116 -121.751 1461.98
vn -0.984435 -0.0263756 0.173757
v 39.2195 -120.751 1460.57
vn -0.596651 0.532459 -0.600413
v 39.3116 -120.751 1460.46
vn 0.38182 0.49954 -0.777607
v 39.5117 -120.751 1460.5
vn -0.829115 0.263141 -0.49328
v 39.2601 -119.951 1460.97
vn -0.930412 -0.0345884 0.36488
v 39.5117 -120.551 1462.35
vn 0.465336 0.352358 -0.811976
v 39.5117 -119.551 1460.94
vn -0.943094 -0.054252 0.328072
v 39.5351 -119.351 1462.77
vn -0.918283 -0.0348781 0.394387
v 39.8288 -119.751 1463.57
vn -0.895254 0.176161 0.409253
v 39.8257 -119.351 1463.37
vn -0.906305 0.185345 -0.379814
v 39.3116 -118.879 1461.37
vn -0.994147 0.002793 0.107999
v 39.4476 -118.551 1462.17
vn -0.0620954 0.722503 -0.688573
v 39.5117 -118.862 1461.37
vn -0.393988 0.851546 -0.345893
v 39.5117 -118.637 1461.77
vn -0.919909 0.172452 -0.352177
v 39.5117 -117.951 1462.3
vn 0.339996 0.390188 -0.855661
v 39.7117 -118.353 1462.17
vn -0.998427 0.0228629 -0.0511849
v 39.4445 -117.751 1462.57
vn -0.956096 -0.166888 0.240891
v 39.5476 -118.151 1463.37
vn -0.896564 -0.0469874 0.440414
v 39.8601 -119.151 1463.37
vn 0.38737 0.590428 -0.708053
v 39.7117 -117.921 1462.37
vn -0.917774 -0.172445 0.357706
v 40.0976 -118.351 1464.17
vn -0.54778 0.605409 -0.577423
v 39.4649 -117.351 1462.97
vn -0.301359 0.625973 -0.719264
v 39.5117 -116.551 1463.65
vn -0.521307 0.621447 -0.584845
v 39.2882 -116.351 1464.17
vn -0.393493 0.68438 -0.613831
v 39.5117 -116.043 1464.37
vn 0.545596 0.674587 -0.49725
v 39.7117 -116.405 1463.97
vn -0.902041 -0.246969 0.354018
v 39.7882 -116.551 1464.97
vn -0.949537 0.0883696 0.300949
v 39.8476 -116.351 1465.17
vn -0.50285 -0.511978 0.696434
v 39.7117 -116.151 1464.96
vn -0.984231 0.0271681 0.174788
v 39.9116 -116.551 1465.44
vn -0.968949 0.165717 0.18351
v 39.9116 -116.309 1465.37
vn 0.604494 0.700895 -0.378594
v 39.9116 -116.118 1464.77
vn -0.371829 0.542864 0.753022
v 39.9116 -116.151 1465.06
vn -0.697257 0.688269 -0.200296
v 39.9228 -116.151 1465.57
vn -0.994879 -0.0070992 0.100822
v 40.0038 -116.151 1466.37
vn -0.993312 0.0516658 -0.103253
v 39.2467 -115.951 1464.77
vn -0.251433 0.64897 -0.718067
v 39.3116 -115.899 1464.57
vn 0.362091 0.831131 -0.422033
v 39.5117 -115.84 1464.77
vn -0.799783 0.599075 -0.038148
v 40.0913 -115.951 1466.57
vn -0.293647 -0.950699 -0.0997152
v 41.1116 -149.605 1484.17
vn -0.445672 -0.892157 0.073701
v 41.5117 -149.677 1484.97
vn -0.899914 -0.313112 0.303505
v 40.2351 -148.751 1483.17
vn -0.909412 -0.227989 0.347838
v 40.3913 -148.351 1483.77
vn -0.790513 -0.596175 0.140228
v 40.6351 -149.151 1483.57
vn -0.857484 -0.436349 0.27262
v 40.8851 -149.351 1484.37
vn -0.691277 -0.721016 0.0476535
v 40.9116 -149.461 1484.17
vn -0.620698 -0.75515 0.21091
v 41.0608 -149.551 1484.37
vn -0.296478 -0.936319 -0.188171
v 40.9116 -149.337 1483.37
vn -0.814604 -0.513102 0.270456
v 41.2007 -149.351 1485.17
vn -0.921048 -0.184092 0.343192
v 41.2195 -148.551 1485.77
vn -0.501205 0.729501 0.465426
v 40.5117 -146.94 1482.77
vn -0.66594 0.601313 0.441529
v 41.5215 -147.751 1485.37
vn 0.365538 -0.87249 -0.324257
v 41.3116 -145.887 1473.37
vn -0.582555 0.693856 0.423313
v 41.5117 -145.899 1482.57
vn 0.81253 -0.513861 -0.275213
v 41.3713 -143.751 1468.77
vn -0.496068 0.787193 0.366394
v 40.1116 -143.346 1475.57
vn -0.507157 0.77479 0.377482
v 41.1116 -144.177 1478.37
vn 0.896758 -0.335327 -0.288758
v 40.4288 -140.951 1460.77
vn 0.974062 -0.182123 -0.134289
v 40.6163 -140.951 1461.97
vn 0.808195 -0.540665 -0.233457
v 40.7971 -140.551 1462.17
vn 0.983327 -0.0702536 -0.167726
v 40.6976 -141.351 1462.57
vn 0.923732 -0.270957 -0.270741
v 40.8851 -141.351 1463.57
vn 0.931923 -0.269985 -0.242132
v 40.7358 -140.951 1462.97
vn 0.727906 -0.602855 -0.326678
v 41.3223 -140.951 1464.17
vn 0.792958 -0.460532 -0.398909
v 40.2038 -139.951 1459.37
vn 0.836489 -0.386073 -0.388889
v 40.5007 -139.351 1459.17
vn 0.908577 -0.169291 -0.381874
v 40.6257 -138.751 1459.17
vn 0.881156 -0.34491 -0.323422
v 41.0663 -139.351 1460.57
vn -0.808591 0.498193 0.313024
v 40.9116 -138.937 1469.97
vn 0.845319 -0.385872 -0.369512
v 41.1726 -138.151 1460.17
vn 0.833374 -0.325202 -0.446913
v 41.3288 -137.551 1459.77
vn -0.928575 0.175684 0.32693
v 41.582 -137.551 1471.17
vn 0.845423 -0.0337519 -0.53303
v 40.5757 -135.551 1457.57
vn 0.895233 0.110312 -0.431728
v 40.8695 -135.551 1458.17
vn 0.885249 -0.117289 -0.450086
v 41.3507 -136.351 1459.17
vn 0.768752 0.150024 -0.621701
v 40.1116 -134.751 1457.13
vn 0.840606 0.0891554 -0.534259
v 40.4788 -133.951 1457.77
vn 0.910374 -0.0447257 -0.411362
v 41.6538 -133.951 1460.37
vn -0.938568 0.111169 0.326699
v 40.1116 -133.751 1462.96
vn -0.941447 0.145299 0.304246
v 41.5007 -133.751 1467.77
vn 0.731228 -0.0866963 -0.676601
v 40.5382 -132.551 1458.17
vn 0.685392 -0.422571 -0.593018
v 41.1116 -132.951 1458.97
vn 0.853216 -0.136459 -0.503389
v 41.1757 -133.551 1459.37
vn 0.758311 -0.227381 -0.610952
v 41.6101 -132.551 1459.17
vn 0.859374 0.0548796 -0.508394
v 41.6226 -132.151 1459.17
vn 0.665359 -0.0379526 -0.745558
v 40.9116 -131.751 1458.33
vn 0.858679 0.274918 -0.432541
v 41.507 -130.951 1459.17
vn -0.944912 0.0684789 0.320082
v 41.5726 -131.351 1465.97
vn 0.87843 0.243427 -0.411223
v 41.1538 -130.151 1459.17
vn 0.903987 0.19371 -0.381161
v 41.4101 -130.151 1460.17
vn -0.92968 0.0631635 0.362912
v 41.3538 -128.951 1465.77
vn 0.648514 0.133562 -0.749394
v 40.5382 -127.751 1458.77
vn 0.816635 -0.0477198 -0.575178
v 40.7382 -128.351 1458.97
vn 0.724794 -0.0362303 -0.688012
v 41.5117 -127.951 1459.57
vn -0.894809 -0.0962153 0.435958
v 40.532 -127.351 1463.37
vn -0.932124 0.0137726 0.361876
v 41.4226 -127.951 1465.37
vn 0.579327 0.0931933 -0.80975
v 40.5117 -126.951 1458.71
vn -0.882544 -0.214574 0.41842
v 40.7726 -126.951 1464.17
vn -0.918449 -0.107003 0.380792
v 41.382 -125.951 1465.77
vn 0.665462 0.382048 -0.641248
v 40.7672 -125.151 1459.37
vn 0.728687 0.339188 -0.594952
v 40.8851 -124.751 1459.97
vn 0.785128 0.281847 -0.551486
v 41.3195 -125.551 1459.77
vn 0.758184 0.487952 -0.432504
v 41.3116 -125.351 1459.94
vn 0.840078 0.395006 -0.371805
v 41.6226 -125.551 1460.37
vn 0.591918 0.153901 -0.791169
v 41.1116 -123.951 1460.49
vn 0.553018 -0.0630201 -0.830782
v 41.2312 -123.551 1460.57
vn 0.539815 0.0327996 -0.841145
v 41.1228 -122.951 1460.37
vn -0.937948 -0.0658347 0.34047
v 40.3726 -123.351 1463.37
vn -0.930697 -0.0310657 0.36447
v 41.1116 -123.951 1465.78
vn 0.524705 0.459335 -0.716726
v 40.1116 -121.751 1460.07
vn 0.644154 0.410924 -0.645141
v 40.3116 -120.98 1460.97
vn 0.64769 0.673238 -0.356718
v 40.7117 -121.64 1460.77
vn 0.666424 0.476584 -0.573364
v 41.2726 -122.151 1460.77
vn 0.627066 0.716088 -0.306602
v 41.3116 -122.09 1461.37
vn 0.671981 0.693476 -0.259868
v 41.5117 -122.215 1461.17
vn -0.940948 -0.0575783 0.333618
v 40.3116 -121.351 1464.44
vn 0.59414 0.503859 -0.626996
v 40.2362 -119.351 1461.57
vn -0.930648 -0.0889633 0.354937
v 40.1288 -120.751 1463.57
vn 0.729905 0.411354 -0.545918
v 41.5413 -119.951 1462.57
vn -0.919486 -0.00654013 0.393069
v 40.132 -119.551 1464.17
vn 0.650595 0.509513 -0.563136
v 40.5507 -118.551 1462.77
vn 0.713728 0.561704 -0.418427
v 41.5945 -117.751 1464.97
vn -0.946152 -0.167275 0.277155
v 41.0632 -118.351 1467.97
vn -0.862542 -0.409971 0.296554
v 40.1226 -116.951 1465.37
vn 0.471321 0.850221 -0.234479
v 40.1116 -116.224 1464.97
vn 0.293517 0.909782 -0.293503
v 40.1116 -116.151 1465.21
vn -0.76846 -0.561429 0.307028
v 40.1445 -116.351 1466.37
vn -0.85216 -0.374326 0.365655
v 40.1116 -116.198 1466.57
vn -0.704074 0.708508 -0.0479185
v 40.1116 -115.959 1465.77
vn -0.741403 0.657519 -0.134132
v 40.1116 -115.995 1466.17
vn -0.785053 -0.506381 0.356749
v 40.3788 -116.551 1466.57
vn 0.504755 0.799195 -0.326357
v 40.3116 -116.04 1465.77
vn 0.526239 0.784571 -0.327905
v 40.3116 -115.971 1465.97
vn 0.699058 0.639784 -0.319367
v 41.3966 -117.151 1465.57
vn -0.982754 0.149766 0.108461
v 40.8882 -116.551 1468.97
vn -0.970171 0.153279 0.187811
v 40.8882 -116.351 1469.37
vn -0.837977 -0.500847 0.216672
v 41.307 -116.951 1469.97
vn -0.893908 -0.380586 0.236816
v 41.4388 -117.151 1469.57
vn -0.84056 -0.484883 0.241554
v 41.6288 -117.151 1470.57
vn -0.880017 -0.331803 0.33982
v 40.1163 -115.951 1466.77
vn 0.306777 0.883912 -0.352969
v 40.3116 -115.696 1466.57
vn -0.834192 -0.438657 0.334221
v 40.2851 -115.751 1467.37
vn -0.826013 0.533334 -0.182368
v 40.2288 -115.551 1467.37
vn -0.768757 -0.476536 0.426527
v 40.4543 -115.951 1467.37
vn -0.862549 -0.360131 0.355409
v 40.3116 -115.551 1467.75
vn -0.807525 0.559973 -0.185293
v 40.3216 -115.351 1467.57
vn 0.570436 0.745442 -0.344846
v 40.7117 -115.356 1467.77
vn -0.609308 0.547134 0.573924
v 40.7117 -115.546 1468.17
vn 0.452321 0.83304 -0.318512
v 41.3116 -115.746 1468.37
vn -0.956936 0.283146 0.0640489
v 41.0132 -115.951 1468.77
vn -0.892606 0.434657 0.119694
v 41.1116 -115.727 1468.77
vn -0.87064 0.460314 0.173484
v 41.5117 -115.398 1469.97
vn -0.0536667 -0.973901 -0.220535
v 41.9116 -149.751 1484.8
vn -0.874036 -0.423228 0.23862
v 42.0476 -149.351 1487.97
vn -0.837438 0.369303 0.40288
v 42.7117 -148.951 1488.95
vn -0.892861 0.263524 0.365176
v 42.9163 -148.751 1489.37
vn -0.650037 0.65732 0.38129
v 42.9116 -147.551 1487.82
vn 0.756463 -0.569197 -0.322147
v 41.8507 -143.751 1470.17
vn 0.770958 -0.556556 -0.309626
v 41.7445 -141.751 1466.97
vn 0.768958 -0.553018 -0.32074
v 41.8132 -140.351 1463.77
vn 0.860412 -0.371906 -0.348391
v 41.7663 -139.551 1462.97
vn 0.838945 -0.410674 -0.357096
v 42.4632 -138.751 1463.17
vn 0.844374 -0.429088 -0.320805
v 43.0351 -139.951 1466.37
vn -0.899438 0.285645 0.330784
v 41.832 -138.751 1471.97
vn 0.879499 -0.264237 -0.395803
v 41.9976 -137.551 1460.97
vn 0.970485 0.0127495 -0.240823
v 43.232 -137.751 1464.97
vn 0.951019 -0.134968 -0.278114
v 43.1663 -137.151 1465.17
vn 0.943071 0.0142369 -0.332288
v 41.7757 -136.551 1460.17
vn 0.929992 -0.157191 -0.332274
v 43.0882 -136.551 1464.57
vn 0.934085 -0.0957578 -0.343969
v 43.2445 -135.751 1464.77
vn 0.796724 -0.359465 -0.485814
v 41.7117 -133.714 1460.37
vn 0.910156 -0.231161 -0.343773
v 42.9116 -134.751 1463.38
vn 0.782065 -0.380139 -0.493831
v 42.1882 -133.151 1460.37
vn 0.905057 -0.0149237 -0.425028
v 42.1445 -132.751 1460.17
vn 0.927357 -0.125955 -0.35234
v 42.5117 -133.151 1461.09
vn 0.867453 0.42545 -0.257911
v 41.9788 -130.951 1460.77
vn 0.931094 0.0443269 -0.362077
v 42.7117 -131.351 1462.56
vn 0.936904 0.202884 -0.284692
v 43.007 -131.951 1462.57
vn 0.836787 -0.157432 -0.524407
v 41.7117 -130.351 1460.73
vn -0.977014 -0.0169381 0.212499
v 43.157 -130.151 1471.17
vn 0.828741 -0.148835 -0.539478
v 42.3116 -128.576 1460.77
vn -0.961787 -0.0154347 0.273364
v 43.0382 -127.351 1470.77
vn 0.846399 0.128126 -0.516906
v 42.3116 -126.751 1460.82
vn 0.894743 0.300527 -0.33033
v 42.7413 -126.951 1461.57
vn 0.900788 0.365977 -0.233758
v 42.7788 -126.551 1462.77
vn 0.901742 -0.109652 -0.418135
v 42.9757 -126.151 1462.77
vn 0.883327 0.441556 -0.157361
v 43.2413 -127.151 1463.77
vn 0.8515 0.288677 -0.437736
v 41.8632 -125.351 1460.97
vn 0.75013 0.15331 -0.643274
v 42.0632 -124.751 1461.17
vn 0.803546 0.0150097 -0.595054
v 42.3116 -125.151 1461.33
vn 0.900334 0.219785 -0.375624
v 42.3632 -124.951 1461.57
vn 0.864861 -0.0133301 -0.501835
v 42.3132 -124.351 1461.77
vn 0.929482 0.0545465 -0.364813
v 42.7757 -125.151 1462.77
vn 0.822178 -0.194566 -0.534946
v 42.8538 -124.151 1462.37
vn 0.858497 -0.221516 -0.462507
v 42.9116 -124.991 1462.97
vn 0.753803 0.170242 -0.634664
v 41.8163 -122.951 1460.97
vn 0.757116 0.451137 -0.472495
v 42.2007 -122.551 1461.77
vn 0.847523 0.15961 -0.506191
v 42.6601 -123.351 1461.97
vn 0.892196 0.292883 -0.343811
v 43.2101 -122.951 1463.57
vn 0.618174 0.650361 -0.441465
v 41.8685 -122.351 1461.57
vn 0.737 0.415781 -0.532877
v 42.2476 -121.951 1462.57
vn 0.900101 0.187043 -0.393489
v 43.007 -121.151 1464.17
vn 0.852131 0.395631 -0.342561
v 42.982 -120.751 1464.37
vn 0.862164 0.474821 -0.176689
v 43.082 -120.551 1465.77
vn -0.947224 -0.144979 0.285914
v 42.2132 -120.151 1470.17
vn -0.958859 -0.069931 0.275134
v 43.1726 -120.151 1474.17
vn 0.837441 0.414656 -0.356025
v 42.2382 -119.151 1464.97
vn 0.840862 0.424729 -0.335494
v 43.107 -118.951 1466.97
vn -0.937346 -0.21935 0.27068
v 42.5132 -118.351 1471.77
vn -0.914856 -0.226174 0.33449
v 42.0413 -116.151 1472.77
vn 0.728514 0.607574 -0.316419
v 41.9116 -115.751 1469.56
vn 0.397504 0.88922 -0.226447
v 41.9287 -115.351 1470.57
vn -0.738075 0.662706 0.126748
v 42.0882 -115.351 1472.57
vn -0.0723435 0.993695 -0.0856543
v 42.3116 -115.212 1472.17
vn -0.56979 0.820073 0.0530874
v 42.3116 -115.178 1472.97
vn 0.567514 0.789891 -0.232381
v 43.1116 -115.351 1473.28
vn -0.864927 0.400262 0.302805
v 42.7117 -115.145 1474.77
vn -0.496692 0.863937 0.0831244
v 42.9116 -114.951 1474.54
vn -0.38497 0.881884 0.272173
v 43.1116 -114.951 1475.26
vn -0.650386 -0.62922 0.425535
v 44.2195 -151.351 1491.97
vn -0.745316 -0.619665 0.246006
v 44.3116 -151.546 1491.77
vn -0.128559 -0.984375 -0.120324
v 44.7117 -151.724 1491.97
vn -0.711838 0.587318 0.385153
v 43.7117 -150.151 1492.44
vn -0.723593 -0.5749 0.381974
v 44.1116 -150.949 1492.37
vn -0.890847 0.309708 0.332375
v 44.082 -150.151 1493.17
vn -0.781106 -0.382158 0.493791
v 44.1116 -150.351 1493.25
vn -0.959813 0.0376181 0.278106
v 44.3116 -149.829 1493.77
vn -0.855454 -0.292006 0.427705
v 44.4059 -149.751 1494.17
vn -0.797704 -0.418747 0.433958
v 44.5117 -150.002 1493.97
vn -0.85371 0.388814 0.346414
v 43.3116 -148.061 1489.57
vn -0.89932 0.144003 0.412899
v 43.5117 -149.151 1490.74
vn -0.81043 0.437957 0.389097
v 43.8101 -149.551 1491.57
vn -0.842255 0.311503 0.439968
v 44.0788 -148.551 1491.77
vn -0.264715 0.908504 0.323335
v 44.5704 -148.351 1491.57
vn -0.966848 -0.132205 0.218464
v 44.7601 -148.151 1492.17
vn -0.863133 -0.465281 0.196252
v 44.7913 -148.151 1492.57
vn -0.877442 0.296571 0.377017
v 44.3726 -149.551 1494.17
vn -0.858583 0.383858 0.339836
v 44.507 -149.151 1492.97
vn -0.637881 0.715311 0.285374
v 44.7117 -148.993 1493.77
vn -0.260825 0.910767 0.320116
v 44.7117 -148.737 1492.77
vn -0.268779 -0.680366 0.681806
v 44.7117 -149.551 1494.53
vn 0.66291 -0.648131 -0.374802
v 44.5117 -147.459 1480.97
vn -0.332164 0.884648 0.327208
v 43.5117 -147.89 1489.37
vn -0.522367 0.778229 0.348557
v 43.5117 -147.551 1488.46
vn -0.87354 0.382284 0.301309
v 43.7117 -147.351 1488.65
vn -0.940702 0.225214 0.253689
v 44.8007 -147.951 1492.37
vn 0.711018 -0.584103 -0.391507
v 44.757 -143.551 1475.37
vn -0.720519 0.578721 0.382013
v 44.557 -143.951 1483.37
vn -0.895274 0.242433 0.373778
v 43.4507 -140.351 1477.17
vn -0.925221 0.12989 0.356504
v 43.5195 -140.151 1477.37
vn -0.867678 0.313914 0.385478
v 44.7117 -141.551 1480.77
vn 0.949519 -0.0988982 -0.297714
v 44.4882 -139.351 1470.17
vn 0.950599 -0.0950201 -0.29552
v 44.4695 -138.551 1470.57
vn 0.981746 0.0197936 -0.189165
v 43.3695 -137.551 1466.17
vn 0.84785 -0.466174 -0.252649
v 43.5413 -137.351 1466.57
vn 0.950673 0.247781 -0.186613
v 43.6757 -137.951 1467.17
vn 0.938596 0.277838 -0.204556
v 43.6601 -137.751 1467.37
vn 0.931403 0.305615 -0.197707
v 43.5445 -137.551 1467.17
vn 0.812144 -0.423011 -0.401851
v 43.8195 -137.551 1467.57
vn 0.704148 -0.616083 -0.353012
v 43.7445 -137.351 1467.17
vn 0.906279 -0.267934 -0.326909
v 44.8632 -137.551 1470.77
vn 0.897968 -0.287275 -0.333357
v 43.8038 -136.751 1466.37
vn 0.946905 -0.100364 -0.305449
v 44.0788 -135.351 1467.77
vn -0.930607 0.0365629 0.364189
v 44.7445 -135.751 1478.37
vn 0.936382 -0.177193 -0.302972
v 44.4445 -133.751 1467.57
vn 0.960872 0.22547 -0.160895
v 43.7038 -132.551 1465.37
vn 0.902383 0.42047 -0.0943929
v 44.0163 -132.951 1467.17
vn 0.933542 0.317336 -0.166727
v 43.4226 -131.951 1464.57
vn 0.911865 0.408451 -0.0408624
v 43.4351 -131.951 1465.37
vn 0.936858 0.231501 -0.262117
v 43.4851 -131.751 1464.97
vn 0.894382 -0.331254 -0.300585
v 43.7882 -131.551 1465.57
vn 0.940214 -0.170275 -0.294966
v 43.9116 -131.951 1466.46
vn 0.960187 -0.118761 -0.252858
v 44.0507 -131.351 1466.37
vn 0.967058 -0.0740924 -0.243535
v 44.4195 -130.551 1467.77
vn -0.951466 0.0553848 0.302729
v 43.9601 -130.951 1474.77
vn 0.961773 -0.018636 -0.273213
v 44.7913 -128.951 1468.97
vn 0.943008 0.271941 -0.191789
v 44.8945 -128.951 1470.17
vn -0.971964 -0.0212657 0.234165
v 43.4132 -129.751 1473.17
vn 0.94325 -0.0777092 -0.322862
v 43.457 -127.751 1463.17
vn 0.96364 0.185451 -0.192367
v 43.5507 -127.351 1464.97
vn 0.956076 -0.125225 -0.265023
v 43.857 -127.551 1466.77
vn 0.926661 0.352986 -0.129232
v 43.9757 -127.951 1466.97
vn 0.953871 0.0823712 -0.288695
v 43.4882 -126.151 1464.37
vn 0.93045 -0.208599 -0.301247
v 43.7695 -126.751 1465.37
vn 0.956989 -0.107747 -0.269374
v 44.1632 -126.951 1466.77
vn 0.968614 -0.026224 -0.247183
v 44.4132 -126.551 1468.37
vn 0.940987 -0.177021 -0.288456
v 44.3757 -125.951 1467.77
vn 0.9283 -0.0672701 -0.365695
v 43.3116 -125.551 1464.08
vn 0.945423 -0.0551282 -0.321148
v 43.757 -124.151 1464.37
vn -0.962856 -0.0538652 0.264589
v 44.1695 -125.351 1475.77
vn -0.96033 -0.00236636 0.278857
v 44.2476 -124.351 1475.77
vn 0.916909 0.0473927 -0.396271
v 43.3116 -123.851 1463.17
vn 0.957551 0.109949 -0.26647
v 43.9116 -122.673 1466.77
vn 0.947003 0.169812 -0.272672
v 43.982 -120.951 1468.57
vn 0.927742 0.293749 -0.230231
v 44.1163 -121.751 1467.17
vn 0.913161 0.373037 -0.164257
v 44.4476 -121.951 1468.97
vn 0.949024 0.232055 -0.213316
v 44.5538 -121.551 1470.37
vn 0.911096 0.30256 -0.27993
v 43.3351 -120.551 1466.77
vn 0.942504 0.101162 -0.318517
v 43.9195 -120.151 1468.37
vn 0.947335 0.170225 -0.271256
v 44.0507 -119.551 1469.17
vn -0.95485 -0.0959376 0.281171
v 43.9288 -118.951 1476.57
vn -0.962939 0.0946749 0.252558
v 44.232 -118.151 1478.17
vn -0.949538 -0.114231 0.292111
v 44.4288 -118.951 1478.77
vn 0.862309 0.417571 -0.286456
v 43.7351 -117.351 1471.57
vn -0.92726 -0.143975 0.345629
v 43.5663 -116.351 1476.57
vn -0.950437 -0.0618026 0.304714
v 44.2726 -117.351 1477.57
vn -0.903279 -0.269846 0.333572
v 44.4945 -116.151 1478.97
vn 0.288171 0.957017 -0.0327999
v 43.3116 -114.965 1475.37
vn -0.827828 0.415695 0.376694
v 43.5117 -115.332 1476.37
vn 0.47843 0.870612 -0.114629
v 43.7117 -115.134 1475.77
vn -0.224458 0.952151 0.207432
v 43.7117 -115.151 1476.24
vn 0.557293 0.791178 -0.251917
v 44.1428 -115.351 1476.37
vn 0.777036 0.574033 -0.258265
v 44.5101 -115.951 1475.57
vn -0.963661 0.0649931 0.259101
v 43.7601 -115.751 1477.37
vn -0.598235 0.796224 0.0902366
v 43.7117 -115.343 1476.97
vn -0.0295347 0.998874 0.0371217
v 43.9116 -115.165 1476.77
vn -0.404323 0.910771 -0.0837791
v 43.9331 -115.151 1477.17
vn 0.0634866 0.971607 -0.227924
v 44.1116 -115.152 1476.97
vn -0.958862 0.0457321 0.280166
v 44.2757 -115.151 1479.37
vn -0.268195 0.95177 -0.149016
v 44.3116 -114.724 1478.57
vn 0.323079 0.920394 -0.220216
v 44.7117 -114.602 1479.17
vn -0.852005 0.454664 0.259555
v 44.7117 -114.597 1480.17
vn 0.155234 -0.959065 -0.236849
v 44.9116 -151.702 1491.77
vn -0.403843 -0.756513 0.514392
v 45.1116 -151.612 1492.37
vn 0.334672 -0.913535 -0.231188
v 45.7117 -151.64 1492.57
vn -0.297478 -0.928886 0.22063
v 46.0656 -151.551 1493.57
vn -0.686035 -0.441382 0.578393
v 46.232 -151.351 1493.97
vn -0.413584 -0.572934 0.707598
v 45.7117 -150.338 1494.17
vn 0.459548 -0.820394 -0.340249
v 44.9116 -149.299 1485.57
vn -0.86726 0.420559 0.266442
v 44.9116 -148.351 1492.47
vn -0.867551 -0.42337 0.260984
v 45.0695 -148.351 1493.17
vn -0.912933 0.284316 0.292775
v 45.2913 -148.551 1494.17
vn -0.687895 0.590417 0.422147
v 45.1116 -149.151 1494.75
vn -0.714905 0.631394 0.300422
v 45.2222 -148.951 1494.57
vn -0.359839 -0.373011 0.855207
v 45.3116 -149.351 1494.83
vn -0.765974 0.42946 0.47838
v 45.5445 -148.751 1494.97
vn -0.775713 0.550486 0.308599
v 45.5117 -148.151 1494.53
vn 0.609985 -0.684998 -0.398368
v 45.6663 -146.751 1482.37
vn -0.690874 0.648733 0.319121
v 44.9116 -145.351 1486.6
vn 0.830758 -0.370515 -0.415402
v 45.7663 -142.151 1475.57
vn 0.920463 -0.106856 -0.375939
v 45.6851 -140.151 1474.17
vn 0.935727 -0.0516539 -0.348923
v 45.3695 -139.151 1473.17
vn -0.88179 0.260711 0.393035
v 45.307 -139.751 1480.77
vn 0.871324 -0.262221 -0.41477
v 45.982 -136.951 1472.77
vn 0.846142 -0.313926 -0.43069
v 45.9476 -138.151 1473.97
vn -0.913581 0.137439 0.382728
v 45.1757 -137.551 1479.57
vn -0.92674 0.0110767 0.375539
v 45.9663 -135.551 1481.17
vn 0.952286 0.0826978 -0.293789
v 45.282 -134.351 1470.77
vn 0.948358 0.229033 -0.219455
v 45.6163 -134.151 1472.77
vn 0.893831 0.408076 -0.185848
v 45.9695 -134.751 1473.17
vn 0.930566 0.12965 -0.3424
v 45.9116 -134.351 1473.79
vn -0.932078 0.0900485 0.350887
v 45.4132 -132.951 1479.57
vn 0.902154 -0.217569 -0.372536
v 45.0538 -128.951 1470.97
vn 0.885513 -0.195181 -0.421629
v 45.4851 -128.951 1471.77
vn 0.936443 0.126739 -0.327126
v 45.5445 -129.551 1471.97
vn 0.925172 -0.0402385 -0.377408
v 46.4663 -129.151 1474.17
vn -0.951098 0.0409034 0.30617
v 45.0413 -129.351 1477.97
vn -0.951123 -0.0244559 0.307843
v 45.7163 -129.351 1480.17
vn 0.915563 -0.214577 -0.340148
v 44.9726 -128.551 1470.37
vn 0.956761 0.0338701 -0.288897
v 45.2007 -127.951 1470.77
vn 0.925527 -0.116278 -0.360389
v 45.3882 -127.551 1471.57
vn 0.959791 0.0255206 -0.279552
v 45.2476 -125.751 1470.17
vn 0.932515 -0.0371453 -0.359217
v 46.1116 -126.951 1472.73
vn -0.953084 -0.0200811 0.302038
v 44.9976 -126.951 1478.17
vn -0.939955 -0.0709128 0.333849
v 46.0945 -126.551 1481.17
vn 0.956418 0.149313 -0.250937
v 45.8445 -124.151 1472.97
vn 0.956433 0.122355 -0.265075
v 46.2413 -125.351 1473.77
vn -0.935713 0.04313 0.350117
v 45.2132 -125.351 1479.57
vn -0.941297 -0.020857 0.336934
v 45.6007 -124.951 1480.17
vn -0.943961 -0.158184 0.28968
v 46.2413 -124.151 1482.97
vn -0.905629 -0.332596 0.263089
v 46.4038 -124.751 1482.57
vn -0.953634 -0.0552298 0.295857
v 45.4507 -123.351 1480.17
vn 0.931369 0.328347 -0.157288
v 45.1882 -122.351 1471.77
vn 0.94478 0.0608474 -0.322008
v 45.0038 -121.551 1472.77
vn 0.917948 0.355298 -0.176451
v 45.1226 -122.151 1472.37
vn 0.918726 0.0132286 -0.394674
v 45.9116 -121.351 1474.57
vn -0.950219 -0.0411027 0.30886
v 46.007 -122.351 1481.57
vn 0.940289 -0.0310257 -0.33896
v 45.1757 -120.551 1472.57
vn 0.930899 0.22255 -0.289652
v 45.5757 -120.551 1473.97
vn -0.947364 -0.0917939 0.306718
v 45.5117 -120.151 1481.34
vn -0.946382 -0.0317214 0.321489
v 45.0507 -117.951 1480.37
vn 0.808291 0.513133 -0.288723
v 45.0226 -116.351 1476.57
vn 0.888679 0.270676 -0.370115
v 45.2257 -116.751 1476.57
vn -0.921163 -0.259193 0.290307
v 45.8394 -117.151 1483.57
vn -0.933844 -0.107836 0.341037
v 46.4195 -117.151 1485.77
vn 0.699256 0.638759 -0.32098
v 45.0601 -115.151 1478.57
vn 0.772019 0.556962 -0.306236
v 45.4757 -115.151 1479.57
vn 0.297576 0.95174 -0.0750932
v 45.3116 -114.562 1480.97
vn 0.622715 0.75194 -0.216362
v 45.5117 -114.751 1480.61
vn -0.883247 0.303816 0.35717
v 45.2226 -114.951 1482.17
vn -0.936266 -0.109588 0.333761
v 45.407 -115.151 1482.57
vn 0.0767885 0.992991 0.0898462
v 45.3116 -114.559 1481.57
vn 0.400216 0.916273 -0.0164734
v 45.5117 -114.612 1481.57
vn 0.642399 0.752046 -0.147483
v 45.9116 -114.865 1481.57
vn -0.924391 0.0511626 0.377999
v 45.7117 -114.951 1483.18
vn -0.246253 -0.95606 0.159087
v 46.5117 -151.646 1493.77
vn -0.18441 -0.976979 0.107265
v 46.7117 -151.618 1494.37
vn -0.826398 -0.159546 0.54001
v 46.907 -151.351 1494.97
vn -0.915436 -0.109592 0.387256
v 47.632 -151.551 1496.37
vn -0.613596 -0.779342 0.126988
v 47.7117 -151.646 1496.17
vn -0.745418 -0.66628 0.0205515
v 48.0226 -151.951 1497.57
vn -0.901438 0.105149 0.419945
v 47.4632 -151.151 1495.97
vn 0.656624 -0.682082 -0.321883
v 47.5117 -148.24 1487.97
vn -0.524392 -0.364699 0.76942
v 46.7117 -149.551 1495.24
vn -0.63726 0.0366328 0.769778
v 46.9224 -148.151 1495.97
vn -0.788197 0.559038 0.257338
v 47.4757 -146.751 1496.17
vn 0.555821 -0.71107 -0.43063
v 46.5117 -144.843 1479.97
vn 0.687207 -0.642891 -0.338286
v 47.5266 -145.951 1482.97
vn 0.716931 -0.550737 -0.427433
v 47.5288 -144.951 1481.57
vn -0.830993 0.434748 0.347052
v 46.5117 -143.333 1486.97
vn 0.899116 -0.175763 -0.400871
v 47.2163 -141.751 1477.97
vn 0.950137 0.00361746 -0.311812
v 47.9116 -142.151 1480.04
vn 0.846147 -0.286527 -0.449375
v 48.0882 -142.151 1480.57
vn 0.887068 -0.170418 -0.429031
v 46.7117 -140.351 1476.75
vn 0.930372 -0.0576596 -0.362054
v 47.3632 -141.351 1478.37
vn 0.787118 -0.374688 -0.489953
v 47.5117 -141.124 1478.57
vn 0.801248 -0.344682 -0.489077
v 46.7117 -138.265 1475.17
vn -0.91327 0.0683575 0.401579
v 47.3116 -137.151 1483.96
vn 0.92154 0.218908 -0.320692
v 46.632 -135.551 1474.57
vn 0.886555 0.0175999 -0.462289
v 47.3913 -134.951 1476.17
vn 0.801623 -0.23893 -0.548008
v 47.9913 -132.551 1477.77
vn -0.918881 0.103113 0.380823
v 47.107 -132.951 1483.57
vn 0.938216 0.138858 -0.316968
v 47.057 -131.351 1475.77
vn 0.864881 -0.0620802 -0.498123
v 47.1132 -131.151 1476.17
vn 0.916476 0.135455 -0.376462
v 47.7117 -130.423 1477.17
vn 0.851395 0.0529005 -0.521851
v 48.0132 -131.351 1477.37
vn -0.938813 -0.0973973 0.330369
v 46.6788 -130.951 1482.97
vn 0.914697 -0.0626073 -0.399263
v 46.7117 -129.151 1474.89
vn 0.893617 -0.000440368 -0.448831
v 47.4101 -130.351 1476.37
vn -0.920215 0.0249475 0.390617
v 46.832 -129.351 1483.37
vn -0.928322 -0.0917747 0.360272
v 46.9038 -129.151 1483.57
vn -0.902306 0.000694388 0.431095
v 47.5788 -129.751 1484.97
vn -0.935169 -0.0714635 0.346918
v 47.0788 -128.351 1484.37
vn 0.93374 0.187991 -0.304612
v 46.9695 -126.151 1476.17
vn 0.935241 0.0760804 -0.345741
v 47.0882 -125.751 1476.97
vn 0.913738 0.0988674 -0.394092
v 47.7117 -124.351 1477.98
vn -0.895348 -0.320097 0.309662
v 47.1116 -124.769 1484.97
vn -0.90826 -0.00623679 0.41836
v 47.2195 -124.551 1485.37
vn -0.904826 -0.255956 0.340261
v 47.432 -125.151 1485.17
vn -0.927277 0.0617771 0.369243
v 46.5788 -123.751 1483.77
vn -0.933418 -0.080357 0.349676
v 47.0538 -123.151 1484.77
vn -0.88755 0.0222515 0.460173
v 47.482 -123.751 1485.57
vn -0.894578 -0.070217 0.441361
v 47.6976 -123.751 1485.97
vn -0.921716 -0.0950375 0.376042
v 46.5117 -121.351 1484.4
vn -0.919073 -0.0828119 0.385288
v 46.7913 -119.951 1485.37
vn -0.919147 -0.162558 0.358808
v 46.8257 -118.151 1484.97
vn -0.902441 0.172751 0.394661
v 47.3116 -116.112 1487.57
vn -0.880207 0.0358662 0.473233
v 47.9945 -116.751 1489.37
vn -0.31246 0.864895 0.392842
v 47.9116 -116.378 1488.97
vn 0.337902 0.939419 0.0575653
v 46.9116 -115.318 1485.17
vn 0.0642205 0.972586 0.2235
v 47.5117 -115.865 1487.37
vn 0 -1 0
v 48.2976 -152.151 1498.37
vn -0.928228 0.130538 0.348358
v 48.2163 -151.951 1497.97
vn -0.909797 0.211524 0.35711
v 48.2445 -151.751 1497.97
vn -0.00379211 -0.987311 -0.158751
v 48.3116 -151.996 1497.57
vn 0.136147 -0.947917 -0.287953
v 48.3116 -152.056 1497.97
vn 0 -1 0
v 48.3116 -152.151 1498.11
vn 0 -1 0
v 48.4964 -152.151 1498.57
vn -0.715548 -0.447224 0.536639
v 48.4195 -152.151 1498.77
vn -0.715548 -0.447224 0.536639
v 48.5445 -152.351 1498.77
vn 0.788519 -0.543745 -0.287366
v 48.5117 -151.994 1497.97
vn 0.350028 -0.908314 -0.229012
v 48.6273 -152.151 1498.77
vn -0.715548 -0.447224 0.536639
v 48.5117 -152.151 1498.9
vn -0.638241 0.239347 0.731684
v 48.6487 -152.151 1498.97
vn -0.945503 0.192462 0.262645
v 48.5695 -151.751 1498.77
vn 0.868125 -0.445951 -0.217916
v 49.1086 -151.351 1498.97
vn -0.974258 -0.225156 0.0112071
v 48.6788 -152.551 1500.17
vn -0.996096 -0.0860241 0.0198277
v 48.6257 -152.351 1499.57
vn -0.948836 -0.306429 -0.0762293
v 48.7228 -152.751 1499.97
vn -0.907819 0.276436 0.315354
v 48.7117 -152.351 1500.02
vn -0.855291 0.252369 0.452535
v 48.9101 -151.951 1500.17
vn 0.722093 -0.40352 0.56192
v 48.9116 -152.413 1499.97
vn -0.242924 -0.946937 0.210471
v 48.9116 -152.351 1500.25
vn 0.885892 -0.421767 -0.193155
v 48.9788 -151.751 1499.17
vn 0.981454 -0.191678 0.00288067
v 49.0179 -151.551 1499.17
vn -0.90479 0.263848 0.334273
v 48.9116 -151.351 1499.21
vn 0.921673 -0.360167 -0.144218
v 49.1413 -151.951 1499.97
vn -0.0487906 -0.981037 0.187581
v 49.3116 -151.212 1499.57
vn 0.63986 -0.687849 -0.342698
v 48.3116 -151.151 1496.14
vn -0.896217 0.23396 0.376907
v 49.1007 -149.751 1498.57
vn -0.93185 0.145157 0.332542
v 49.0007 -151.151 1499.37
vn -0.892897 0.238454 0.381935
v 49.0351 -150.951 1499.37
vn -0.915411 0.166823 0.366323
v 49.2008 -151.151 1499.77
vn -0.928139 0.230614 0.29219
v 49.2507 -150.751 1499.77
vn -0.381857 -0.921632 0.0691293
v 49.3116 -151.151 1500.39
vn -0.0596944 0.833022 0.55001
v 49.5117 -150.751 1499.8
vn -0.874024 0.262578 0.40882
v 49.5117 -150.351 1499.84
vn -0.914887 0.164585 0.368638
v 49.5788 -150.151 1499.97
vn 0.78427 -0.564879 -0.256578
v 49.1632 -146.751 1488.37
vn 0.779606 -0.578092 -0.240881
v 49.4601 -147.351 1491.17
vn 0.864332 -0.382159 -0.326931
v 48.6538 -144.951 1483.77
vn 0.813897 -0.524155 -0.250664
v 48.9116 -144.922 1484.77
vn 0.707551 -0.635323 -0.309411
v 49.0313 -144.951 1485.37
vn 0.855574 -0.415202 -0.309193
v 49.1116 -145.551 1486.12
vn 0.878082 -0.37034 -0.303018
v 49.3116 -145.151 1486.21
vn 0.510978 -0.794835 -0.32732
v 49.5117 -144.852 1485.77
vn -0.707915 -0.0463173 0.704778
v 48.6533 -145.751 1497.57
vn 0.886471 -0.303874 -0.349042
v 48.7117 -144.551 1483.79
vn 0.705936 -0.563428 -0.429189
v 48.9116 -144.04 1483.57
vn 0.615582 -0.710068 -0.341851
v 49.107 -144.751 1484.97
vn -0.826943 0.485957 0.282862
v 48.1116 -143.956 1491.77
vn 0.864183 -0.263671 -0.428562
v 48.2882 -142.951 1481.17
vn 0.742799 -0.463673 -0.482968
v 49.0339 -142.951 1482.37
vn 0.850161 -0.291088 -0.438741
v 48.9116 -142.064 1481.57
vn 0.963147 0.0182654 -0.268355
v 49.5757 -143.151 1483.57
vn 0.945693 -0.206158 -0.251322
v 49.5976 -142.351 1483.57
vn 0.971419 -0.0276055 -0.23576
v 49.6788 -141.751 1483.37
vn 0.776659 -0.404329 -0.483031
v 48.1116 -140.753 1478.97
vn 0.962085 0.0543892 -0.267271
v 49.057 -140.751 1481.37
vn 0.945633 -0.0378979 -0.323021
v 49.1116 -141.151 1481.26
vn 0.953684 0.0438513 -0.297598
v 49.3007 -140.951 1482.37
vn 0.908473 -0.135088 -0.395511
v 49.3116 -141.551 1482.02
vn 0.954196 0.0137648 -0.298865
v 49.4913 -141.551 1482.37
vn 0.937699 0.158991 -0.308936
v 49.3632 -141.351 1482.17
vn 0.958938 0.204218 -0.196809
v 49.482 -141.351 1482.77
vn 0.915935 -0.0965475 -0.389539
v 48.1116 -139.951 1478.58
vn 0.911706 -0.126346 -0.390934
v 48.6351 -139.151 1479.57
vn 0.784468 -0.359453 -0.505374
v 49.5117 -139.932 1481.77
vn -0.906174 0.269908 0.325573
v 49.2445 -139.751 1489.77
vn 0.717002 -0.358089 -0.598063
v 48.1116 -132.151 1477.76
vn 0.798955 -0.299264 -0.521643
v 48.9116 -132.551 1478.94
vn 0.905799 0.357006 -0.2282
v 49.007 -132.151 1479.17
vn 0.768746 0.558409 -0.311785
v 49.1116 -132.127 1479.57
vn 0.711786 -0.404961 -0.573905
v 49.1116 -133.367 1479.97
vn 0.76495 -0.329423 -0.553473
v 49.457 -133.151 1480.17
vn -0.931977 -0.0924063 0.350543
v 48.1288 -132.351 1485.97
vn 0.878286 0.0348997 -0.47686
v 48.7117 -131.951 1478.34
vn 0.73689 0.648901 -0.189528
v 48.6976 -131.751 1479.57
vn 0.954324 0.258856 -0.149197
v 48.5976 -131.351 1478.97
vn 0.936958 -0.141462 -0.319528
v 48.6476 -131.351 1479.37
vn 0.927875 -0.093675 -0.360932
v 48.632 -131.151 1479.17
vn 0.833188 0.324261 -0.447944
v 49.0445 -131.751 1479.97
vn 0.854953 -0.13306 -0.501348
v 49.0101 -131.351 1479.97
vn -0.867866 0.190506 0.45882
v 48.6726 -131.151 1487.57
vn -0.870532 0.175915 0.459596
v 49.0413 -130.751 1487.97
vn -0.905917 -0.0119229 0.423286
v 49.4288 -130.751 1488.77
vn 0.917507 0.108804 -0.382549
v 49.0382 -129.551 1479.57
vn 0.891508 0.138355 -0.43136
v 49.2351 -127.751 1481.17
vn -0.915526 -0.176624 0.361408
v 49.5913 -127.351 1489.37
vn 0.875825 -0.0618895 -0.478644
v 49.0382 -126.351 1480.77
vn -0.900834 -0.329396 0.282837
v 49.4507 -126.951 1489.37
vn -0.901584 -0.160314 0.401804
v 48.1695 -125.351 1487.17
vn -0.884606 0.000295503 0.466339
v 48.5851 -124.951 1487.77
vn 0.845598 0.0665703 -0.529653
v 49.2882 -120.951 1482.97
vn 0.860974 0.0790723 -0.502466
v 49.4163 -120.551 1483.17
vn -0.896121 -0.281579 0.343047
v 48.5163 -119.351 1488.77
vn -0.901507 -0.114611 0.417312
v 49.3116 -120.751 1490.45
vn -0.889374 -0.189226 0.416181
v 48.4382 -117.751 1489.77
vn -0.859115 0.00701693 0.511734
v 49.6601 -118.151 1492.17
vn 0.732375 0.642018 -0.226803
v 48.1116 -116.51 1484.17
vn 0.553303 0.831924 -0.0419406
v 48.1116 -116.055 1485.77
vn 0.520915 0.853608 -0.00119833
v 48.1116 -116.209 1487.97
vn -0.498442 0.553992 0.66682
v 48.9116 -116.951 1490.68
vn -0.492288 0.503458 0.710058
v 49.1116 -117.243 1490.97
vn 0.563704 0.821539 -0.0855053
v 49.2866 -116.951 1489.57
vn 0.0819577 0.914885 0.395309
v 49.1116 -116.824 1490.57
vn -0.204321 0.770178 0.604217
v 49.3116 -117.151 1491.01
vn 0.508496 0.861057 -0.00361015
v 49.3116 -116.846 1490.17
vn 0.135374 0.904686 0.404002
v 49.5117 -117.121 1490.97
vn -0.0285108 0.928328 0.370667
v 49.5117 -117.151 1491.06
vn -0.781932 0.201506 0.589897
v 49.1601 -117.551 1491.17
vn -0.488677 0.675779 0.551831
v 49.3116 -117.282 1491.17
vn 0.295744 -0.0844991 0.951523
v 49.7117 -150.37 1499.77
vn -0.0693502 -0.994577 0.077506
v 49.7117 -150.351 1500.02
vn -0.808825 -0.458137 0.368664
v 49.7117 -150.151 1500.26
vn 0.0275974 -0.997675 0.0623179
v 49.8653 -150.151 1500.37
vn -0.918666 0.194572 0.343796
v 49.782 -149.951 1500.37
vn 0.804692 -0.566905 -0.176325
v 49.9116 -150.187 1500.17
vn 0.110588 -0.992771 0.0466416
v 50.1116 -150.114 1500.57
vn 0 -1 0
v 49.8476 -150.151 1500.77
vn 0.10916 -0.993036 -0.0443058
v 50.1116 -150.151 1500.98
vn -0.171214 -0.643434 0.746109
v 50.1116 -149.97 1501.17
vn 0.797532 -0.589419 -0.128563
v 50.3116 -149.974 1501.17
vn -0.00942567 -0.486396 0.873688
v 50.3116 -149.751 1501.3
vn -0.795878 0.2709 0.541472
v 50.1757 -149.351 1500.97
vn 0.831493 -0.50185 -0.238257
v 50.5851 -149.351 1500.97
vn 0.713277 0.0267895 0.700371
v 50.5117 -148.551 1501.02
vn -0.903399 0.197925 0.380389
v 50.7117 -148.151 1501.3
vn -0.536292 -0.288776 0.793095
v 50.9116 -148.316 1501.37
vn -0.672059 -0.689248 0.270693
v 50.9116 -148.159 1501.77
vn 0.00286534 -0.873413 0.486971
v 51.1116 -148.159 1501.77
vn -0.543962 -0.0629759 0.836744
v 51.1116 -148.009 1501.97
vn 0.71832 -0.642577 -0.266666
v 50.3386 -146.751 1491.97
vn 0.801241 -0.561746 -0.206044
v 50.8163 -146.751 1493.37
vn -0.882151 0.242184 0.403926
v 50.457 -147.151 1500.17
vn -0.825619 0.153573 0.542926
v 51.1116 -147.645 1501.97
vn 0.811754 -0.511315 -0.282158
v 50.5117 -144.951 1487.83
vn 0.752795 -0.597425 -0.276376
v 49.7117 -146.151 1489.4
vn 0.952368 -0.260843 -0.157976
v 50.7117 -144.951 1488.64
vn 0.928475 -0.309881 -0.204715
v 50.9601 -144.951 1490.97
vn 0.933539 -0.316893 -0.167581
v 51.0788 -145.551 1491.97
vn -0.617202 -0.159222 0.770526
v 49.7538 -146.151 1498.57
vn 0.854368 -0.318428 -0.410681
v 49.7117 -143.581 1483.97
vn 0.692979 -0.612296 -0.380623
v 49.8538 -144.351 1485.17
vn 0.965548 -0.0538683 -0.25459
v 49.9945 -143.751 1484.97
vn 0.977763 0.00994377 -0.209479
v 50.3413 -143.351 1486.57
vn 0.982388 -0.0694285 -0.173473
v 50.6851 -144.351 1487.77
vn 0.978375 0.186013 -0.0904489
v 50.557 -143.751 1487.57
vn 0.9804 -0.0629225 -0.186698
v 50.5195 -143.551 1487.57
vn 0.969186 0.0339328 -0.243984
v 50.6288 -143.951 1488.37
vn 0.986986 0.0658662 -0.146701
v 50.5601 -143.751 1488.17
vn 0.951576 -0.0594781 -0.301604
v 50.6413 -143.751 1488.37
vn 0.991748 0.084341 -0.0965512
v 50.7445 -144.551 1488.57
vn 0.986906 0.0620791 -0.148873
v 50.7117 -144.11 1488.77
vn 0.722782 -0.571735 -0.388209
v 50.9116 -143.834 1488.77
vn 0.910094 -0.260733 -0.322097
v 49.8632 -141.751 1483.97
vn 0.89234 -0.31409 -0.324155
v 49.8257 -142.151 1484.77
vn 0.977752 0.0250055 -0.208269
v 50.3788 -143.151 1486.77
vn 0.751436 -0.525724 -0.398696
v 50.5117 -142.633 1486.37
vn 0.699217 -0.614089 -0.366047
v 51.2487 -142.751 1487.57
vn -0.533935 -0.343749 0.772496
v 50.6663 -143.151 1499.97
vn -0.874526 0.461819 0.148078
v 51.0538 -142.151 1500.77
vn 0.73018 -0.520078 -0.443121
v 50.3116 -140.551 1483.32
vn 0.85338 -0.253178 -0.455679
v 50.4663 -140.351 1483.37
vn 0.648366 -0.610142 -0.455355
v 50.7117 -141.505 1485.17
vn -0.855542 0.464463 0.22874
v 50.9116 -141.099 1497.17
vn 0.918935 -0.174953 -0.353482
v 51.0976 -139.351 1484.57
vn 0.907202 -0.206307 -0.366636
v 51.2163 -139.151 1484.77
vn 0.924793 -0.0933115 -0.368851
v 51.1632 -138.351 1484.17
vn -0.90259 0.265267 0.339064
v 50.7726 -137.151 1493.57
vn 0.918142 0.0898338 -0.385934
v 49.8195 -136.151 1481.17
vn 0.813881 0.55858 -0.159957
v 49.918 -135.951 1482.37
vn 0.650511 0.73869 -0.176555
v 50.5351 -136.351 1482.97
vn 0.85474 0.13478 -0.501252
v 50.5117 -136.151 1483.07
vn 0.841331 -0.202914 -0.500987
v 50.7445 -135.551 1483.37
vn 0.938565 0.0785004 -0.336057
v 50.9116 -136.751 1483.9
vn 0.789497 -0.306651 -0.531657
v 50.707 -134.751 1482.57
vn -0.857881 0.254449 0.446426
v 51.2351 -133.751 1493.57
vn 0.912799 0.169137 -0.371739
v 50.0382 -133.151 1481.17
vn 0.905566 0.0547928 -0.420651
v 50.5945 -132.951 1482.97
vn -0.920196 0.0377224 0.389637
v 50.8413 -133.551 1492.57
vn 0.912129 0.0369633 -0.408234
v 50.8476 -131.951 1482.97
vn -0.892733 0.136387 0.429448
v 50.7117 -131.951 1491.78
vn 0.868559 -0.049704 -0.493088
v 49.7257 -129.351 1481.57
vn 0.92188 0.188587 -0.338484
v 50.1445 -130.151 1482.37
vn 0.875436 0.164362 -0.45453
v 50.3163 -129.151 1482.37
vn 0.851942 0.518409 0.0738022
v 50.8538 -129.351 1484.37
vn 0.821302 0.458144 -0.339951
v 50.8593 -129.351 1484.57
vn 0.8673 0.497738 -0.00688696
v 50.8132 -129.151 1483.97
vn 0.978646 0.178347 -0.102199
v 50.7663 -129.151 1484.37
vn 0.975258 0.00535035 -0.221003
v 50.8116 -129.151 1484.57
vn 0.881727 0.470678 -0.0319313
v 50.7117 -128.951 1484.12
vn 0.907906 0.323956 -0.266004
v 51.0976 -129.751 1483.97
vn 0.793125 0.608394 -0.0284482
v 51.0163 -129.551 1484.37
vn 0.722193 0.633709 -0.277218
v 51.0422 -129.551 1484.57
vn 0.797997 0.369523 -0.476081
v 51.1757 -129.551 1484.77
vn 0.880385 0.341936 -0.328638
v 49.7851 -128.151 1482.17
vn 0.863089 0.427942 -0.268223
v 50.3476 -128.751 1482.77
vn 0.879325 -0.0896179 -0.467714
v 51.0382 -128.151 1484.57
vn -0.911716 -0.0767321 0.403592
v 50.9538 -128.551 1492.37
vn 0.890926 0.00105716 -0.454147
v 50.9101 -126.951 1483.97
vn 0.895585 0.122784 -0.427612
v 50.9507 -125.751 1485.17
vn 0.880158 0.160242 -0.446816
v 50.2726 -122.951 1484.17
vn 0.844814 -0.0122047 -0.534921
v 51.0445 -122.551 1485.97
vn -0.886283 -0.35617 0.296051
v 50.1038 -122.951 1490.77
vn -0.899662 -0.134502 0.415353
v 50.7117 -123.743 1491.57
vn 0.855223 0.0636509 -0.514336
v 51.2632 -122.151 1486.17
vn 0.87416 0.27844 -0.39789
v 50.2913 -120.151 1485.17
vn -0.878588 -0.163142 0.448853
v 50.3882 -119.551 1492.97
vn 0.654516 0.751343 -0.0842112
v 51.1116 -117.974 1490.37
vn -0.420144 0.640633 0.642704
v 51.1116 -118.39 1493.97
vn 0.339978 0.922658 0.181979
v 49.7117 -117.151 1490.87
vn -0.63912 0.518112 0.568406
v 49.7117 -117.551 1492.04
vn -0.111466 0.930238 0.349618
v 49.7117 -117.274 1491.57
vn 0.368378 0.914374 0.16798
v 49.9116 -117.296 1491.57
vn 0.680226 0.0219714 0.732673
v 51.5976 -147.351 1499.97
vn -0.849761 0.253263 0.462347
v 51.3116 -147.351 1502.14
vn 0.809241 -0.533083 0.246885
v 51.5351 -147.551 1501.97
vn -0.298785 -0.389868 0.871051
v 51.5117 -147.439 1502.17
vn 0.805662 -0.406012 0.43135
v 51.5726 -147.351 1502.17
vn -0.860368 0.210645 0.464108
v 51.5117 -146.751 1502.24
vn 0.826468 -0.313453 0.467651
v 51.7117 -146.951 1502.2
vn 0.862789 -0.501765 0.0618672
v 51.9757 -146.551 1501.97
vn -0.361041 -0.575015 0.734171
v 51.5117 -147.184 1502.37
vn 0.696848 -0.701819 0.14783
v 52.1116 -146.396 1502.77
vn 0.838472 -0.507044 -0.199678
v 51.3116 -144.951 1492.25
vn 0.854121 -0.51908 -0.032144
v 52.7663 -145.551 1501.17
vn -0.465811 -0.597319 0.652863
v 52.1116 -146.151 1503.21
vn 0.816765 -0.575044 0.047113
v 52.3116 -146.179 1502.77
vn 0.765175 -0.574894 0.289835
v 52.3116 -146.148 1502.97
vn -0.877671 0.294124 0.378398
v 52.3116 -145.351 1503.08
vn 0.940442 -0.313457 0.131581
v 52.6413 -145.551 1502.77
vn -0.414492 0.295317 0.860804
v 52.5117 -145.551 1503.24
vn -0.231575 0.257868 0.938018
v 52.5117 -145.151 1503.09
vn 0.95523 -0.198462 0.219427
v 52.7226 -145.151 1502.77
vn 0.651004 -0.603078 0.460967
v 52.7117 -144.951 1503.05
vn 0.786431 -0.568575 -0.241348
v 51.7117 -144.351 1491.61
vn -0.862441 0.273294 0.426036
v 52.5117 -144.645 1502.97
vn 0.69798 -0.612313 -0.371344
v 51.3116 -143.102 1488.37
vn 0.848302 -0.442415 -0.29095
v 51.8038 -142.551 1488.57
vn -0.372692 -0.435531 0.819398
v 51.5117 -142.551 1500.76
vn 0.813822 -0.415506 -0.406262
v 51.3726 -141.551 1486.17
vn 0.915843 -0.264491 -0.302118
v 51.932 -140.751 1487.57
vn 0.906547 -0.325074 -0.269257
v 52.4038 -140.551 1488.77
vn 0.991793 -0.0375341 -0.122219
v 52.882 -140.751 1490.77
vn 0.980126 0.190938 -0.05381
v 52.8257 -140.351 1491.17
vn -0.919787 0.342143 0.192174
v 51.6038 -140.551 1498.37
vn -0.891016 0.438655 0.116925
v 51.5117 -141.151 1499.26
vn -0.924232 0.373661 0.0785669
v 51.3788 -141.551 1500.97
vn -0.591458 -0.251964 0.765958
v 51.7476 -141.151 1501.77
vn -0.875318 0.444615 0.190096
v 51.8649 -140.551 1500.97
vn -0.697754 -0.0307735 0.715676
v 51.9439 -140.951 1501.97
vn -0.931399 0.327295 0.159295
v 52.057 -140.351 1501.97
vn -0.337082 -0.527566 0.779776
v 52.3116 -140.751 1502.34
vn 0.0553136 -0.632948 0.772216
v 52.7117 -140.874 1502.17
vn -0.94354 0.214789 0.252187
v 52.1116 -140.551 1502.41
vn -0.90816 0.329642 0.258036
v 52.1507 -140.351 1502.37
vn -0.899842 0.292665 0.323467
v 52.2226 -140.351 1502.57
vn -0.519477 -0.691165 0.502429
v 52.3116 -140.551 1502.62
vn 0.237818 -0.664561 0.708379
v 52.7117 -140.209 1502.77
vn -0.642763 0.00348328 0.766057
v 52.7117 -139.983 1502.97
vn 0.952058 0.0299678 -0.304445
v 51.9445 -138.551 1486.77
vn 0.964646 0.228429 -0.131447
v 52.3476 -139.351 1487.77
vn 0.96737 -0.0278895 -0.25183
v 52.4788 -139.751 1487.97
vn 0.96947 0.210529 -0.125722
v 52.382 -139.151 1488.37
vn 0.873865 -0.37931 -0.304111
v 52.8288 -139.351 1489.97
vn -0.628108 0.658566 0.414452
v 51.9116 -138.615 1498.37
vn -0.929557 0.321206 0.18097
v 52.0101 -139.951 1500.17
vn -0.820792 0.516512 0.243959
v 52.1821 -139.751 1500.57
vn -0.529007 0.731668 0.4299
v 52.3116 -139.209 1499.77
vn -0.833993 0.459665 0.305227
v 52.4849 -138.951 1499.57
vn -0.976854 0.197169 0.0829451
v 52.557 -138.951 1500.37
vn -0.995755 -0.0223554 0.0892915
v 52.5132 -138.551 1499.77
vn -0.982403 0.139502 0.124189
v 52.5913 -138.551 1500.77
vn -0.919822 0.359661 0.156752
v 52.6195 -139.351 1502.37
vn -0.814309 0.348616 0.464077
v 52.7601 -139.351 1502.97
vn -0.825391 0.43742 0.356923
v 51.8382 -137.551 1496.37
vn -0.824609 0.420543 0.378369
v 52.2038 -138.351 1498.37
vn -0.950614 0.147583 0.273044
v 52.407 -138.351 1498.77
vn -0.961255 0.156596 0.22686
v 52.3288 -137.751 1498.37
vn -0.910274 0.340133 0.236031
v 52.7851 -137.151 1499.17
vn 0.939981 0.0785795 -0.332055
v 52.0976 -135.351 1485.37
vn -0.928342 0.103909 0.356908
v 51.8163 -135.551 1494.77
vn -0.924558 0.255382 0.282793
v 52.1913 -136.351 1496.37
vn 0.933738 0.198422 -0.297929
v 51.9507 -134.751 1485.77
vn -0.9176 0.134413 0.37409
v 51.9976 -134.751 1495.77
vn -0.94785 -0.0647443 0.312072
v 52.657 -133.751 1496.57
vn -0.939602 0.109069 0.324425
v 52.8882 -134.351 1497.17
vn 0.84272 -0.246758 -0.47847
v 52.2757 -132.151 1486.97
vn 0.933414 0.0958215 -0.345769
v 52.6226 -133.151 1487.77
vn -0.933834 0.0008588 0.357705
v 51.6507 -132.751 1494.17
vn -0.883731 0.197615 0.424227
v 51.7117 -133.551 1494.18
vn 0.89256 -0.0512451 -0.448008
v 51.4209 -131.351 1485.17
vn 0.860917 -0.17188 -0.47883
v 51.9116 -131.151 1485.53
vn 0.917668 0.16748 -0.360327
v 52.2288 -130.951 1486.37
vn 0.853112 0.440519 -0.279541
v 51.3788 -129.951 1484.57
vn 0.758502 0.0654188 -0.648378
v 51.3116 -129.151 1485.06
vn 0.878959 0.0619453 -0.472856
v 51.632 -129.551 1485.57
vn 0.904594 0.0870158 -0.417299
v 51.4757 -128.751 1485.37
vn 0.903911 -0.00073705 -0.427721
v 51.9116 -128.659 1486.37
vn -0.887426 0.00892768 0.460863
v 51.5788 -126.151 1493.97
vn -0.906337 -0.0827288 0.414377
v 52.1726 -127.151 1494.57
vn -0.924178 0.0448153 0.379324
v 52.2226 -125.751 1495.17
vn 0.881112 0.343042 -0.325519
v 52.2163 -124.151 1487.57
vn 0.899215 0.185186 -0.396382
v 52.6632 -124.551 1488.77
vn -0.919437 -0.254803 0.299518
v 51.5913 -124.351 1493.97
vn -0.874813 -0.455539 0.164884
v 51.8101 -124.751 1493.97
vn -0.885131 -0.434179 0.167427
v 52.082 -125.151 1494.37
vn -0.951072 -0.135528 0.27766
v 52.2632 -125.351 1495.17
vn 0.872735 0.24517 -0.422167
v 51.6038 -123.551 1486.77
vn 0.869849 0.00797063 -0.493254
v 52.0757 -123.751 1487.57
vn 0.851215 -0.0767462 -0.519176
v 52.3116 -123.351 1487.72
vn 0.899663 0.264751 -0.34715
v 52.4101 -123.151 1487.97
vn 0.863761 -0.167688 -0.475182
v 52.6663 -123.951 1488.57
vn -0.88501 0.0457888 0.463314
v 52.4913 -123.151 1496.97
vn -0.884221 0.0202295 0.46663
v 52.7445 -122.551 1497.17
vn 0.870481 0.0723527 -0.486855
v 51.5351 -121.151 1487.37
vn 0.888263 0.155838 -0.432092
v 51.9116 -121.951 1487.88
vn 0.78823 -0.112591 -0.604994
v 52.1116 -121.794 1488.17
vn -0.904745 -0.0843104 0.417526
v 51.7117 -121.151 1494.76
vn 0.853395 0.142935 -0.501285
v 51.6351 -120.751 1487.57
vn 0.841964 0.419972 -0.338705
v 52.2257 -119.951 1489.57
vn 0.828011 0.518268 -0.213998
v 52.4257 -119.751 1490.37
vn 0.67981 0.732401 -0.0380301
v 52.7757 -119.351 1492.77
vn -0.905936 -0.0805955 0.415674
v 51.7117 -120.551 1495.12
vn -0.632154 0.358973 0.686673
v 52.1116 -119.551 1495.78
vn 0.260501 0.88151 0.3938
v 52.1116 -119.218 1495.37
vn 0.0473115 0.664723 0.74559
v 52.3116 -119.551 1495.82
vn -0.837591 0.17245 0.518365
v 52.0726 -120.351 1495.97
vn -0.668617 0.464302 0.58084
v 52.3116 -120.346 1496.37
vn -0.361969 0.5109 0.779718
v 52.3116 -119.951 1496.04
vn -0.137376 0.761237 0.633755
v 52.5117 -120.151 1496.28
vn 0.0751895 0.641603 0.763343
v 52.5117 -119.951 1496.07
vn 0.454064 0.871624 0.184652
v 51.3116 -118.396 1493.77
vn 0.870805 -0.473813 -0.131146
v 52.9507 -144.351 1497.17
vn 0.916457 -0.383503 -0.114156
v 53.1695 -144.151 1498.37
vn -0.713156 -0.30777 0.62983
v 52.9116 -144.351 1503.57
vn 0.292464 -0.708625 0.642117
v 54.0101 -143.351 1504.17
vn 0.954761 -0.238397 -0.177759
v 53.0038 -142.151 1492.57
vn 0.961678 -0.226181 -0.154977
v 53.0132 -141.751 1493.57
vn 0.872459 -0.487782 0.0297308
v 54.3851 -142.551 1504.37
vn -0.75768 0.192232 0.623673
v 54.3116 -142.278 1504.57
vn 0.775348 -0.497872 -0.388535
v 53.0726 -140.351 1491.77
vn 0.802013 -0.50119 -0.324936
v 53.557 -140.351 1492.57
vn 0.873193 -0.444152 -0.200659
v 53.1116 -141.551 1493.8
vn 0.886219 -0.367178 -0.282483
v 54.3038 -140.351 1494.57
vn -0.418142 -0.320206 0.850074
v 53.1116 -140.951 1502.22
vn -0.0841198 -0.574064 0.814478
v 53.1116 -140.351 1502.45
vn 0.857485 -0.380769 -0.346028
v 53.0288 -138.751 1489.77
vn -0.831815 0.332591 0.444374
v 53.2479 -138.551 1502.77
vn 0.156578 -0.672711 0.723148
v 53.5117 -139.151 1503.66
vn -0.0946535 -0.546176 0.832305
v 53.7117 -139.751 1503.1
vn -0.813126 0.156619 0.560621
v 53.8507 -138.551 1503.57
vn 0.136102 -0.568972 0.811016
v 53.9116 -138.984 1503.57
vn -0.527449 -0.258448 0.809322
v 54.1116 -139.751 1503.27
vn 0.879463 -0.272729 -0.390082
v 52.9116 -137.151 1487.94
vn 0.958384 0.0398448 -0.282688
v 53.1116 -137.061 1488.57
vn 0.956518 -0.104726 -0.272223
v 53.8695 -138.351 1491.37
vn 0.974626 0.0207093 -0.222881
v 53.7788 -137.151 1491.17
vn -0.949042 0.227728 0.217849
v 53.1351 -137.951 1501.77
vn -0.883932 -0.00204251 0.467612
v 53.7821 -138.151 1503.37
vn -0.893533 0.337499 0.296129
v 53.7195 -137.151 1502.97
vn -0.961008 -0.0697998 0.267567
v 53.9601 -137.551 1503.97
vn -0.820767 -0.215491 0.529061
v 54.225 -138.151 1504.17
vn -0.817093 -0.394075 0.42079
v 54.1413 -137.751 1504.37
vn -0.885668 -0.33425 0.322288
v 54.1116 -137.551 1504.6
vn -0.969406 0.0478599 0.24075
v 54.1288 -137.151 1504.57
vn -0.678578 -0.527752 0.510891
v 54.3116 -137.776 1504.57
vn -0.906682 0.287185 0.308953
v 53.3195 -136.151 1499.77
vn -0.879746 0.360253 0.310267
v 53.632 -135.951 1500.57
vn -0.80714 0.510578 0.29637
v 53.7117 -136.351 1501.4
vn -0.964382 0.102019 0.244047
v 54.0757 -135.551 1501.37
vn -0.871848 0.429776 0.234889
v 54.0726 -136.551 1502.57
vn -0.939274 0.237544 0.247663
v 54.3726 -135.551 1503.17
vn -0.899064 0.27928 0.337175
v 54.3163 -136.751 1504.57
vn -0.708399 0.00618032 0.705785
v 54.4455 -136.751 1504.77
vn 0.94339 -0.0392927 -0.329349
v 53.1663 -135.151 1488.57
vn 0.939135 0.264055 -0.219775
v 53.2445 -133.951 1489.37
vn 0.944179 0.210877 -0.253096
v 53.3445 -134.351 1489.17
vn 0.94153 -0.0125945 -0.336694
v 53.507 -133.951 1490.37
vn 0.944818 0.0447049 -0.32453
v 54.1507 -134.951 1492.17
vn -0.942881 0.113754 0.313106
v 53.7117 -133.751 1499.93
vn -0.971434 -0.0793498 0.223652
v 53.9976 -135.151 1501.37
vn 0.907539 -0.119226 -0.40269
v 53.6788 -132.551 1489.97
vn 0.924071 -0.0358551 -0.380535
v 54.4226 -131.351 1491.57
vn -0.9231 0.0835919 0.375364
v 53.3116 -131.951 1497.71
vn 0.91497 0.10202 -0.390412
v 53.7163 -128.551 1489.77
vn 0.916749 0.0249266 -0.398686
v 54.157 -127.351 1491.37
vn 0.893732 0.158122 -0.41981
v 53.1913 -127.151 1489.37
vn 0.879248 -0.0808404 -0.469455
v 53.1695 -126.951 1489.37
vn 0.932021 0.0283757 -0.361293
v 53.8663 -126.351 1490.37
vn 0.934695 0.115732 -0.336082
v 54.007 -126.351 1490.97
vn 0.848587 -0.00780554 -0.528998
v 53.9116 -125.701 1490.77
vn 0.85997 -0.0873143 -0.50282
v 54.1101 -126.151 1491.17
vn 0.91621 0.165676 -0.364843
v 54.1913 -125.751 1491.17
vn 0.938361 0.280649 -0.201779
v 54.4976 -125.751 1492.57
vn 0.890414 0.0428564 -0.453129
v 53.0163 -125.551 1488.57
vn 0.89819 0.335661 -0.283879
v 53.2913 -125.351 1489.37
vn 0.886914 0.146753 -0.438004
v 53.132 -124.951 1489.37
vn 0.907588 0.217639 -0.359051
v 53.8413 -125.151 1490.77
vn 0.898789 0.385092 -0.20948
v 54.0507 -125.151 1491.97
vn 0.906178 0.344865 -0.244766
v 52.9116 -123.358 1489.57
vn 0.87986 -0.0786954 -0.468672
v 52.9116 -123.151 1489.72
vn 0.920099 0.269661 -0.28408
v 53.1226 -123.551 1490.17
vn 0.931453 0.325547 -0.162527
v 53.1116 -123.351 1490.2
vn 0.741618 -0.335163 -0.581093
v 53.2133 -122.751 1489.77
vn 0.924125 0.190493 -0.331219
v 53.3116 -123.951 1489.97
vn 0.856928 -0.0967701 -0.506271
v 53.7117 -122.951 1490.6
vn 0.911509 0.411261 -0.00404466
v 54.257 -122.551 1492.57
vn 0.917031 0.278192 -0.28577
v 54.4163 -122.951 1492.17
vn 0.908556 0.41765 0.00968076
v 54.3116 -122.975 1493.17
vn 0.828733 0.5452 0.126329
v 54.4163 -122.951 1492.77
vn 0.939123 0.210237 -0.27175
v 54.4757 -122.951 1493.77
vn -0.834564 0.0934354 0.542929
v 52.9116 -123.167 1497.57
vn 0.868849 0.102757 -0.484296
v 53.3116 -122.351 1489.81
vn 0.874898 0.420786 -0.239776
v 53.4445 -121.151 1491.57
vn 0.893392 0.35939 -0.26961
v 53.9116 -122.342 1491.37
vn 0.912741 0.283564 -0.294103
v 54.0695 -120.951 1493.57
vn 0.947527 0.262144 -0.182957
v 54.1445 -122.151 1493.17
vn 0.953609 0.194927 -0.22942
v 54.3163 -122.351 1493.77
vn 0.918978 -0.105994 -0.379795
v 54.4132 -122.151 1494.17
vn 0.888905 -0.0885835 -0.449445
v 54.4288 -122.351 1494.37
vn -0.895511 -0.00495007 0.445011
v 53.4195 -121.951 1498.77
vn -0.117502 0.844359 0.522734
v 53.9116 -121.234 1498.97
vn 0.589764 0.789263 0.171003
v 54.3116 -121.202 1498.37
vn -0.761348 0.290395 0.579672
v 53.9116 -121.807 1499.57
vn 0.389957 0.841584 0.373725
v 53.1116 -119.871 1495.77
vn 0.728744 0.684778 -0.00336651
v 53.6243 -120.151 1494.57
vn 0.888865 -0.450747 -0.0821325
v 54.7382 -142.151 1500.57
vn 0.376584 -0.424614 0.82334
v 55.7117 -140.151 1505.66
vn 0.903189 -0.427826 0.0348342
v 55.9116 -140.136 1505.57
vn 0.951981 -0.178955 -0.24841
v 55.6788 -138.751 1498.97
vn 0.871345 -0.490665 0.00232039
v 56.082 -139.751 1505.17
vn -0.728928 0.16655 0.664021
v 55.7605 -139.751 1505.57
vn 0.733151 -0.648214 0.205692
v 56.032 -139.751 1505.57
vn -0.560179 5.86958e-005 0.828372
v 55.9116 -139.751 1505.67
vn -0.561246 -0.1163 0.819437
v 56.014 -139.551 1505.77
vn -0.857078 0.0970633 0.50596
v 55.9726 -139.351 1505.77
vn 0.866764 -0.365217 -0.339614
v 55.8538 -137.351 1498.57
vn -0.176754 -0.218589 0.959675
v 54.5117 -136.951 1504.78
vn -0.269588 -0.43822 0.857488
v 54.9116 -137.951 1504.26
vn 0.955108 -0.0318555 -0.29454
v 54.7007 -135.751 1493.57
vn -0.862163 0.134056 0.488574
v 54.5117 -136.551 1504.89
vn 0.00465649 -0.399497 0.916723
v 54.7117 -136.751 1504.83
vn -0.847045 0.453127 0.277833
v 54.9116 -135.647 1504.97
vn 0.22133 0.606053 0.764011
v 55.0916 -135.751 1505.17
vn -0.841477 0.46785 0.270248
v 54.9116 -135.736 1505.17
vn -0.921739 0.25401 0.293045
v 54.9116 -135.551 1504.87
vn -0.92547 0.24681 0.287385
v 54.9228 -135.351 1504.77
vn -0.0812939 -0.334615 0.938842
v 55.1116 -135.951 1505.27
vn -0.409089 0.245489 0.878852
v 55.1116 -135.591 1504.97
vn -0.505034 0.275328 0.818007
v 55.1116 -135.351 1504.91
vn 0.341277 0.664062 0.665245
v 55.4816 -135.751 1504.97
vn -0.532319 -0.132623 0.836091
v 55.5117 -136.551 1504.92
vn 0.335664 0.51356 0.789675
v 55.5117 -135.951 1505.12
vn -0.470883 0.0576508 0.88031
v 55.5573 -135.551 1504.97
vn -0.474663 -0.732699 0.487695
v 55.5117 -135.302 1505.17
vn -0.347711 -0.87315 0.341624
v 55.5117 -135.224 1505.37
vn -0.549276 0.165847 0.819018
v 55.7117 -135.751 1505.11
vn -0.411673 -0.586232 0.697752
v 55.7117 -135.351 1505.33
vn -0.493859 -0.137961 0.858528
v 55.9116 -135.951 1505.25
vn -0.535222 -0.330287 0.777462
v 55.9116 -135.551 1505.34
vn 0.854171 -0.325978 -0.405131
v 54.7663 -134.551 1493.37
vn 0.826358 -0.358801 -0.434045
v 55.3116 -134.551 1494.17
vn 0.93415 -0.0760442 -0.348684
v 55.6351 -134.551 1494.97
vn -0.918602 0.215173 0.331468
v 54.9882 -135.151 1504.77
vn -0.535893 -0.479933 0.69461
v 55.2789 -135.151 1505.17
vn -0.848051 -0.0266244 0.529245
v 55.1757 -134.951 1505.17
vn -0.592272 -0.782625 0.191604
v 55.3116 -135.151 1505.43
vn -0.893284 0.17404 0.414432
v 55.4757 -134.151 1505.37
vn -0.123546 -0.399848 0.908217
v 55.7117 -135.151 1505.42
vn -0.818465 0.0454381 0.572757
v 55.7117 -133.951 1505.69
vn -0.937721 0.188575 0.291752
v 55.2226 -133.351 1503.37
vn -0.961062 0.0691338 0.267546
v 56.0757 -132.151 1506.37
vn -0.925484 0.169499 0.338748
v 55.5788 -130.551 1504.57
vn 0.926671 0.211255 -0.31089
v 55.7195 -129.151 1494.37
vn 0.881414 0.394225 -0.260183
v 55.7632 -128.951 1494.77
vn -0.934287 0.0676243 0.350049
v 54.7976 -128.951 1501.77
vn -0.952322 0.0039199 0.30507
v 55.4413 -129.151 1503.17
vn -0.96519 -0.108472 0.237996
v 55.4538 -128.951 1503.37
vn -0.874438 0.32893 0.356601
v 55.9632 -128.951 1505.37
vn 0.933207 0.18571 -0.307631
v 55.2288 -128.351 1493.77
vn 0.800358 -0.307216 -0.514825
v 55.3351 -128.151 1494.17
vn 0.908101 0.155648 -0.38875
v 55.4476 -128.551 1494.57
vn 0.935704 0.220277 -0.275564
v 55.6445 -127.351 1495.17
vn 0.904613 0.197899 -0.377506
v 55.7117 -128.731 1494.97
vn 0.860359 -0.181705 -0.4762
v 55.832 -128.551 1495.17
vn 0.813896 -0.318912 -0.485663
v 55.832 -127.951 1494.77
vn 0.949798 0.278676 -0.14221
v 56.0351 -128.151 1495.77
vn 0.929786 0.0061982 -0.368049
v 56.0226 -127.951 1496.17
vn -0.913368 0.140828 0.382003
v 54.5663 -127.551 1500.97
vn 0.909423 -0.0422131 -0.413724
v 54.7663 -126.951 1492.57
vn 0.927956 0.207922 -0.309299
v 54.582 -125.751 1493.17
vn 0.921901 0.289566 -0.25739
v 54.8195 -126.351 1493.17
vn 0.861654 0.139004 -0.488088
v 54.7538 -125.951 1493.37
vn 0.767619 -0.20013 -0.608859
v 54.7117 -125.751 1493.37
vn 0.719017 -0.303063 -0.625434
v 54.9116 -125.83 1493.57
vn 0.73346 -0.391268 -0.555829
v 55.5726 -125.751 1494.17
vn 0.912321 0.143805 -0.383393
v 55.1851 -126.351 1494.37
vn 0.849498 -0.0898179 -0.51989
v 55.457 -126.351 1494.77
vn 0.67336 -0.571215 -0.469362
v 55.532 -125.951 1494.37
vn -0.895438 0.0562111 0.441623
v 54.5882 -126.751 1500.57
vn 0.703403 -0.447001 -0.552644
v 54.5117 -125.151 1492.58
vn 0.77248 -0.248056 -0.584588
v 54.7117 -124.751 1492.52
vn 0.962126 0.131662 -0.238701
v 54.5695 -125.551 1492.97
vn 0.869358 -0.0401758 -0.492547
v 55.132 -124.951 1493.17
vn 0.778805 0.625895 -0.0414513
v 55.5038 -124.351 1494.57
vn 0.923277 -0.00241084 -0.384127
v 55.7195 -125.551 1494.37
vn -0.898222 -0.0724654 0.433527
v 55.0601 -124.951 1501.37
vn -0.918027 -0.0814491 0.388063
v 55.0382 -124.551 1501.57
vn -0.847649 0.276454 0.45284
v 55.5007 -124.351 1502.57
vn -0.83921 0.357144 0.410091
v 55.657 -124.551 1503.17
vn -0.904485 -0.148575 0.39979
v 55.7195 -124.951 1503.37
vn -0.882726 -0.254777 0.394821
v 56.0538 -125.551 1503.57
vn -0.595464 0.646542 0.476871
v 55.9116 -124.351 1503.34
vn -0.416555 0.703259 0.576115
v 55.9116 -124.07 1502.97
vn -0.816199 -0.208677 0.53877
v 56.0445 -124.951 1503.97
vn -0.781054 0.251174 0.571722
v 56.0195 -124.751 1503.97
vn 0.741399 0.664215 0.0956372
v 54.7117 -123.463 1493.37
vn 0.934587 0.179962 -0.306856
v 54.7226 -123.551 1494.17
vn 0.882656 0.445745 -0.149097
v 55.1007 -123.951 1493.37
vn 0.888641 0.225978 -0.399063
v 54.6445 -122.751 1494.57
vn 0.889314 0.341164 -0.304512
v 54.9476 -123.551 1494.77
vn 0.757872 0.649123 -0.0653433
v 55.1116 -123.918 1494.37
vn 0.522954 0.804615 0.281273
v 55.3116 -122.765 1501.17
vn 0.61368 0.759659 0.215211
v 56.1099 -123.551 1501.77
vn 0.853109 -0.0151413 -0.521513
v 54.6007 -122.351 1494.57
vn 0.860836 -0.157439 -0.483915
v 54.5351 -122.151 1494.37
vn 0.889045 0.416797 -0.189419
v 55.1007 -121.951 1495.77
vn 0.731254 0.678369 0.0712932
v 55.5117 -122.305 1498.97
vn -0.49197 -0.749555 0.442869
v 56.1116 -139.615 1505.77
vn -0.531495 -0.809774 0.248555
v 56.1116 -139.551 1505.98
vn -0.862032 0.227829 0.452762
v 56.5382 -138.751 1506.37
vn 0.680361 -0.726547 0.0961193
v 56.7117 -139.012 1506.37
vn -0.766868 -0.509743 0.38997
v 56.7117 -138.751 1506.71
vn 0.240734 -0.725139 0.645152
v 57.1116 -138.618 1506.77
vn 0.900259 -0.39226 -0.188851
v 56.6695 -138.151 1501.97
vn -0.772578 0.153506 0.616084
v 56.8038 -136.951 1505.97
vn 0.866146 -0.367325 -0.338914
v 56.1351 -136.351 1497.77
vn 0.956786 -0.0756816 -0.280772
v 56.1413 -134.551 1496.97
vn -0.126019 -0.2358 0.963596
v 56.1116 -133.751 1505.86
vn -0.464566 -0.0202439 0.885307
v 57.3116 -134.351 1506.05
vn 0.204019 -0.333223 0.92051
v 56.3116 -132.126 1506.37
vn -0.058298 -0.241186 0.968726
v 56.5117 -132.951 1505.95
vn 0.948437 0.0118301 -0.316745
v 57.082 -130.751 1498.37
vn 0.876913 -0.329265 -0.350155
v 57.6695 -131.151 1500.37
vn -0.93646 0.126182 0.327292
v 56.181 -130.751 1506.37
vn -0.41027 -0.446179 0.795363
v 56.6913 -130.551 1506.77
vn -0.18065 -0.354668 0.917375
v 56.9116 -130.751 1506.78
vn 0.931713 -0.131542 -0.338537
v 57.6007 -130.351 1499.37
vn -0.973564 -0.169613 0.152983
v 56.1851 -129.751 1505.97
vn -0.940043 -0.180993 0.289069
v 56.232 -129.551 1506.97
vn -0.968459 0.15099 0.198214
v 56.1788 -129.351 1506.37
vn -0.93448 -0.149809 0.322963
v 56.3695 -130.151 1506.57
vn -0.657812 0.697982 0.283026
v 56.5117 -128.952 1506.57
vn -0.0912195 -0.627805 0.773007
v 56.9116 -130.351 1507.02
vn -0.379906 0.831059 0.406218
v 56.9116 -128.893 1506.97
vn -0.15257 -0.535171 0.830852
v 57.3116 -130.351 1507
vn -0.887289 0.447236 0.112691
v 56.4067 -129.151 1507.37
vn -0.709777 -0.34152 0.616101
v 56.7117 -129.985 1507.37
vn -0.0885502 -0.666056 0.740627
v 57.3116 -129.959 1507.37
vn -0.325262 -0.289762 0.900135
v 57.3116 -129.551 1507.71
vn -0.409079 0.436229 0.801473
v 57.3116 -129.351 1507.66
vn -0.382649 0.702997 0.599479
v 57.3116 -128.951 1507.31
vn 0.954835 0.0121084 -0.296888
v 56.1116 -128.517 1495.77
vn 0.844789 -0.191918 -0.499498
v 56.2757 -127.351 1496.17
vn 0.943359 0.0521446 -0.32765
v 57.0476 -127.351 1497.77
vn 0.917976 -0.112275 -0.380414
v 57.3116 -128.551 1498.96
vn -0.80478 0.412549 0.42677
v 56.1116 -128.319 1504.97
vn -0.704189 0.544538 0.455628
v 56.5117 -128.551 1505.87
vn -0.836758 0.23339 0.495343
v 56.8945 -127.951 1506.17
vn -0.595269 0.562297 0.574001
v 57.3116 -128.751 1507.09
vn 0.895342 -0.176336 -0.408983
v 56.4351 -126.151 1496.37
vn 0.95191 0.237695 -0.193307
v 57.3195 -126.951 1499.77
vn -0.926069 0.0231435 0.376644
v 56.1382 -126.151 1503.57
vn -0.892789 0.207062 0.400067
v 56.4195 -125.951 1504.57
vn -0.827424 0.254387 0.500656
v 57.5117 -126.052 1506.37
vn 0.924854 0.309394 -0.22118
v 56.5632 -125.551 1496.97
vn 0.926893 0.198504 -0.318537
v 56.6132 -124.551 1497.77
vn 0.8847 0.464089 -0.0439132
v 57.4601 -125.151 1501.77
vn -0.419727 0.74559 0.517614
v 56.1116 -124.459 1503.77
vn -0.12428 0.871305 0.474744
v 56.1116 -124.143 1503.17
vn 0.100004 0.882831 0.458921
v 56.3116 -124.424 1503.77
vn 0.39136 0.859495 0.328795
v 56.3116 -124.184 1503.17
vn 0.501272 0.808304 0.308823
v 56.7117 -124.602 1503.77
vn 0.664313 0.726287 0.17662
v 57.1116 -124.821 1503.37
vn -0.850212 -0.0750233 0.521067
v 56.3788 -125.551 1504.17
vn -0.66693 -0.028498 0.744576
v 56.4538 -125.151 1504.37
vn -0.643677 -0.014031 0.765169
v 56.3116 -124.951 1504.28
vn -0.337982 0.585426 0.736916
v 56.3116 -124.751 1504.24
vn -0.313415 0.397944 0.862213
v 56.5117 -124.893 1504.37
vn 0.174171 0.797968 0.576985
v 56.5117 -124.684 1504.17
vn -0.817781 0.334498 0.468344
v 56.7117 -125.351 1504.65
vn 0.323815 0.867889 0.376713
v 57.1116 -125.346 1504.77
vn 0.199476 0.87061 0.449719
v 56.1116 -123.951 1502.82
vn 0.275041 -0.69307 0.666338
v 58.3116 -136.751 1508.22
vn -0.771884 0.17035 0.612516
v 58.4663 -136.351 1508.37
vn 0.434529 -0.709319 0.555024
v 58.5117 -136.665 1508.17
vn 0.405259 -0.912459 0.0564168
v 58.7117 -136.551 1508.58
vn -0.622301 -0.0409115 0.781708
v 58.7117 -136.087 1508.57
vn 0.933876 -0.328713 -0.140797
v 58.9351 -135.951 1507.97
vn 0.941481 -0.337066 0
v 58.9351 -135.951 1508.57
vn 0.98927 -0.00805534 0.145877
v 59.0038 -135.751 1508.17
vn 0.935836 -0.234395 -0.263192
v 58.8507 -133.951 1505.77
vn -0.718623 0.395368 0.572071
v 58.5117 -134.67 1507.37
vn -0.481659 0.506311 0.7153
v 58.9116 -135.151 1508.11
vn 0.982352 -0.133279 -0.131231
v 58.9976 -134.951 1507.57
vn -0.499226 0.57843 0.64513
v 58.9617 -134.951 1507.97
vn 0.677878 -0.647566 0.348051
v 59.1882 -134.751 1507.97
vn -0.7871 0.177906 0.590613
v 59.1116 -134.671 1508.17
vn 0.9447 -0.157744 -0.287506
v 58.6476 -132.351 1503.77
vn -0.557563 -0.0654134 0.827554
v 57.9116 -133.151 1506.46
vn -0.612677 0.0836474 0.785894
v 58.9116 -133.551 1507.39
vn 0.983853 -0.160139 -0.0799337
v 59.1945 -133.551 1507.17
vn -0.74903 0.350263 0.562378
v 59.1116 -133.551 1507.47
vn 0.959324 -0.272807 -0.0726247
v 59.2695 -133.151 1507.37
vn -0.621935 -0.0477122 0.781614
v 59.1116 -132.951 1507.56
vn -0.14789 -0.729206 0.668122
v 59.1866 -132.951 1507.57
vn -0.775384 -0.170235 0.608112
v 59.1116 -132.771 1507.57
vn -0.871239 -0.156729 0.465166
v 59.3037 -132.951 1507.77
vn 0.974895 0.0615591 -0.213985
v 58.0976 -130.751 1501.37
vn 0.962873 -0.0310273 -0.268166
v 58.432 -130.951 1502.97
vn 0.946255 -0.0963159 -0.308747
v 59.0726 -130.751 1504.37
vn 0.918507 -0.258577 -0.299136
v 59.1116 -131.951 1505.47
vn -0.408405 -0.292431 0.86469
v 57.9116 -131.151 1506.84
vn -0.689318 -0.119964 0.714457
v 58.7117 -131.951 1507.23
vn -0.715768 -0.325252 0.61797
v 58.8413 -131.151 1507.57
vn -0.701413 -0.283542 0.653929
v 59.1912 -130.951 1508.17
vn -0.659758 -0.531725 0.531026
v 59.1116 -130.867 1508.17
vn -0.842381 -0.389862 0.372024
v 59.1116 -130.688 1508.57
vn -0.848958 -0.427927 -0.310079
v 59.3007 -131.151 1508.77
vn -0.954912 -0.294993 0.0335151
v 59.2101 -131.151 1509.17
vn -0.804608 -0.497901 -0.323576
v 59.2038 -130.951 1508.77
vn -0.919573 -0.112971 0.376328
v 59.2507 -130.551 1509.57
vn 0.901627 -0.227911 -0.367595
v 58.3913 -129.951 1502.37
vn 0.971164 0.0366633 -0.235574
v 58.5117 -129.551 1502.5
vn 0.970963 0.197204 -0.135431
v 59.257 -130.151 1505.17
vn -0.450735 0.187758 0.872688
v 57.7117 -129.351 1507.93
vn -0.462005 -0.515343 0.721785
v 57.9116 -130.351 1507.24
vn -0.419802 -0.32045 0.849163
v 58.1116 -129.551 1508.05
vn -0.456585 0.106006 0.883342
v 58.5117 -129.351 1508.24
vn -0.755373 -0.407661 0.513053
v 58.7788 -130.351 1508.17
vn -0.899178 -0.405328 -0.164887
v 58.7257 -129.751 1508.37
vn -0.508781 0.226647 0.830526
v 58.9116 -129.351 1508.51
vn 0.875641 -0.0876548 0.474942
v 59.2913 -129.951 1508.57
vn 0.362916 0.65362 0.664133
v 59.1663 -128.951 1507.97
vn -0.689638 0.0816614 0.719535
v 59.1431 -129.751 1508.77
vn 0.963829 -0.0217045 -0.265637
v 58.0695 -128.551 1500.57
vn 0.942999 0.300654 -0.142687
v 58.0007 -128.151 1500.57
vn 0.966387 0.159839 -0.201364
v 57.8726 -127.351 1501.57
vn 0.962 0.234635 -0.139649
v 58.0476 -128.151 1501.57
vn 0.955598 0.289288 -0.0560707
v 58.8476 -127.951 1506.17
vn -0.568206 0.474614 0.672223
v 57.7742 -128.751 1507.57
vn -0.68029 0.138408 0.719756
v 57.7117 -128.351 1507.29
vn 0.0272325 0.0499159 0.998382
v 58.5117 -127.751 1508.02
vn -0.400567 0.420491 0.814084
v 58.7117 -128.551 1508.02
vn 0.778927 0.262632 0.56947
v 58.964 -128.351 1507.97
vn -0.567603 -0.00999227 0.823242
v 58.1116 -127.151 1507.95
vn 0.801034 0.583061 0.135587
v 58.4413 -127.151 1507.57
vn 0.76668 0.607057 0.209005
v 58.3323 -127.151 1507.97
vn 0.912959 -0.301365 -0.275108
v 59.3116 -134.563 1507.97
vn -0.0357468 -0.939256 -0.34135
v 59.7117 -133.624 1510.57
vn 0.722271 -0.31599 0.615203
v 59.357 -132.951 1507.37
vn 0.870002 -0.383585 -0.309772
v 59.6257 -132.751 1507.77
vn 0.588194 -0.80327 0.0937244
v 59.7117 -132.672 1507.97
vn -0.979776 -0.198913 -0.0217557
v 59.7038 -132.551 1509.17
vn -0.988792 -0.109849 -0.101115
v 59.7117 -132.951 1509.54
vn 0.618909 -0.780757 0.085848
v 59.7117 -132.562 1508.97
vn -0.0411285 -0.918729 -0.39274
v 59.9116 -133.551 1510.35
vn -0.046383 -0.895362 -0.442916
v 59.9116 -133.151 1509.54
vn 0.954189 -0.249145 -0.165681
v 59.9663 -133.151 1509.77
vn 0.979569 -0.107503 -0.169967
v 59.9601 -132.951 1509.57
vn 0 -0.998525 0.0542975
v 59.9226 -132.551 1509.17
vn 0.99156 -0.0416814 -0.122766
v 59.9257 -132.351 1508.97
vn -0.999201 -0.0258636 -0.0304589
v 59.5007 -132.551 1511.17
vn -0.0411285 -0.918729 -0.39274
v 59.6913 -133.551 1510.37
vn -0.991767 -0.0539083 -0.11616
v 59.5117 -133.551 1510.82
vn -0.947245 0.0469469 -0.317054
v 59.5117 -133.351 1510.75
vn -0.1052 -0.509903 0.853775
v 59.5117 -132.622 1511.37
vn 0.624818 -0.732342 0.270698
v 59.8353 -133.551 1510.57
vn 0.473745 -0.775144 0.417992
v 59.7117 -133.551 1510.81
vn -0.0266652 -0.562598 0.826301
v 59.7117 -133.333 1510.97
vn 0.609588 -0.126086 0.782627
v 59.7117 -132.551 1511.29
vn 0.753752 0.0976106 0.649869
v 59.8444 -132.351 1511.17
vn 0.58275 0.383355 0.716548
v 59.7117 -132.151 1511.24
vn 0.804309 -0.394032 0.444776
v 59.9116 -133.351 1510.78
vn 0.991388 -0.128148 0.0269614
v 60.0351 -133.151 1510.37
vn 0.903239 -0.0539051 0.42574
v 59.9757 -132.551 1510.97
vn 0.97908 0.1276 0.158497
v 60.0257 -132.351 1510.77
vn 0.949242 0.295742 0.107128
v 59.9116 -131.955 1510.77
vn 0.844868 0.287444 0.451192
v 59.9116 -132.151 1511
vn 0.920897 -0.245027 -0.303167
v 59.4101 -131.951 1506.17
vn 0.960974 -0.147628 -0.233954
v 59.5945 -131.951 1506.77
vn -0.971586 -0.15568 0.178281
v 59.3476 -131.351 1508.57
vn -0.78498 0.0103249 0.619435
v 59.3116 -131.151 1508.32
vn -0.482938 0.180434 0.856863
v 59.3116 -130.951 1508.28
vn -0.554264 -0.521453 0.648751
v 59.3116 -130.831 1508.37
vn -0.653935 -0.564353 -0.50386
v 59.3116 -130.951 1508.58
vn 0.978648 0.173742 -0.109829
v 59.5117 -131.001 1507.97
vn 0.518208 0.830481 0.204357
v 59.5117 -131.099 1508.37
vn -0.421257 -0.624892 -0.657307
v 59.5117 -131.082 1508.57
vn 0.962832 0.261592 -0.0672589
v 59.7117 -131.351 1507.46
vn 0.951547 0.248561 0.181041
v 59.6504 -131.151 1510.17
vn 0.979955 0.191502 -0.0549195
v 59.5913 -130.551 1509.57
vn -0.932553 -0.0407008 0.35873
v 59.5197 -130.551 1510.17
vn 0.986641 0.15759 -0.0412916
v 59.9726 -131.951 1509.37
vn -0.994355 -0.0412761 0.0977456
v 59.5526 -131.551 1510.57
vn 0.866795 0.494553 -0.0639093
v 59.3116 -129.866 1508.97
vn 0.0102375 -0.216059 -0.976327
v 34.2476 -141.751 1451.37
vn -0.722351 0.32472 -0.610546
v 34.2476 -141.751 1451.37
vn 0.0199904 -0.421889 -0.906427
v 34.3116 -142.177 1451.57
vn -0.145262 -0.922915 -0.356549
v 34.3116 -142.177 1451.57
vn 0.453127 -0.638294 -0.622299
v 34.3116 -142.177 1451.57
vn 0.655379 -0.274881 -0.703505
v 34.5117 -141.738 1451.37
vn -0.970457 0.160734 0.179936
v 34.3976 -142.551 1452.77
vn -0.929584 -0.351997 0.109416
v 34.3976 -142.551 1452.77
vn -0.929584 -0.351997 0.109416
v 34.5117 -142.79 1452.97
vn -0.464423 -0.867323 0.179059
v 34.6616 -142.751 1454.37
vn -0.97454 0.184671 0.127158
v 34.6616 -142.751 1454.37
vn -0.846845 -0.233111 0.47803
v 34.6616 -142.751 1454.37
vn -0.846845 -0.233111 0.47803
v 34.8875 -142.751 1454.77
vn -0.846845 -0.233111 0.47803
v 34.7195 -142.551 1454.57
vn -0.440658 -0.885268 0.148733
v 35.1116 -142.877 1454.77
vn -0.809289 0.223171 -0.543365
v 34.4382 -140.951 1451.57
vn -0.877171 0.116502 0.46583
v 34.4382 -140.951 1451.57
vn -0.877171 0.116502 0.46583
v 34.4913 -140.551 1451.57
vn 0.20176 0.317503 -0.926545
v 34.4913 -140.551 1451.57
vn 0 1 0
v 34.4913 -140.551 1451.57
vn -0.809289 0.223171 -0.543365
v 34.5173 -141.151 1451.37
vn 0.672447 0.0404582 -0.739039
v 34.5173 -141.151 1451.37
vn 0.20176 0.317503 -0.926545
v 34.5173 -141.151 1451.37
vn -0.739726 0.556846 -0.377794
v 34.5976 -140.551 1451.77
vn 0 1 0
v 34.5976 -140.551 1451.77
vn 0.20176 0.317503 -0.926545
v 34.7116 -140.551 1451.62
vn -0.64061 0.599034 -0.480393
v 34.7116 -140.551 1451.62
vn 0 1 0
v 34.7116 -140.551 1451.62
vn 0.195118 0.765134 -0.613596
v 34.7116 -140.551 1451.62
vn 0.195118 0.765134 -0.613596
v 34.7116 -140.351 1451.87
vn 0.302379 0.0659705 -0.950902
v 34.7116 -140.351 1451.87
vn 0.535658 0.12387 -0.835301
v 34.9116 -140.351 1451.93
vn -0.798448 0.346249 -0.492536
v 34.7851 -139.751 1452.17
vn -0.316958 0.0266895 -0.948064
v 34.7851 -139.751 1452.17
vn -0.990548 0.12455 -0.0574574
v 34.9116 -138.751 1452.16
vn -0.495676 0.649174 -0.576957
v 34.9116 -138.751 1452.16
vn -0.495676 0.649174 -0.576957
v 34.9244 -138.551 1452.37
vn -0.645172 0.140717 -0.750967
v 34.9244 -138.551 1452.37
vn 0.248114 0.0834004 -0.965134
v 35.1116 -139.151 1452.08
vn -0.645172 0.140717 -0.750967
v 35.1116 -138.551 1452.21
vn 0.276382 0.176049 -0.944786
v 35.1116 -138.551 1452.21
vn -0.947099 0.283454 -0.150523
v 35.1116 -137.951 1452.32
vn 0.318716 0.261446 -0.91108
v 35.1116 -137.951 1452.32
vn -0.191161 0.742692 -0.641768
v 35.1116 -137.951 1452.32
vn -0.191161 0.742692 -0.641768
v 35.1601 -137.551 1452.77
vn -0.639827 0.412195 -0.648626
v 35.1601 -137.551 1452.77
vn 0.0246979 -0.948404 -0.3161
v 36.7116 -145.18 1467.97
vn -0.941459 -0.335198 -0.0360034
v 35.7116 -143.359 1459.17
vn 0.364908 -0.913197 -0.181419
v 36.3116 -143.859 1461.57
vn -0.791444 -0.594888 0.140447
v 35.3116 -142.849 1456.37
vn -0.253854 -0.963113 -0.0892891
v 35.5117 -143.093 1456.97
vn -0.191161 0.742692 -0.641768
v 35.3116 -137.751 1452.5
vn -0.639827 0.412195 -0.648626
v 35.3116 -137.751 1452.5
vn 0.365885 0.455595 -0.811518
v 35.5117 -136.551 1453.06
vn -0.861509 0.490311 -0.131899
v 35.5117 -136.551 1453.06
vn 0.406234 0.638279 -0.653891
v 35.7116 -136.111 1453.57
vn -0.215631 0.674193 -0.706376
v 35.7116 -136.111 1453.57
vn 0.483138 -0.203151 -0.85165
v 35.7116 -136.111 1453.57
vn -0.542412 0.0455688 -0.838876
v 35.7136 -135.951 1453.97
vn -0.206029 -0.00392016 -0.978538
v 35.9116 -135.751 1453.86
vn -0.215631 0.674193 -0.706376
v 35.9116 -135.751 1453.86
vn 0.387187 -0.047779 -0.920762
v 36.7116 -135.351 1453.99
vn -0.968057 0.190909 0.162538
v 35.9116 -134.751 1453.91
vn -0.570864 0.5817 -0.57943
v 35.9116 -134.751 1453.91
vn -0.384473 0.608735 -0.69399
v 36.0516 -134.551 1453.97
vn 0.403018 0.402685 -0.82184
v 36.0516 -134.551 1453.97
vn -0.952205 0.2068 0.224809
v 36.4632 -133.151 1454.97
vn -0.871222 0.455852 -0.18213
v 36.4632 -133.151 1454.97
vn 0.394725 0.349635 -0.849675
v 36.7116 -133.351 1454.76
vn -0.116406 -0.973202 -0.19831
v 37.7116 -146.905 1474.37
vn -0.931653 -0.290206 0.218639
v 38.3351 -147.351 1477.37
vn 0.0339841 -0.9489 -0.313741
v 36.9116 -145.599 1468.97
vn -0.871222 0.455852 -0.18213
v 36.9116 -132.151 1455.33
vn 0.396972 0.403392 -0.824432
v 36.9116 -132.151 1455.33
vn -0.145051 0.742903 -0.653495
v 36.9116 -132.151 1455.33
vn 0.387017 0.382454 -0.839015
v 37.1116 -131.899 1455.57
vn -0.725643 0.500509 -0.472159
v 37.1116 -131.899 1455.57
vn 0.274098 0.152513 -0.949532
v 37.3116 -131.351 1455.85
vn -0.725643 0.500509 -0.472159
v 37.3116 -131.351 1455.85
vn 0.138047 0.348316 -0.927157
v 37.3116 -130.951 1455.9
vn -0.928914 0.098489 0.356959
v 37.0913 -131.551 1455.97
vn -0.145051 0.742903 -0.653495
v 37.0913 -131.551 1455.97
vn -0.734228 0.19334 -0.650791
v 37.0913 -131.551 1455.97
vn -0.725643 0.500509 -0.472159
v 37.0913 -131.551 1455.97
vn -0.854042 0.260857 -0.450073
v 37.2913 -130.551 1456.17
vn -0.206738 0.746654 -0.632271
v 37.2913 -130.551 1456.17
vn 0.5126 0.519337 -0.683761
v 37.7116 -130.169 1456.57
vn -0.321328 0.848326 -0.420821
v 37.7641 -129.951 1456.97
vn -0.513889 0.243963 -0.822435
v 37.7641 -129.951 1456.97
vn -0.79675 0.544607 -0.261903
v 37.7641 -129.951 1456.97
vn -0.991728 0.1172 0.0523363
v 37.8351 -129.751 1457.17
vn -0.513889 0.243963 -0.822435
v 37.9116 -129.951 1456.88
vn 0.462041 0.374204 -0.804046
v 37.9116 -129.951 1456.88
vn -0.79675 0.544607 -0.261903
v 37.9116 -129.751 1456.94
vn -0.94996 0.00813184 -0.312266
v 37.9116 -129.751 1456.94
vn 0.335055 0.252575 -0.907714
v 37.9116 -129.751 1456.94
vn -0.591714 0.0209861 -0.805875
v 37.9116 -129.751 1456.94
vn 0.0779224 -0.237726 -0.968202
v 37.9116 -129.751 1456.94
vn -0.342319 0.251112 -0.905406
v 37.9116 -128.551 1456.97
vn -0.865194 0.398785 0.303989
v 38.9538 -146.951 1480.17
vn -0.784093 0.455798 0.421243
v 39.4976 -147.151 1481.77
vn -0.963529 0.153678 0.219078
v 39.0507 -139.951 1466.17
vn 0.438911 0.14927 -0.886045
v 38.5117 -127.151 1457.69
vn -0.913603 0.405682 -0.0274102
v 38.5117 -127.151 1457.69
vn -0.993094 0.0570021 0.102545
v 38.5117 -127.151 1457.69
vn -0.559409 0.361329 -0.745991
v 38.5117 -127.151 1457.69
vn -0.808094 0.0427906 -0.587497
v 38.6507 -125.951 1458.37
vn -0.988313 0.143561 -0.0512544
v 38.7117 -125.551 1458.32
vn -0.808094 0.0427906 -0.587497
v 38.7117 -125.551 1458.32
vn -0.104802 0.210079 -0.972051
v 38.7117 -124.951 1458.36
vn -0.961644 0.0572344 0.268262
v 38.7117 -124.951 1458.36
vn -0.469767 0.713462 -0.519894
v 38.7117 -124.951 1458.36
vn -0.956647 0.111778 0.268947
v 38.782 -124.751 1458.57
vn -0.287386 0.370219 -0.883373
v 38.782 -124.751 1458.57
vn -0.469767 0.713462 -0.519894
v 39.1116 -124.551 1458.55
vn -0.287386 0.370219 -0.883373
v 39.1116 -124.551 1458.55
vn -0.995182 0.0583802 -0.0787722
v 39.7117 -124.251 1461.57
vn -0.287386 0.370219 -0.883373
v 39.1116 -123.54 1458.97
vn 0.473789 0.447138 -0.758678
v 39.1116 -123.54 1458.97
vn -0.0655362 0.807366 -0.586401
v 39.1116 -123.54 1458.97
vn -0.992605 -0.0530451 0.109183
v 39.2163 -122.951 1459.77
vn -0.584002 0.590717 -0.556772
v 39.2163 -122.951 1459.77
vn -0.722298 -0.0639514 -0.688619
v 39.2163 -122.951 1459.77
vn -0.0655362 0.807366 -0.586401
v 39.3116 -123.234 1459.37
vn -0.584002 0.590717 -0.556772
v 39.3116 -123.234 1459.37
vn -0.818092 -0.0900918 -0.567987
v 39.3116 -122.951 1459.67
vn 0.178509 -0.219778 -0.959079
v 39.3116 -122.951 1459.67
vn 0.562195 0.601817 -0.567233
v 39.3116 -122.951 1459.67
vn -0.967996 0.237363 0.0815027
v 39.7788 -123.551 1461.77
vn -0.996925 0.0745597 0.0241309
v 39.1101 -121.751 1459.77
vn -0.47065 0.420014 -0.775936
v 39.1101 -121.751 1459.77
vn 0.261603 -0.0227025 -0.964908
v 39.3116 -122.351 1459.52
vn -0.316726 0.282651 -0.905424
v 39.3116 -122.351 1459.52
vn 0.322262 0.470968 -0.82118
v 39.3116 -121.525 1459.77
vn -0.71533 0.387515 -0.581494
v 39.2195 -120.751 1460.57
vn -0.836443 0.325527 -0.440903
v 39.3116 -120.751 1460.46
vn 0.181905 0.50407 -0.844289
v 39.3116 -120.751 1460.46
vn -0.426687 0.396631 -0.812787
v 39.3116 -120.751 1460.46
vn -0.978833 -0.0408172 0.20055
v 39.2601 -119.951 1460.97
vn -0.241188 0.473849 -0.846933
v 39.5117 -119.551 1460.94
vn -0.984484 -0.0177906 0.174571
v 39.3116 -118.879 1461.37
vn -0.279984 0.708302 -0.64801
v 39.3116 -118.879 1461.37
vn -0.535829 0.803785 -0.258491
v 39.4476 -118.551 1462.17
vn -0.16454 0.220223 -0.961472
v 39.4476 -118.551 1462.17
vn 0.56062 0.595202 -0.575708
v 39.5117 -118.862 1461.37
vn 0.557974 0.628438 -0.541969
v 39.5117 -118.637 1461.77
vn 0.0801158 0.48031 -0.873432
v 39.5117 -117.951 1462.3
vn -0.54778 0.605409 -0.577423
v 39.5117 -117.951 1462.3
vn -0.578142 0.773796 -0.258825
v 39.7117 -118.353 1462.17
vn -0.54778 0.605409 -0.577423
v 39.4445 -117.751 1462.57
vn -0.50285 -0.511978 0.696434
v 39.5476 -118.151 1463.37
vn -0.995672 -0.0880099 0.0298679
v 39.4649 -117.351 1462.97
vn -0.0875011 0.703632 -0.705156
v 39.4649 -117.351 1462.97
vn -0.740296 0.458858 -0.491337
v 39.4649 -117.351 1462.97
vn 0.413959 0.706791 -0.573659
v 39.5117 -116.551 1463.65
vn -0.63997 0.585963 -0.497078
v 39.5117 -116.551 1463.65
vn -0.99652 -0.00815563 -0.0829579
v 39.2882 -116.351 1464.17
vn 0.397937 0.799224 -0.45043
v 39.5117 -116.043 1464.37
vn -0.371829 0.542864 0.753022
v 39.8476 -116.351 1465.17
vn -0.915163 -0.164836 0.36784
v 39.7117 -116.151 1464.96
vn -0.371829 0.542864 0.753022
v 39.7117 -116.151 1464.96
vn -0.0559117 0.991994 0.113232
v 39.7117 -116.151 1464.96
vn -0.177724 0.424529 0.8878
v 39.7117 -116.151 1464.96
vn 0.457194 0.657541 0.598843
v 39.7117 -116.151 1464.96
vn -0.799942 -0.522226 0.295589
v 39.9116 -116.551 1465.44
vn -0.748438 0.53955 -0.385652
v 39.9116 -116.309 1465.37
vn -0.313076 0.847192 0.429243
v 39.9116 -116.309 1465.37
vn 0.167689 0.97948 0.111803
v 39.9116 -116.118 1464.77
vn 0.457194 0.657541 0.598843
v 39.9116 -116.118 1464.77
vn -0.893607 0.40039 0.202864
v 39.9116 -116.151 1465.06
vn 0.1869 0.982035 -0.0259904
v 39.9116 -116.151 1465.06
vn -0.313076 0.847192 0.429243
v 39.9116 -116.151 1465.06
vn -0.997292 0.00238042 0.0735027
v 39.9228 -116.151 1465.57
vn -0.808438 0.588466 0.01167
v 40.0038 -116.151 1466.37
vn -0.839805 -0.40179 0.365094
v 40.0038 -116.151 1466.37
vn -0.50285 -0.511978 0.696434
v 39.2467 -115.951 1464.77
vn -0.383753 0.916668 0.111592
v 39.2467 -115.951 1464.77
vn -0.177724 0.424529 0.8878
v 39.2467 -115.951 1464.77
vn -0.93627 0.258878 -0.237446
v 39.3116 -115.899 1464.57
vn 0.184982 0.876247 -0.444942
v 39.3116 -115.899 1464.57
vn -0.383753 0.916668 0.111592
v 39.3116 -115.899 1464.57
vn -0.383753 0.916668 0.111592
v 39.5117 -115.84 1464.77
vn -0.177724 0.424529 0.8878
v 39.5117 -115.84 1464.77
vn 0.457194 0.657541 0.598843
v 39.5117 -115.84 1464.77
vn -0.951823 -0.07835 0.296469
v 40.0913 -115.951 1466.57
vn -0.779781 0.447815 0.437497
v 41.2195 -148.551 1485.77
vn -0.978204 0.00386117 0.207611
v 40.1226 -116.951 1465.37
vn -0.649408 0.682859 -0.334624
v 40.1116 -116.151 1465.21
vn -0.313076 0.847192 0.429243
v 40.1116 -116.151 1465.21
vn 0.358827 0.883319 -0.301646
v 40.1116 -115.959 1465.77
vn -0.0284719 0.995472 0.0906959
v 40.1116 -115.959 1465.77
vn -0.0284719 0.995472 0.0906959
v 40.1116 -115.995 1466.17
vn -0.969288 0.134764 0.205718
v 40.3788 -116.551 1466.57
vn -0.0284719 0.995472 0.0906959
v 40.3116 -115.971 1465.97
vn -0.465302 0.804654 -0.368817
v 40.3116 -115.971 1465.97
vn -0.831982 -0.528202 0.169732
v 40.8882 -116.551 1468.97
vn -0.808873 0.586398 -0.0431447
v 40.1163 -115.951 1466.77
vn -0.743229 0.651115 -0.153817
v 40.3116 -115.696 1466.57
vn -0.961061 -0.0981801 0.258306
v 40.2288 -115.551 1467.37
vn -0.609308 0.547134 0.573924
v 40.3116 -115.551 1467.75
vn 0.177335 0.929702 -0.322812
v 40.3216 -115.351 1467.57
vn -0.949973 0.233863 0.207025
v 40.3216 -115.351 1467.57
vn -0.609308 0.547134 0.573924
v 40.3216 -115.351 1467.57
vn -0.204512 0.883991 0.420398
v 40.3216 -115.351 1467.57
vn -0.217148 0.88153 0.419228
v 40.7117 -115.356 1467.77
vn 0.416671 0.893958 0.165
v 40.7117 -115.356 1467.77
vn -0.91946 -0.140876 0.367079
v 40.7117 -115.546 1468.17
vn -0.529907 -0.675743 0.512416
v 40.7117 -115.546 1468.17
vn -0.217148 0.88153 0.419228
v 40.7117 -115.546 1468.17
vn -0.738923 0.324615 0.590438
v 40.7117 -115.546 1468.17
vn 0.416671 0.893958 0.165
v 41.3116 -115.746 1468.37
vn -0.899571 -0.248579 0.359139
v 41.0132 -115.951 1468.77
vn -0.738923 0.324615 0.590438
v 41.0132 -115.951 1468.77
vn -0.738923 0.324615 0.590438
v 41.1116 -115.727 1468.77
vn -0.229748 0.878921 0.417987
v 41.1116 -115.727 1468.77
vn 0.416671 0.893958 0.165
v 41.1116 -115.727 1468.77
vn -0.257407 0.95037 -0.174754
v 41.1116 -115.727 1468.77
vn -0.1121 0.987581 -0.110075
v 41.5117 -115.398 1469.97
vn -0.83094 0.377331 0.408852
v 42.0476 -149.351 1487.97
vn 0.845106 -0.293868 -0.446583
v 42.7788 -126.551 1462.77
vn 0.688084 -0.315674 -0.653368
v 41.8632 -125.351 1460.97
vn 0.331631 0.931789 -0.147615
v 42.9116 -114.951 1474.54
vn -0.300616 -0.943494 -0.139456
v 44.3116 -151.546 1491.77
vn -0.406567 -0.752911 0.517521
v 44.7117 -151.724 1491.97
vn -0.890828 -0.297653 0.343261
v 43.7117 -150.151 1492.44
vn -0.341694 -0.668804 0.660263
v 44.4059 -149.751 1494.17
vn -0.317683 -0.707506 0.631279
v 44.5117 -150.002 1493.97
vn -0.396827 0.854755 0.334548
v 43.3116 -148.061 1489.57
vn -0.306953 0.896518 0.31943
v 44.0788 -148.551 1491.77
vn -0.928684 0.101749 0.356642
v 44.5704 -148.351 1491.57
vn -0.741588 0.608279 0.282921
v 44.5704 -148.351 1491.57
vn -0.947327 0.247559 0.203192
v 44.7913 -148.151 1492.57
vn -0.759433 0.603506 0.242987
v 44.7117 -148.737 1492.77
vn -0.72411 0.112692 0.680415
v 44.7117 -149.551 1494.53
vn -0.433457 -0.0495682 0.89981
v 44.7117 -149.551 1494.53
vn 0.861596 -0.238717 -0.447958
v 43.6601 -137.751 1467.37
vn 0.748199 -0.601602 -0.279774
v 43.5445 -137.551 1467.17
vn 0.820651 -0.0897469 -0.564338
v 43.5445 -137.551 1467.17
vn 0.89797 0.426635 -0.107858
v 44.4445 -133.751 1467.57
vn 0.901264 -0.185284 -0.391655
v 44.0163 -132.951 1467.17
vn 0.962539 -0.270726 -0.0150351
v 43.4226 -131.951 1464.57
vn 0.881586 -0.403652 -0.244686
v 43.4351 -131.951 1465.37
vn 0.895003 -0.40476 -0.187456
v 43.4851 -131.751 1464.97
vn 0.836106 0.543116 -0.0771499
v 44.7913 -128.951 1468.97
vn 0.890565 0.436675 -0.127316
v 43.457 -127.751 1463.17
vn -0.941311 0.237858 0.239492
v 43.7117 -115.343 1476.97
vn -0.595121 0.795646 0.113046
v 43.9116 -115.165 1476.77
vn 0.256924 0.956056 -0.141237
v 43.9116 -115.165 1476.77
vn -0.890197 0.4174 0.182556
v 44.3116 -114.724 1478.57
vn -0.130245 0.991468 -0.00519814
v 44.7117 -114.597 1480.17
vn -0.124899 -0.962862 0.23937
v 45.7117 -151.64 1492.57
vn -0.674829 -0.508482 0.534838
v 46.0656 -151.551 1493.57
vn -0.873574 -0.442235 0.203216
v 44.9116 -148.351 1492.47
vn -0.959372 0.145221 0.241904
v 45.0695 -148.351 1493.17
vn -0.5395 0.0384597 0.841107
v 45.1116 -149.151 1494.75
vn -0.906585 -0.257516 0.334349
v 45.5117 -148.151 1494.53
vn -0.822199 0.282497 0.49415
v 45.5117 -148.151 1494.53
vn 0.901395 0.40215 -0.160507
v 45.282 -134.351 1470.77
vn 0.885423 0.430008 -0.176408
v 45.0538 -128.951 1470.97
vn -0.703783 0.63799 0.312503
v 45.3116 -114.559 1481.57
vn -0.677711 0.657546 0.329153
v 45.7117 -114.951 1483.18
vn -0.298833 0.898118 0.322619
v 45.7117 -114.951 1483.18
vn 0.569517 -0.758101 -0.317701
v 46.5117 -151.646 1493.77
vn -0.763644 -0.438411 0.473966
v 46.7117 -151.618 1494.37
vn -0.457247 -0.881808 0.115497
v 47.632 -151.551 1496.37
vn 0.58126 -0.729903 -0.359692
v 47.7117 -151.646 1496.17
vn -0.152369 -0.972207 -0.177757
v 47.7117 -151.646 1496.17
vn -0.918103 0.126612 0.375575
v 48.0226 -151.951 1497.57
vn -0.152789 -0.974887 -0.162023
v 48.0226 -151.951 1497.57
vn -0.697404 -0.632085 0.337782
v 48.0226 -151.951 1497.57
vn -0.770724 0.143693 0.620755
v 47.4757 -146.751 1496.17
vn 0.933457 0.25589 -0.251352
v 47.9913 -132.551 1477.77
vn -0.540448 0.748382 0.384501
v 47.3116 -116.112 1487.57
vn -0.792626 0.355507 0.495337
v 47.9116 -116.378 1488.97
vn -0.888052 -0.457209 -0.0482057
v 48.2976 -152.151 1498.37
vn -0.930044 0.190627 0.314132
v 48.2976 -152.151 1498.37
vn -0.69203 -0.217885 0.688201
v 48.2976 -152.151 1498.37
vn -0.802104 -0.548598 -0.235945
v 48.2163 -151.951 1497.97
vn -0.697404 -0.632085 0.337782
v 48.2163 -151.951 1497.97
vn 0.642699 -0.660155 -0.388758
v 48.3116 -151.996 1497.57
vn -0.697404 -0.632085 0.337782
v 48.3116 -152.056 1497.97
vn -0.675261 -0.612016 -0.411654
v 48.3116 -152.056 1497.97
vn -0.802104 -0.548598 -0.235945
v 48.3116 -152.151 1498.11
vn 0.389452 -0.838213 -0.38174
v 48.3116 -152.151 1498.11
vn 0.432154 -0.875003 -0.218205
v 48.4964 -152.151 1498.57
vn -0.69203 -0.217885 0.688201
v 48.4964 -152.151 1498.57
vn -0.880914 0.330351 -0.338909
v 48.4964 -152.151 1498.57
vn -0.806177 -0.503868 -0.310155
v 48.4964 -152.151 1498.57
vn 0.790625 -0.327618 -0.51728
v 48.4964 -152.151 1498.57
vn -0.638241 0.239347 0.731684
v 48.4195 -152.151 1498.77
vn -0.880914 0.330351 -0.338909
v 48.4195 -152.151 1498.77
vn -0.806177 -0.503868 -0.310155
v 48.4195 -152.151 1498.77
vn 0 -1 0
v 48.4195 -152.151 1498.77
vn 0 1 0
v 48.4195 -152.151 1498.77
vn -0.806177 -0.503868 -0.310155
v 48.5445 -152.351 1498.77
vn 0.790625 -0.327618 -0.51728
v 48.5445 -152.351 1498.77
vn 0.697177 -0.288895 0.656113
v 48.5445 -152.351 1498.77
vn 0.358014 -0.889355 -0.284381
v 48.5117 -151.994 1497.97
vn 0.790625 -0.327618 -0.51728
v 48.6273 -152.151 1498.77
vn 0.697177 -0.288895 0.656113
v 48.6273 -152.151 1498.77
vn 0.813129 -0.561645 -0.152893
v 48.6273 -152.151 1498.77
vn 0 -1 0
v 48.6273 -152.151 1498.77
vn 0 1 0
v 48.6273 -152.151 1498.77
vn 0.697177 -0.288895 0.656113
v 48.5117 -152.151 1498.9
vn 0 1 0
v 48.5117 -152.151 1498.9
vn 0 -1 0
v 48.6487 -152.151 1498.97
vn 0.803494 -0.553239 -0.219828
v 48.6487 -152.151 1498.97
vn -0.937554 -0.317633 -0.141778
v 48.6487 -152.151 1498.97
vn -0.69203 -0.217885 0.688201
v 48.5695 -151.751 1498.77
vn -0.638241 0.239347 0.731684
v 48.5695 -151.751 1498.77
vn -0.880914 0.330351 -0.338909
v 48.5695 -151.751 1498.77
vn 0.951382 -0.185805 0.24566
v 49.1086 -151.351 1498.97
vn 0.744589 0.272049 0.609571
v 49.1086 -151.351 1498.97
vn 0.193912 -0.968089 0.15875
v 49.1086 -151.351 1498.97
vn -0.939577 0.291082 0.180186
v 48.6788 -152.551 1500.17
vn 0.722093 -0.40352 0.56192
v 48.6788 -152.551 1500.17
vn 0.349996 0.529686 0.772616
v 48.6788 -152.551 1500.17
vn 0.722093 -0.40352 0.56192
v 48.7228 -152.751 1499.97
vn 0.815105 -0.474538 -0.332291
v 48.7228 -152.751 1499.97
vn -0.242924 -0.946937 0.210471
v 48.7117 -152.351 1500.02
vn 0.349996 0.529686 0.772616
v 48.7117 -152.351 1500.02
vn 0.646892 0.149929 0.747698
v 48.9101 -151.951 1500.17
vn 0.4173 0.770208 0.482328
v 48.9101 -151.951 1500.17
vn 0.875596 -0.452671 -0.168585
v 48.9116 -152.413 1499.97
vn -0.242924 -0.946937 0.210471
v 48.9116 -152.413 1499.97
vn 0.349996 0.529686 0.772616
v 48.9116 -152.413 1499.97
vn -0.749844 0.125155 0.64967
v 48.9116 -152.351 1500.25
vn 0.891085 -0.443026 0.0984691
v 48.9116 -152.351 1500.25
vn 0.646892 0.149929 0.747698
v 48.9116 -152.351 1500.25
vn 0.744589 0.272049 0.609571
v 49.0179 -151.551 1499.17
vn 0.886968 0.453041 0.0896748
v 49.0179 -151.551 1499.17
vn 0.744589 0.272049 0.609571
v 48.9116 -151.351 1499.21
vn 0.886968 0.453041 0.0896748
v 48.9116 -151.351 1499.21
vn 0.4173 0.770208 0.482328
v 48.9116 -151.351 1499.21
vn 0.121066 -0.963661 0.238118
v 48.9116 -151.351 1499.21
vn 0.646892 0.149929 0.747698
v 49.1413 -151.951 1499.97
vn 0.886968 0.453041 0.0896748
v 49.1413 -151.951 1499.97
vn 0.4173 0.770208 0.482328
v 49.1413 -151.951 1499.97
vn 0.901594 -0.43009 -0.046368
v 49.3116 -151.212 1499.57
vn -0.172896 -0.964817 0.19808
v 49.2008 -151.151 1499.77
vn -0.0596944 0.833022 0.55001
v 49.2507 -150.751 1499.77
vn -0.107482 -0.0879436 0.99031
v 49.2507 -150.751 1499.77
vn -0.976664 0.121925 0.17681
v 49.3116 -151.151 1500.39
vn -0.0596944 0.833022 0.55001
v 49.3116 -151.151 1500.39
vn 0.911267 -0.410662 0.0308027
v 49.3116 -151.151 1500.39
vn 0.897748 -0.432065 0.0858364
v 49.5117 -150.751 1499.8
vn 0.0961237 -0.0880464 0.991468
v 49.5117 -150.751 1499.8
vn 0.0961237 -0.0880464 0.991468
v 49.5117 -150.351 1499.84
vn -0.0693502 -0.994577 0.077506
v 49.5117 -150.351 1499.84
vn -0.641585 -0.272443 0.717038
v 49.5117 -150.351 1499.84
vn -0.742465 -0.373984 0.555771
v 49.5788 -150.151 1499.97
vn 0.480904 -0.811712 -0.331445
v 49.3116 -145.151 1486.21
vn 0.895287 -0.00798311 -0.445418
v 48.6976 -131.751 1479.57
vn 0.838998 -0.539116 -0.073734
v 49.7117 -150.37 1499.77
vn -0.0693502 -0.994577 0.077506
v 49.7117 -150.37 1499.77
vn -0.742465 -0.373984 0.555771
v 49.7117 -150.351 1500.02
vn 0.601979 -0.796098 0.0620388
v 49.7117 -150.351 1500.02
vn 0.142514 -0.771126 0.620527
v 49.7117 -150.351 1500.02
vn -0.90589 0.0941822 0.412907
v 49.7117 -150.151 1500.26
vn 0.142514 -0.771126 0.620527
v 49.7117 -150.151 1500.26
vn -0.108946 -0.982033 0.154085
v 49.7117 -150.151 1500.26
vn -0.561304 -0.233909 0.793867
v 49.7117 -150.151 1500.26
vn -0.561304 -0.233909 0.793867
v 49.8653 -150.151 1500.37
vn -0.922288 -0.384339 -0.0408532
v 49.8653 -150.151 1500.37
vn -0.561304 -0.233909 0.793867
v 49.782 -149.951 1500.37
vn -0.922288 -0.384339 -0.0408532
v 49.782 -149.951 1500.37
vn 0.142514 -0.771126 0.620527
v 49.9116 -150.187 1500.17
vn -0.0540209 -0.984433 0.167253
v 49.9116 -150.187 1500.17
vn 0.831434 -0.513349 -0.21258
v 50.1116 -150.114 1500.57
vn -0.922288 -0.384339 -0.0408532
v 49.8476 -150.151 1500.77
vn -0.89117 0.247364 0.3803
v 49.8476 -150.151 1500.77
vn -0.471697 -0.644292 0.601988
v 49.8476 -150.151 1500.77
vn 0.694862 -0.716216 -0.0648225
v 50.1116 -150.151 1500.98
vn -0.250006 -0.707485 0.661031
v 50.1116 -150.151 1500.98
vn -0.789213 0.261103 0.55585
v 50.1116 -149.97 1501.17
vn -0.0119363 -0.615955 0.787691
v 50.3116 -149.974 1501.17
vn 0.868041 -0.241503 0.433799
v 50.3116 -149.974 1501.17
vn -0.717311 0.275381 0.640023
v 50.3116 -149.751 1501.3
vn 0.821325 -0.106918 0.560351
v 50.3116 -149.751 1501.3
vn 0.779508 -0.063903 0.623125
v 50.5851 -149.351 1500.97
vn 0.917077 -0.381164 -0.11698
v 50.5851 -149.351 1500.97
vn -0.812767 0.255208 0.523717
v 50.5117 -148.551 1501.02
vn -0.536292 -0.288776 0.793095
v 50.5117 -148.551 1501.02
vn 0.626803 -0.750251 -0.210336
v 50.5117 -148.551 1501.02
vn -0.536292 -0.288776 0.793095
v 50.7117 -148.151 1501.3
vn -0.672059 -0.689248 0.270693
v 50.7117 -148.151 1501.3
vn -0.672059 -0.689248 0.270693
v 50.9116 -148.316 1501.37
vn 0.00305356 -0.930785 0.365554
v 50.9116 -148.316 1501.37
vn 0.683195 -0.713135 -0.157109
v 50.9116 -148.316 1501.37
vn -0.823313 0.103237 0.55812
v 50.9116 -148.159 1501.77
vn 0.00286534 -0.873413 0.486971
v 50.9116 -148.159 1501.77
vn 0.764286 -0.635347 0.110457
v 51.1116 -148.159 1501.77
vn 0.00262545 -0.80029 0.599607
v 51.1116 -148.009 1501.97
vn 0.6604 -0.610555 0.437144
v 51.1116 -148.009 1501.97
vn -0.866042 0.191188 0.461972
v 49.7538 -146.151 1498.57
vn 0.652724 -0.666096 -0.360926
v 50.5601 -143.751 1488.17
vn 0.661326 -0.612613 -0.432842
v 50.6413 -143.751 1488.37
vn 0.730403 -0.528421 -0.432762
v 50.7117 -144.11 1488.77
vn 0.741598 -0.518817 -0.425279
v 50.3788 -143.151 1486.77
vn -0.906929 0.373751 0.194395
v 50.6663 -143.151 1499.97
vn -0.46368 -0.442587 0.76754
v 51.0538 -142.151 1500.77
vn 0.802523 -0.128459 -0.582628
v 49.918 -135.951 1482.37
vn 0.890929 0.204862 -0.405311
v 50.5351 -136.351 1482.97
vn 0.696603 0.00391526 -0.717446
v 50.8116 -129.151 1484.57
vn 0.906691 -0.066348 -0.416544
v 50.7117 -128.951 1484.12
vn 0.139605 0.919185 0.368251
v 51.1116 -118.39 1493.97
vn 0.804708 -0.580471 -0.124493
v 51.5976 -147.351 1499.97
vn -0.432368 -0.266135 0.861528
v 51.3116 -147.351 1502.14
vn 0.703544 -0.536672 0.465842
v 51.5117 -147.439 1502.17
vn 0.442979 0.270847 0.854641
v 51.5117 -146.751 1502.24
vn -0.465811 -0.597319 0.652863
v 51.5117 -146.751 1502.24
vn 0.825991 -0.562801 -0.0315347
v 51.7117 -146.951 1502.2
vn 0.442979 0.270847 0.854641
v 51.7117 -146.951 1502.2
vn -0.465811 -0.597319 0.652863
v 51.7117 -146.951 1502.2
vn 0.45249 -0.778764 0.434488
v 51.7117 -146.951 1502.2
vn 0.741948 -0.386233 0.548031
v 51.5117 -147.184 1502.37
vn -0.802003 0.180453 0.56941
v 51.5117 -147.184 1502.37
vn 0.442979 0.270847 0.854641
v 51.5117 -147.184 1502.37
vn 0.556116 -0.679599 0.478415
v 52.1116 -146.151 1503.21
vn -0.882455 0.251109 0.397765
v 52.1116 -146.151 1503.21
vn -0.447502 0.258446 0.856123
v 52.1116 -146.151 1503.21
vn -0.366291 0.268682 0.890865
v 52.3116 -145.351 1503.08
vn 0.875652 -0.228435 0.4255
v 52.5117 -145.551 1503.24
vn 0.811772 0.209303 0.545178
v 52.5117 -145.151 1503.09
vn 0.671446 -0.588063 0.450936
v 52.5117 -145.151 1503.09
vn 0.541952 -0.650868 0.531657
v 52.7226 -145.151 1502.77
vn -0.0397897 0.220047 0.974678
v 52.7117 -144.951 1503.05
vn -0.713156 -0.30777 0.62983
v 52.7117 -144.951 1503.05
vn -0.153743 0.217603 0.963853
v 52.5117 -144.645 1502.97
vn -0.713156 -0.30777 0.62983
v 52.5117 -144.645 1502.97
vn 0.853116 -0.407216 -0.326141
v 52.8257 -140.351 1491.17
vn -0.996226 0.0592597 -0.0634197
v 51.6038 -140.551 1498.37
vn -0.877941 0.445357 0.175718
v 51.7476 -141.151 1501.77
vn -0.902471 0.374149 0.213444
v 51.9439 -140.951 1501.97
vn -0.369352 -0.609179 0.701769
v 51.9439 -140.951 1501.97
vn -0.448298 -0.655853 0.60736
v 52.3116 -140.751 1502.34
vn -0.448298 -0.655853 0.60736
v 52.1116 -140.551 1502.41
vn -0.7083 -0.170326 0.685055
v 52.1116 -140.551 1502.41
vn -0.654689 -0.0711075 0.752547
v 52.2226 -140.351 1502.57
vn -0.651072 -0.131612 0.747518
v 52.3116 -140.551 1502.62
vn 0.178578 -0.707162 0.684128
v 52.3116 -140.551 1502.62
vn 0.157925 -0.654835 0.739088
v 52.7117 -139.983 1502.97
vn 0.885062 -0.340643 -0.317218
v 52.382 -139.151 1488.37
vn 0.628841 -0.535455 -0.563779
v 51.4209 -131.351 1485.17
vn -0.901834 0.203423 0.381201
v 52.082 -125.151 1494.37
vn 0.470273 -0.676076 0.567243
v 52.9116 -144.351 1503.57
vn -0.797355 0.239484 0.55396
v 52.9116 -144.351 1503.57
vn -0.261298 -0.271742 0.926218
v 52.9116 -144.351 1503.57
vn 0.847919 -0.529961 -0.0132222
v 54.0101 -143.351 1504.17
vn -0.261298 -0.271742 0.926218
v 54.0101 -143.351 1504.17
vn 0.496066 -0.422169 0.758744
v 54.0101 -143.351 1504.17
vn 0.358822 -0.486703 0.796472
v 54.3851 -142.551 1504.37
vn -0.261298 -0.271742 0.926218
v 54.3116 -142.278 1504.57
vn 0.35572 -0.524848 0.773303
v 54.3116 -142.278 1504.57
vn -0.694439 0.360925 0.622485
v 53.5117 -139.151 1503.66
vn 0.190625 0.026838 0.981296
v 53.5117 -139.151 1503.66
vn 0.190625 0.026838 0.981296
v 53.8507 -138.551 1503.57
vn 0.190625 0.026838 0.981296
v 53.9116 -138.984 1503.57
vn -0.807222 -0.113649 0.579204
v 53.9116 -138.984 1503.57
vn 0.100847 -0.672488 0.733205
v 54.225 -138.151 1504.17
vn -0.313239 -0.0681046 0.947229
v 54.1116 -137.551 1504.6
vn -0.834513 0.468148 0.29056
v 54.1288 -137.151 1504.57
vn -0.464694 -0.0167183 0.885314
v 54.1288 -137.151 1504.57
vn 0.136368 -0.269469 0.953305
v 54.3116 -137.776 1504.57
vn 0.128907 -0.737539 0.662887
v 54.3116 -137.776 1504.57
vn 0.7754 0.115529 -0.620812
v 53.8413 -125.151 1490.77
vn 0.908524 0.417141 0.0240391
v 53.8413 -125.151 1490.77
vn 0.718084 -0.382489 -0.581428
v 54.0507 -125.151 1491.97
vn 0.700785 -0.398518 -0.591678
v 53.1116 -123.351 1490.2
vn 0.864544 0.105164 -0.49143
v 53.1116 -123.351 1490.2
vn -0.671348 0.2295 0.704714
v 55.7117 -140.151 1505.66
vn 0.407847 -0.404278 0.81867
v 55.9116 -140.136 1505.57
vn 0.59218 -0.395879 0.701857
v 56.032 -139.751 1505.57
vn -0.431318 -0.657146 0.618162
v 56.032 -139.751 1505.57
vn 0.530016 -0.345387 0.774462
v 55.9116 -139.751 1505.67
vn 0.526672 -0.577035 0.624217
v 56.014 -139.551 1505.77
vn -0.49197 -0.749555 0.442869
v 56.014 -139.551 1505.77
vn -0.890292 -0.184484 0.416348
v 56.014 -139.551 1505.77
vn -0.557507 -0.117457 0.821821
v 55.9726 -139.351 1505.77
vn 0.178375 -0.383299 0.906236
v 54.9116 -137.951 1504.26
vn -0.219533 -0.254558 0.94181
v 54.5117 -136.551 1504.89
vn -0.225904 0.81301 0.536639
v 54.9116 -135.647 1504.97
vn -0.480542 -0.0726195 0.87396
v 54.9116 -135.736 1505.17
vn -0.0529576 0.732503 0.6787
v 54.9116 -135.736 1505.17
vn -0.472444 0.319542 0.821395
v 54.9116 -135.551 1504.87
vn -0.200422 0.721303 0.662987
v 54.9116 -135.551 1504.87
vn -0.550652 0.288899 0.783148
v 54.9228 -135.351 1504.77
vn 0.168489 0.426387 0.88871
v 55.1116 -135.951 1505.27
vn -0.0183263 0.804159 0.594132
v 55.1116 -135.591 1504.97
vn 0.115311 0.267237 0.956707
v 55.1116 -135.591 1504.97
vn -0.59379 -0.457642 0.661799
v 55.1116 -135.351 1504.91
vn -0.00622262 0.159924 0.98711
v 55.1116 -135.351 1504.91
vn -0.254246 0.264312 0.930322
v 55.4816 -135.751 1504.97
vn 0.113575 -0.409748 0.905101
v 55.5117 -136.551 1504.92
vn 0.316376 -0.300087 0.899919
v 55.5117 -135.951 1505.12
vn -0.284227 -0.30329 0.909522
v 55.5117 -135.951 1505.12
vn -0.367373 0.422504 0.828569
v 55.5117 -135.951 1505.12
vn -0.490293 -0.599547 0.63258
v 55.5573 -135.551 1504.97
vn -0.035099 -0.508592 0.860292
v 55.5117 -135.224 1505.37
vn -0.280485 0.340203 0.897547
v 55.9116 -135.951 1505.25
vn -0.56525 0.184988 0.80391
v 54.9882 -135.151 1504.77
vn -0.738161 -0.667907 0.0949683
v 55.2789 -135.151 1505.17
vn -0.882955 -0.455506 0.113597
v 55.1757 -134.951 1505.17
vn -0.109108 -0.339182 0.934372
v 55.3116 -135.151 1505.43
vn -0.8265 0.165031 0.538203
v 55.3116 -135.151 1505.43
vn -0.277656 -0.202933 0.939002
v 55.7117 -133.951 1505.69
vn -0.780479 -0.0761221 0.62053
v 56.0757 -132.151 1506.37
vn -0.0530059 -0.304884 0.950913
v 56.0757 -132.151 1506.37
vn -0.487071 0.0366325 0.872594
v 56.0757 -132.151 1506.37
vn 0.93224 0.30514 -0.194469
v 55.832 -127.951 1494.77
vn 0.755516 -0.439131 -0.486169
v 54.582 -125.751 1493.17
vn 0.717442 -0.479092 -0.505716
v 55.1851 -126.351 1494.37
vn 0.71222 -0.558632 -0.425055
v 55.457 -126.351 1494.77
vn 0.771905 -0.39678 -0.496718
v 54.5695 -125.551 1492.97
vn 0.729604 0.682184 -0.0479959
v 54.7226 -123.551 1494.17
vn -0.0506493 0.800329 0.597418
v 55.3116 -122.765 1501.17
vn 0.499898 -0.80786 0.312193
v 56.1116 -139.615 1505.77
vn -0.844442 0.0818054 0.529364
v 56.1116 -139.551 1505.98
vn 0.555209 -0.795099 0.244051
v 56.1116 -139.551 1505.98
vn -0.366574 -0.243665 0.897915
v 56.1116 -139.551 1505.98
vn -0.366574 -0.243665 0.897915
v 56.5382 -138.751 1506.37
vn -0.766868 -0.509743 0.38997
v 56.5382 -138.751 1506.37
vn -0.366574 -0.243665 0.897915
v 56.7117 -139.012 1506.37
vn -0.766868 -0.509743 0.38997
v 56.7117 -139.012 1506.37
vn 0.171567 -0.782456 0.598604
v 56.7117 -139.012 1506.37
vn 0.139114 -0.720546 0.679309
v 56.7117 -138.751 1506.71
vn -0.841703 0.24186 0.482742
v 56.7117 -138.751 1506.71
vn 0.805556 -0.577978 -0.130464
v 57.1116 -138.618 1506.77
vn -0.518892 -0.168162 0.838137
v 56.181 -130.751 1506.37
vn -0.796415 -0.426124 0.429116
v 56.6913 -130.551 1506.77
vn -0.595568 -0.0793284 0.799379
v 56.3695 -130.151 1506.57
vn -0.413564 0.475817 0.776249
v 56.4067 -129.151 1507.37
vn -0.0132135 -0.684743 0.728665
v 56.7117 -129.985 1507.37
vn 0.359677 0.878869 0.313404
v 57.5117 -126.052 1506.37
vn -0.0666605 0.806299 0.58774
v 57.5117 -126.052 1506.37
vn -0.608939 0.147465 0.779389
v 56.7117 -125.351 1504.65
vn -0.137312 0.893034 0.428527
v 56.7117 -125.351 1504.65
vn -0.114661 0.568079 0.814947
v 57.1116 -125.346 1504.77
vn -0.737109 0.0733173 0.671785
v 58.3116 -136.751 1508.22
vn 0.405259 -0.912459 0.0564168
v 58.3116 -136.751 1508.22
vn 0.831185 -0.531217 -0.164134
v 58.5117 -136.665 1508.17
vn 0.405259 -0.912459 0.0564168
v 58.5117 -136.665 1508.17
vn -0.674198 0.0134238 0.738429
v 58.7117 -136.551 1508.58
vn 0.88301 -0.453077 -0.122531
v 58.7117 -136.551 1508.58
vn -0.0111161 0.0181747 0.999773
v 58.7117 -136.551 1508.58
vn -0.587732 0.430047 0.685296
v 58.7117 -136.087 1508.57
vn -0.0111161 0.0181747 0.999773
v 58.7117 -136.087 1508.57
vn -0.0111161 0.0181747 0.999773
v 58.9351 -135.951 1508.57
vn -0.287782 0.470521 0.834141
v 58.9351 -135.951 1508.57
vn 0.953136 0.171165 0.249468
v 58.9351 -135.951 1508.57
vn -0.7871 0.177906 0.590613
v 58.5117 -134.67 1507.37
vn -0.375878 0.117692 0.919165
v 58.5117 -134.67 1507.37
vn 0.897555 0.177879 0.403428
v 58.9116 -135.151 1508.11
vn 0.660621 -0.748371 0.059344
v 58.9976 -134.951 1507.57
vn -0.800018 -0.000136391 0.599975
v 58.9617 -134.951 1507.97
vn 0.935363 0.131444 0.328358
v 58.9617 -134.951 1507.97
vn 0.635778 -0.720228 0.277591
v 58.9617 -134.951 1507.97
vn 0.85435 -0.432394 -0.288307
v 59.1882 -134.751 1507.97
vn 0.662642 -0.573961 0.481118
v 59.1116 -134.671 1508.17
vn 0.48966 0.460955 0.740104
v 59.1116 -134.671 1508.17
vn 0.91832 0.305411 0.251817
v 59.1945 -133.551 1507.17
vn -0.378506 -0.00340089 0.925592
v 59.1116 -133.551 1507.47
vn 0.48966 0.460955 0.740104
v 59.1116 -133.551 1507.47
vn 0.91832 0.305411 0.251817
v 59.1116 -133.551 1507.47
vn 0.920362 -0.298732 0.252376
v 59.1116 -133.551 1507.47
vn 0.700338 -0.0958457 0.707348
v 59.1116 -133.551 1507.47
vn 0.700338 -0.0958457 0.707348
v 59.2695 -133.151 1507.37
vn -0.14789 -0.729206 0.668122
v 59.2695 -133.151 1507.37
vn 0.722271 -0.31599 0.615203
v 59.2695 -133.151 1507.37
vn 0.700338 -0.0958457 0.707348
v 59.1116 -132.951 1507.56
vn -0.14789 -0.729206 0.668122
v 59.1116 -132.951 1507.56
vn -0.21525 -0.0896843 0.972432
v 59.1116 -132.951 1507.56
vn -0.21525 -0.0896843 0.972432
v 59.1866 -132.951 1507.57
vn -0.812194 -0.338403 0.47521
v 59.1866 -132.951 1507.57
vn 0.722271 -0.31599 0.615203
v 59.1866 -132.951 1507.57
vn 0 -1 0
v 59.1866 -132.951 1507.57
vn -0.21525 -0.0896843 0.972432
v 59.1116 -132.771 1507.57
vn 0 -1 0
v 59.3037 -132.951 1507.77
vn 0.527343 -0.844813 0.0905583
v 59.3037 -132.951 1507.77
vn -0.23673 -0.886665 0.39722
v 59.1116 -130.867 1508.17
vn -0.23673 -0.886665 0.39722
v 59.1116 -130.688 1508.57
vn -0.842373 -0.476114 -0.252433
v 59.1116 -130.688 1508.57
vn -0.691847 0.423136 -0.585067
v 59.3007 -131.151 1508.77
vn -0.929512 -0.0656699 0.362898
v 58.7257 -129.751 1508.37
vn -0.701801 -0.357903 0.61594
v 58.7257 -129.751 1508.37
vn -0.57077 0.0380656 0.820227
v 58.7257 -129.751 1508.37
vn -0.504758 0.684009 0.52664
v 58.7257 -129.751 1508.37
vn 0.362916 0.65362 0.664133
v 58.9116 -129.351 1508.51
vn 0.778927 0.262632 0.56947
v 58.9116 -129.351 1508.51
vn 0.989344 0.119212 -0.0835853
v 59.2913 -129.951 1508.57
vn 0.909521 0.371442 -0.186554
v 59.2913 -129.951 1508.57
vn 0.885588 0.315316 0.341043
v 59.2913 -129.951 1508.57
vn 0.778927 0.262632 0.56947
v 59.1663 -128.951 1507.97
vn 0.885588 0.315316 0.341043
v 59.1663 -128.951 1507.97
vn 0.981427 0.176176 -0.0759212
v 59.1663 -128.951 1507.97
vn 0.362916 0.65362 0.664133
v 59.1431 -129.751 1508.77
vn 0.693898 0.696644 -0.182186
v 59.1431 -129.751 1508.77
vn 0.885588 0.315316 0.341043
v 59.1431 -129.751 1508.77
vn -0.504758 0.684009 0.52664
v 59.1431 -129.751 1508.77
vn 0.0103146 0.869397 0.494007
v 59.1431 -129.751 1508.77
vn 0.709425 0.689734 0.144859
v 58.0476 -128.151 1501.57
vn -0.240503 -0.0753358 0.96772
v 58.7117 -128.551 1508.02
vn 0.913418 0.396345 0.092623
v 58.964 -128.351 1507.97
vn 0.227196 0.103132 0.968373
v 58.964 -128.351 1507.97
vn -0.195557 0.469127 0.861207
v 58.964 -128.351 1507.97
vn -0.0666605 0.806299 0.58774
v 58.1116 -127.151 1507.95
vn 0.0918104 0.0972077 0.99102
v 58.3323 -127.151 1507.97
vn -0.0666605 0.806299 0.58774
v 58.3323 -127.151 1507.97
vn 0.736431 -0.483277 0.473406
v 59.3116 -134.563 1507.97
vn 0.48966 0.460955 0.740104
v 59.3116 -134.563 1507.97
vn 0.91832 0.305411 0.251817
v 59.3116 -134.563 1507.97
vn -0.57231 -0.786868 -0.230869
v 59.7117 -133.624 1510.57
vn 0.348517 -0.902644 0.252527
v 59.7117 -133.624 1510.57
vn 0.851577 -0.410926 -0.32551
v 59.357 -132.951 1507.37
vn 0 -1 0
v 59.357 -132.951 1507.37
vn 0.52632 -0.847395 0.0700613
v 59.357 -132.951 1507.37
vn 0.525498 -0.846071 0.0895301
v 59.6257 -132.751 1507.77
vn 0.96991 -0.143488 -0.196686
v 59.7117 -132.672 1507.97
vn -0.574005 -0.563488 -0.594138
v 59.7038 -132.551 1509.17
vn 0 -0.998525 0.0542975
v 59.7038 -132.551 1509.17
vn 0 -0.52312 -0.852259
v 59.7038 -132.551 1509.17
vn -0.603649 -0.594241 -0.531493
v 59.7117 -132.951 1509.54
vn 0 -0.998525 0.0542975
v 59.7117 -132.562 1508.97
vn 0.574614 -0.583293 -0.574098
v 59.7117 -132.562 1508.97
vn -0.961123 -0.272184 0.0464551
v 59.7117 -132.562 1508.97
vn 0.857218 -0.512001 0.0550725
v 59.9116 -133.551 1510.35
vn -0.603649 -0.594241 -0.531493
v 59.9116 -133.151 1509.54
vn 0.933358 -0.269185 -0.237449
v 59.9116 -133.151 1509.54
vn 0 -0.52312 -0.852259
v 59.9116 -133.151 1509.54
vn 0.983416 -0.0973623 -0.153013
v 59.9226 -132.551 1509.17
vn 0 -0.52312 -0.852259
v 59.9226 -132.551 1509.17
vn 0.574614 -0.583293 -0.574098
v 59.9226 -132.551 1509.17
vn 0.699644 -0.710212 0.0780912
v 59.9257 -132.351 1508.97
vn 0.574614 -0.583293 -0.574098
v 59.9257 -132.351 1508.97
vn -0.807497 0.266918 -0.526026
v 59.5007 -132.551 1511.17
vn -0.885153 0.0720066 -0.459695
v 59.6913 -133.551 1510.37
vn -0.57231 -0.786868 -0.230869
v 59.6913 -133.551 1510.37
vn -0.989024 -0.107063 -0.101829
v 59.6913 -133.551 1510.37
vn -0.629823 -0.621578 -0.465793
v 59.6913 -133.551 1510.37
vn -0.57231 -0.786868 -0.230869
v 59.5117 -133.551 1510.82
vn 0.0198663 -0.953297 0.301381
v 59.5117 -133.551 1510.82
vn -0.0266652 -0.562598 0.826301
v 59.5117 -133.551 1510.82
vn -0.996827 0.0400086 0.0688183
v 59.5117 -132.622 1511.37
vn 0.412847 -0.108074 0.904366
v 59.5117 -132.622 1511.37
vn -0.681211 0.454535 0.57389
v 59.5117 -132.622 1511.37
vn 0.0521285 -0.609836 0.790812
v 59.7117 -133.551 1510.81
vn 0.572836 -0.374743 0.72899
v 59.7117 -133.333 1510.97
vn -0.681211 0.454535 0.57389
v 59.7117 -132.151 1511.24
vn 0.485668 0.648603 0.586039
v 59.9116 -131.955 1510.77
vn -0.753233 0.46068 0.469483
v 59.3476 -131.351 1508.57
vn -0.691847 0.423136 -0.585067
v 59.3476 -131.351 1508.57
vn -0.753233 0.46068 0.469483
v 59.3116 -131.151 1508.32
vn -0.228268 0.970223 -0.081
v 59.3116 -131.151 1508.32
vn -0.554255 -0.525216 0.645716
v 59.3116 -130.951 1508.28
vn 0.716775 -0.436854 0.5435
v 59.3116 -130.951 1508.28
vn 0.518208 0.830481 0.204357
v 59.3116 -130.951 1508.28
vn -0.23673 -0.886665 0.39722
v 59.3116 -130.831 1508.37
vn -0.718808 -0.58879 -0.36965
v 59.3116 -130.831 1508.37
vn 0.811768 -0.26738 0.519173
v 59.3116 -130.831 1508.37
vn 0.974062 -0.0973093 -0.20429
v 59.3116 -130.831 1508.37
vn 0.949981 -0.269085 -0.158524
v 59.3116 -130.951 1508.58
vn 0.489631 0.75308 -0.439469
v 59.3116 -130.951 1508.58
vn 0.853798 0.511241 0.0982922
v 59.5117 -131.001 1507.97
vn 0.811768 -0.26738 0.519173
v 59.5117 -131.001 1507.97
vn 0.518208 0.830481 0.204357
v 59.5117 -131.001 1507.97
vn -0.302272 0.196417 0.932766
v 59.5117 -131.099 1508.37
vn -0.228268 0.970223 -0.081
v 59.5117 -131.099 1508.37
vn 0.811026 0.584777 0.016475
v 59.5117 -131.099 1508.37
vn -0.753233 0.46068 0.469483
v 59.5117 -131.082 1508.57
vn -0.691847 0.423136 -0.585067
v 59.5117 -131.082 1508.57
vn -0.228268 0.970223 -0.081
v 59.5117 -131.082 1508.57
vn 0.489631 0.75308 -0.439469
v 59.5117 -131.082 1508.57
vn 0.845383 0.52706 -0.086804
v 59.5117 -131.082 1508.57
vn 0.316156 0.630987 0.708449
v 59.6504 -131.151 1510.17
vn 0.489631 0.75308 -0.439469
v 59.5913 -130.551 1509.57
vn -0.504758 0.684009 0.52664
v 59.5197 -130.551 1510.17
vn 0.0103146 0.869397 0.494007
v 59.5197 -130.551 1510.17
vn 0.932051 0.291704 0.214917
v 59.5197 -130.551 1510.17
vn -0.681211 0.454535 0.57389
v 59.5526 -131.551 1510.57
vn 0.413175 0.671141 0.615514
v 59.5526 -131.551 1510.57
vn 0.89046 0.193884 0.411693
v 59.5526 -131.551 1510.57
vn 0.0103146 0.869397 0.494007
v 59.3116 -129.866 1508.97
f 2//2 3//3 1//1
f 2//2 1//1 89//89
f 89//89 21//21 2//2
f 9//9 7//7 3//3
f 3//3 7//7 1//1
f 4//4 1414//1414 1412//1412
f 1418//1418 89//89 1//1
f 1415//1415 5//5 9//9
f 1416//1416 6//6 5//5
f 1416//1416 1417//1417 6//6
f 1417//1417 59//59 6//6
f 59//59 1417//1417 81//81
f 6//6 59//59 5//5
f 9//9 8//8 7//7
f 14//14 1419//1419 1420//1420
f 8//8 5//5 10//10
f 10//10 11//11 8//8
f 11//11 12//12 8//8
f 8//8 12//12 1421//1421
f 5//5 8//8 9//9
f 1422//1422 89//89 1418//1418
f 5//5 13//13 10//10
f 1422//1422 16//16 89//89
f 11//11 61//61 12//12
f 61//61 18//18 12//12
f 10//10 13//13 11//11
f 11//11 13//13 61//61
f 1421//1421 1426//1426 15//15
f 1423//1423 1424//1424 1425//1425
f 15//15 17//17 16//16
f 17//17 19//19 16//16
f 16//16 19//19 89//89
f 12//12 1426//1426 1421//1421
f 1426//1426 66//66 17//17
f 17//17 15//15 1426//1426
f 17//17 20//20 19//19
f 17//17 66//66 63//63
f 1461//1461 65//65 20//20
f 65//65 64//64 20//20
f 20//20 17//17 1461//1461
f 20//20 64//64 19//19
f 1412//1412 23//23 4//4
f 1427//1427 1432//1432 1413//1413
f 89//89 25//25 21//21
f 22//22 1432//1432 1427//1427
f 1428//1428 24//24 1429//1429
f 1417//1417 1433//1433 81//81
f 25//25 1435//1435 21//21
f 81//81 1433//1433 26//26
f 89//89 29//29 25//25
f 1437//1437 1434//1434 1430//1430
f 1438//1438 1435//1435 27//27
f 1439//1439 1431//1431 1436//1436
f 27//27 1435//1435 25//25
f 25//25 1444//1444 27//27
f 27//27 1444//1444 32//32
f 1441//1441 28//28 1440//1440
f 1443//1443 1442//1442 1450//1450
f 26//26 1443//1443 81//81
f 1443//1443 1450//1450 81//81
f 30//30 1450//1450 1445//1445
f 29//29 31//31 1446//1446
f 1447//1447 1448//1448 33//33
f 34//34 1451//1451 1449//1449
f 81//81 1450//1450 86//86
f 30//30 1452//1452 1450//1450
f 1450//1450 1452//1452 86//86
f 35//35 1453//1453 31//31
f 86//86 1452//1452 91//91
f 1454//1454 91//91 1452//1452
f 91//91 1454//1454 92//92
f 1455//1455 1456//1456 1463//1463
f 100//100 31//31 29//29
f 36//36 38//38 52//52
f 36//36 37//37 118//118
f 38//38 40//40 39//39
f 40//40 43//43 39//39
f 38//38 58//58 52//52
f 38//38 39//39 58//58
f 36//36 118//118 38//38
f 40//40 38//38 118//118
f 40//40 117//117 120//120
f 40//40 118//118 117//117
f 41//41 40//40 120//120
f 43//43 40//40 41//41
f 39//39 43//43 58//58
f 41//41 119//119 42//42
f 43//43 41//41 42//42
f 43//43 42//42 44//44
f 42//42 122//122 44//44
f 44//44 123//123 43//43
f 48//48 46//46 50//50
f 46//46 48//48 45//45
f 46//46 47//47 50//50
f 72//72 47//47 46//46
f 72//72 73//73 47//47
f 48//48 49//49 75//75
f 49//49 48//48 50//50
f 49//49 53//53 75//75
f 50//50 51//51 49//49
f 47//47 73//73 50//50
f 73//73 51//51 50//50
f 53//53 77//77 75//75
f 53//53 52//52 77//77
f 52//52 57//57 77//77
f 53//53 55//55 54//54
f 49//49 55//55 53//53
f 52//52 53//53 54//54
f 55//55 49//49 51//51
f 55//55 56//56 54//54
f 1460//1460 51//51 56//56
f 51//51 132//132 56//56
f 36//36 52//52 54//54
f 56//56 116//116 54//54
f 54//54 37//37 36//36
f 116//116 1458//1458 54//54
f 52//52 58//58 57//57
f 129//129 57//57 58//58
f 43//43 129//129 58//58
f 13//13 5//5 59//59
f 13//13 59//59 60//60
f 60//60 59//59 81//81
f 62//62 13//13 60//60
f 18//18 61//61 66//66
f 68//68 66//66 61//61
f 62//62 130//130 13//13
f 130//130 62//62 60//60
f 133//133 130//130 60//60
f 63//63 66//66 1462//1462
f 64//64 65//65 71//71
f 66//66 67//67 1462//1462
f 66//66 68//68 67//67
f 67//67 71//71 1462//1462
f 68//68 73//73 67//67
f 73//73 72//72 67//67
f 67//67 72//72 71//71
f 61//61 73//73 68//68
f 61//61 130//130 73//73
f 64//64 70//70 19//19
f 70//70 74//74 19//19
f 64//64 45//45 70//70
f 45//45 1459//1459 70//70
f 45//45 64//64 71//71
f 1459//1459 74//74 70//70
f 45//45 71//71 46//46
f 72//72 46//46 71//71
f 57//57 69//69 74//74
f 74//74 69//69 19//19
f 1459//1459 75//75 74//74
f 57//57 76//76 69//69
f 84//84 69//69 76//76
f 75//75 77//77 74//74
f 57//57 74//74 77//77
f 78//78 76//76 57//57
f 78//78 84//84 76//76
f 78//78 85//85 84//84
f 57//57 79//79 78//78
f 78//78 136//136 85//85
f 78//78 79//79 136//136
f 57//57 136//136 79//79
f 80//80 136//136 57//57
f 128//128 80//80 57//57
f 60//60 81//81 133//133
f 82//82 133//133 81//81
f 69//69 83//83 19//19
f 19//19 83//83 89//89
f 84//84 83//83 69//69
f 84//84 85//85 83//83
f 83//83 85//85 89//89
f 85//85 140//140 89//89
f 85//85 136//136 140//140
f 87//87 82//82 81//81
f 86//86 87//87 81//81
f 86//86 91//91 87//87
f 87//87 88//88 82//82
f 91//91 88//88 87//87
f 29//29 89//89 90//90
f 89//89 140//140 90//90
f 90//90 140//140 207//207
f 100//100 35//35 31//31
f 1464//1464 1457//1457 94//94
f 1465//1465 91//91 92//92
f 100//100 29//29 93//93
f 29//29 90//90 93//93
f 93//93 90//90 207//207
f 100//100 93//93 207//207
f 1466//1466 35//35 97//97
f 1466//1466 97//97 96//96
f 95//95 1465//1465 1467//1467
f 35//35 100//100 97//97
f 1465//1465 95//95 91//91
f 97//97 98//98 96//96
f 101//101 1471//1471 1470//1470
f 97//97 100//100 1474//1474
f 103//103 1471//1471 101//101
f 99//99 1468//1468 1472//1472
f 1473//1473 1471//1471 103//103
f 1473//1473 103//103 105//105
f 103//103 101//101 104//104
f 102//102 104//104 101//101
f 104//104 105//105 103//103
f 1475//1475 106//106 1476//1476
f 1477//1477 105//105 104//104
f 107//107 1476//1476 106//106
f 1474//1474 100//100 1478//1478
f 105//105 1477//1477 1480//1480
f 146//146 107//107 106//106
f 1479//1479 154//154 1484//1484
f 1478//1478 100//100 1492//1492
f 119//119 121//121 125//125
f 121//121 110//110 125//125
f 108//108 109//109 111//111
f 122//122 108//108 111//111
f 124//124 109//109 108//108
f 124//124 125//125 109//109
f 125//125 110//110 109//109
f 110//110 306//306 109//109
f 112//112 113//113 111//111
f 111//111 109//109 112//112
f 44//44 111//111 113//113
f 44//44 113//113 114//114
f 172//172 173//173 1481//1481
f 112//112 173//173 113//113
f 172//172 1481//1481 109//109
f 172//172 109//109 306//306
f 173//173 115//115 113//113
f 113//113 1482//1482 114//114
f 173//173 174//174 115//115
f 1482//1482 174//174 114//114
f 1458//1458 116//116 1483//1483
f 121//121 1483//1483 116//116
f 1483//1483 121//121 117//117
f 119//119 41//41 120//120
f 120//120 121//121 119//119
f 124//124 119//119 125//125
f 117//117 121//121 120//120
f 110//110 121//121 306//306
f 119//119 124//124 42//42
f 42//42 124//124 122//122
f 111//111 44//44 122//122
f 122//122 124//124 108//108
f 44//44 114//114 123//123
f 126//126 123//123 114//114
f 126//126 114//114 127//127
f 127//127 176//176 126//126
f 114//114 176//176 127//127
f 56//56 132//132 116//116
f 128//128 57//57 129//129
f 43//43 123//123 129//129
f 123//123 126//126 129//129
f 129//129 126//126 179//179
f 129//129 179//179 128//128
f 61//61 13//13 130//130
f 130//130 133//133 135//135
f 131//131 73//73 130//130
f 135//135 131//131 130//130
f 135//135 181//181 131//131
f 51//51 73//73 132//132
f 131//131 132//132 73//73
f 131//131 181//181 132//132
f 128//128 136//136 80//80
f 136//136 128//128 137//137
f 137//137 179//179 183//183
f 133//133 82//82 134//134
f 82//82 138//138 134//134
f 134//134 135//135 133//133
f 139//139 134//134 138//138
f 134//134 139//139 182//182
f 135//135 134//134 181//181
f 137//137 140//140 136//136
f 137//137 183//183 140//140
f 82//82 88//88 138//138
f 91//91 143//143 88//88
f 88//88 143//143 138//138
f 143//143 139//139 138//138
f 140//140 141//141 207//207
f 140//140 142//142 141//141
f 141//141 142//142 207//207
f 143//143 91//91 95//95
f 144//144 95//95 1467//1467
f 143//143 95//95 144//144
f 100//100 207//207 148//148
f 105//105 145//145 1473//1473
f 1473//1473 145//145 1469//1469
f 145//145 144//144 1469//1469
f 332//332 148//148 207//207
f 105//105 1480//1480 158//158
f 105//105 158//158 145//145
f 1480//1480 1485//1485 158//158
f 149//149 1486//1486 1493//1493
f 158//158 1485//1485 1487//1487
f 145//145 158//158 210//210
f 147//147 1492//1492 100//100
f 147//147 159//159 1492//1492
f 147//147 100//100 148//148
f 147//147 148//148 216//216
f 151//151 150//150 1494//1494
f 1489//1489 158//158 1487//1487
f 1490//1490 1488//1488 1495//1495
f 152//152 1489//1489 1491//1491
f 152//152 1491//1491 153//153
f 158//158 1489//1489 152//152
f 159//159 155//155 1492//1492
f 1494//1494 1496//1496 151//151
f 159//159 147//147 160//160
f 159//159 163//163 155//155
f 1491//1491 156//156 153//153
f 1491//1491 1497//1497 156//156
f 1497//1497 161//161 156//156
f 155//155 163//163 162//162
f 156//156 1498//1498 157//157
f 156//156 157//157 153//153
f 152//152 153//153 158//158
f 158//158 153//153 157//157
f 1498//1498 167//167 157//157
f 216//216 160//160 147//147
f 160//160 216//216 159//159
f 1497//1497 1499//1499 161//161
f 165//165 161//161 1499//1499
f 166//166 1503//1503 1500//1500
f 164//164 1505//1505 1501//1501
f 162//162 163//163 1502//1502
f 159//159 1502//1502 163//163
f 1502//1502 170//170 1506//1506
f 1504//1504 167//167 1498//1498
f 167//167 1504//1504 1507//1507
f 168//168 1508//1508 1510//1510
f 1502//1502 159//159 170//170
f 167//167 1507//1507 169//169
f 1509//1509 168//168 169//169
f 168//168 1510//1510 171//171
f 159//159 224//224 170//170
f 222//222 171//171 1510//1510
f 301//301 174//174 173//173
f 301//301 173//173 172//172
f 301//301 172//172 306//306
f 174//174 175//175 114//114
f 295//295 175//175 174//174
f 295//295 177//177 175//175
f 1511//1511 1512//1512 176//176
f 1512//1512 178//178 176//176
f 178//178 1512//1512 305//305
f 306//306 121//121 116//116
f 178//178 126//126 176//176
f 114//114 1511//1511 176//176
f 132//132 306//306 116//116
f 308//308 306//306 132//132
f 178//178 179//179 126//126
f 179//179 310//310 309//309
f 178//178 310//310 179//179
f 181//181 308//308 132//132
f 179//179 137//137 128//128
f 183//183 179//179 309//309
f 183//183 309//309 180//180
f 182//182 311//311 181//181
f 181//181 134//134 182//182
f 187//187 182//182 184//184
f 187//187 311//311 182//182
f 181//181 311//311 308//308
f 194//194 311//311 187//187
f 183//183 180//180 195//195
f 1513//1513 180//180 196//196
f 139//139 184//184 182//182
f 139//139 143//143 197//197
f 139//139 197//197 186//186
f 187//187 184//184 185//185
f 184//184 186//186 185//185
f 139//139 186//186 184//184
f 185//185 186//186 188//188
f 186//186 189//189 188//188
f 186//186 197//197 189//189
f 187//187 185//185 188//188
f 187//187 188//188 190//190
f 189//189 192//192 188//188
f 192//192 189//189 197//197
f 188//188 191//191 190//190
f 188//188 192//192 191//191
f 193//193 192//192 197//197
f 191//191 192//192 193//193
f 200//200 320//320 193//193
f 187//187 190//190 194//194
f 190//190 191//191 194//194
f 194//194 191//191 193//193
f 194//194 193//193 319//319
f 193//193 320//320 319//319
f 140//140 1513//1513 142//142
f 203//203 207//207 142//142
f 183//183 195//195 140//140
f 1513//1513 196//196 142//142
f 142//142 322//322 203//203
f 142//142 196//196 322//322
f 145//145 206//206 144//144
f 143//143 198//198 197//197
f 198//198 143//143 144//144
f 206//206 199//199 144//144
f 197//197 200//200 193//193
f 197//197 198//198 200//200
f 199//199 198//198 144//144
f 200//200 198//198 201//201
f 324//324 320//320 201//201
f 320//320 200//200 201//201
f 201//201 198//198 199//199
f 201//201 199//199 202//202
f 201//201 202//202 324//324
f 208//208 207//207 203//203
f 203//203 209//209 208//208
f 203//203 204//204 209//209
f 204//204 205//205 209//209
f 199//199 206//206 202//202
f 208//208 209//209 207//207
f 209//209 332//332 207//207
f 332//332 209//209 205//205
f 205//205 325//325 332//332
f 212//212 145//145 210//210
f 212//212 329//329 145//145
f 145//145 329//329 206//206
f 206//206 329//329 326//326
f 210//210 158//158 211//211
f 212//212 210//210 211//211
f 157//157 213//213 158//158
f 211//211 213//213 212//212
f 158//158 213//213 211//211
f 213//213 157//157 214//214
f 212//212 213//213 330//330
f 330//330 213//213 334//334
f 213//213 214//214 334//334
f 214//214 157//157 167//167
f 214//214 167//167 169//169
f 214//214 339//339 334//334
f 339//339 214//214 219//219
f 215//215 159//159 216//216
f 148//148 332//332 216//216
f 332//332 215//215 216//216
f 171//171 218//218 168//168
f 219//219 169//169 217//217
f 217//217 169//169 168//168
f 218//218 171//171 345//345
f 218//218 219//219 217//217
f 168//168 218//218 217//217
f 214//214 169//169 219//219
f 218//218 345//345 220//220
f 220//220 339//339 219//219
f 218//218 220//220 219//219
f 215//215 332//332 221//221
f 1514//1514 345//345 171//171
f 225//225 159//159 215//215
f 221//221 225//225 215//215
f 221//221 348//348 225//225
f 224//224 1515//1515 170//170
f 224//224 223//223 1516//1516
f 1517//1517 226//226 230//230
f 1516//1516 223//223 1519//1519
f 224//224 234//234 223//223
f 1514//1514 230//230 233//233
f 225//225 224//224 159//159
f 225//225 236//236 224//224
f 225//225 351//351 352//352
f 352//352 236//236 225//225
f 227//227 1520//1520 1518//1518
f 230//230 226//226 1521//1521
f 230//230 1521//1521 231//231
f 1522//1522 223//223 229//229
f 223//223 234//234 229//229
f 234//234 238//238 229//229
f 232//232 231//231 1521//1521
f 1523//1523 228//228 1526//1526
f 1522//1522 229//229 1524//1524
f 229//229 238//238 1524//1524
f 1529//1529 1527//1527 1525//1525
f 231//231 233//233 230//230
f 231//231 232//232 233//233
f 239//239 232//232 1530//1530
f 233//233 232//232 239//239
f 234//234 245//245 238//238
f 224//224 235//235 234//234
f 234//234 235//235 237//237
f 234//234 237//237 245//245
f 224//224 236//236 235//235
f 235//235 236//236 237//237
f 236//236 246//246 1528//1528
f 246//246 236//236 362//362
f 1530//1530 241//241 239//239
f 240//240 1535//1535 1531//1531
f 238//238 245//245 1532//1532
f 1536//1536 1533//1533 242//242
f 245//245 253//253 1532//1532
f 248//248 250//250 1537//1537
f 1537//1537 1534//1534 248//248
f 1532//1532 253//253 1541//1541
f 243//243 1538//1538 1543//1543
f 244//244 239//239 241//241
f 244//244 241//241 1539//1539
f 1543//1543 252//252 243//243
f 239//239 244//244 353//353
f 244//244 1538//1538 243//243
f 244//244 354//354 353//353
f 243//243 360//360 244//244
f 252//252 360//360 243//243
f 253//253 245//245 361//361
f 245//245 247//247 361//361
f 237//237 247//247 245//245
f 1528//1528 246//246 1540//1540
f 246//246 361//361 1540//1540
f 362//362 361//361 246//246
f 1542//1542 251//251 1544//1544
f 1541//1541 253//253 249//249
f 1542//1542 256//256 251//251
f 1541//1541 249//249 1547//1547
f 253//253 255//255 249//249
f 1547//1547 249//249 1546//1546
f 1545//1545 252//252 1543//1543
f 1545//1545 1548//1548 257//257
f 1545//1545 257//257 363//363
f 361//361 254//254 253//253
f 363//363 257//257 364//364
f 254//254 361//361 369//369
f 258//258 1547//1547 1546//1546
f 264//264 1547//1547 258//258
f 1550//1550 265//265 1552//1552
f 253//253 254//254 265//265
f 254//254 259//259 265//265
f 253//253 265//265 255//255
f 259//259 261//261 265//265
f 257//257 1548//1548 260//260
f 265//265 1550//1550 255//255
f 1551//1551 1549//1549 1553//1553
f 1553//1553 266//266 1551//1551
f 260//260 364//364 257//257
f 364//364 260//260 370//370
f 260//260 1556//1556 370//370
f 259//259 371//371 261//261
f 371//371 262//262 261//261
f 254//254 371//371 259//259
f 262//262 263//263 261//261
f 262//262 373//373 263//263
f 271//271 261//261 272//272
f 261//261 263//263 272//272
f 371//371 373//373 262//262
f 263//263 373//373 272//272
f 373//373 274//274 272//272
f 1553//1553 1554//1554 267//267
f 268//268 265//265 270//270
f 266//266 1553//1553 267//267
f 1555//1555 1558//1558 269//269
f 1560//1560 267//267 1554//1554
f 1558//1558 273//273 269//269
f 269//269 374//374 1557//1557
f 265//265 271//271 270//270
f 275//275 1559//1559 1561//1561
f 271//271 1563//1563 270//270
f 271//271 265//265 261//261
f 1564//1564 273//273 1558//1558
f 274//274 271//271 272//272
f 273//273 374//374 269//269
f 273//273 1564//1564 276//276
f 273//273 1566//1566 279//279
f 1567//1567 1565//1565 277//277
f 1567//1567 277//277 278//278
f 290//290 278//278 277//277
f 1590//1590 1568//1568 289//289
f 289//289 1568//1568 271//271
f 282//282 1587//1587 1562//1562
f 271//271 1568//1568 1563//1563
f 274//274 280//280 271//271
f 271//271 280//280 1571//1571
f 1569//1569 279//279 1566//1566
f 1569//1569 285//285 279//279
f 280//280 281//281 1571//1571
f 280//280 283//283 281//281
f 283//283 284//284 281//281
f 286//286 1572//1572 1570//1570
f 1581//1581 281//281 284//284
f 274//274 377//377 280//280
f 1576//1576 280//280 377//377
f 285//285 375//375 279//279
f 375//375 285//285 378//378
f 1582//1582 378//378 1579//1579
f 1582//1582 379//379 378//378
f 1599//1599 1577//1577 287//287
f 1600//1600 1583//1583 1578//1578
f 284//284 283//283 1584//1584
f 1579//1579 1573//1573 1582//1582
f 377//377 384//384 1576//1576
f 283//283 288//288 1584//1584
f 287//287 1585//1585 382//382
f 1599//1599 287//287 382//382
f 382//382 1585//1585 383//383
f 383//383 1585//1585 292//292
f 381//381 393//393 1596//1596
f 1586//1586 381//381 1596//1596
f 1569//1569 1591//1591 291//291
f 1592//1592 1588//1588 1593//1593
f 1594//1594 1589//1589 1574//1574
f 291//291 285//285 1569//1569
f 1580//1580 1595//1595 1575//1575
f 306//306 406//406 293//293
f 302//302 294//294 474//474
f 294//294 293//293 406//406
f 297//297 295//295 174//174
f 301//301 297//297 174//174
f 296//296 177//177 295//295
f 296//296 303//303 177//177
f 297//297 296//296 295//295
f 301//301 299//299 297//297
f 297//297 299//299 298//298
f 299//299 300//300 298//298
f 297//297 298//298 296//296
f 301//301 293//293 299//299
f 300//300 299//299 293//293
f 300//300 302//302 298//298
f 300//300 294//294 302//302
f 300//300 293//293 294//294
f 303//303 298//298 302//302
f 296//296 298//298 303//303
f 306//306 293//293 301//301
f 302//302 407//407 303//303
f 302//302 474//474 407//407
f 178//178 305//305 304//304
f 178//178 304//304 307//307
f 1512//1512 1597//1597 305//305
f 304//304 305//305 307//307
f 178//178 307//307 310//310
f 310//310 307//307 410//410
f 308//308 315//315 412//412
f 308//308 411//411 306//306
f 410//410 501//501 310//310
f 315//315 308//308 314//314
f 180//180 309//309 310//310
f 501//501 180//180 310//310
f 180//180 501//501 417//417
f 194//194 318//318 311//311
f 311//311 318//318 321//321
f 318//318 319//319 321//321
f 308//308 311//311 314//314
f 311//311 312//312 314//314
f 314//314 312//312 316//316
f 311//311 313//313 312//312
f 312//312 313//313 316//316
f 311//311 321//321 313//313
f 314//314 316//316 315//315
f 316//316 317//317 315//315
f 317//317 316//316 313//313
f 413//413 313//313 321//321
f 317//317 412//412 315//315
f 317//317 413//413 412//412
f 180//180 417//417 322//322
f 194//194 319//319 318//318
f 320//320 321//321 319//319
f 321//321 320//320 323//323
f 321//321 323//323 414//414
f 417//417 203//203 322//322
f 180//180 322//322 196//196
f 324//324 323//323 320//320
f 324//324 328//328 418//418
f 323//323 324//324 418//418
f 203//203 417//417 204//204
f 204//204 417//417 205//205
f 417//417 503//503 325//325
f 325//325 205//205 417//417
f 202//202 326//326 324//324
f 326//326 202//202 206//206
f 328//328 324//324 326//326
f 326//326 327//327 328//328
f 418//418 328//328 421//421
f 328//328 327//327 421//421
f 330//330 421//421 327//327
f 326//326 329//329 327//327
f 329//329 212//212 330//330
f 329//329 330//330 327//327
f 330//330 334//334 336//336
f 330//330 336//336 331//331
f 330//330 331//331 421//421
f 331//331 336//336 424//424
f 424//424 336//336 335//335
f 333//333 332//332 325//325
f 332//332 333//333 528//528
f 334//334 339//339 337//337
f 334//334 335//335 336//336
f 339//339 338//338 337//337
f 334//334 337//337 335//335
f 332//332 528//528 341//341
f 339//339 220//220 340//340
f 338//338 339//339 340//340
f 220//220 342//342 340//340
f 342//342 343//343 340//340
f 221//221 332//332 344//344
f 332//332 341//341 344//344
f 345//345 342//342 220//220
f 342//342 345//345 346//346
f 346//346 343//343 342//342
f 343//343 346//346 434//434
f 343//343 434//434 432//432
f 350//350 347//347 345//345
f 346//346 345//345 347//347
f 347//347 434//434 346//346
f 344//344 348//348 221//221
f 344//344 349//349 348//348
f 351//351 225//225 348//348
f 348//348 349//349 351//351
f 349//349 352//352 351//351
f 1514//1514 350//350 345//345
f 233//233 350//350 1514//1514
f 350//350 355//355 347//347
f 239//239 353//353 233//233
f 353//353 350//350 233//233
f 354//354 356//356 353//353
f 354//354 244//244 358//358
f 355//355 350//350 353//353
f 355//355 353//353 356//356
f 357//357 356//356 354//354
f 358//358 442//442 354//354
f 357//357 355//355 356//356
f 441//441 357//357 354//354
f 352//352 362//362 236//236
f 358//358 244//244 359//359
f 244//244 360//360 359//359
f 449//449 359//359 360//360
f 359//359 442//442 358//358
f 449//449 442//442 359//359
f 449//449 360//360 366//366
f 362//362 369//369 361//361
f 252//252 1545//1545 363//363
f 252//252 363//363 360//360
f 364//364 365//365 363//363
f 360//360 363//363 366//366
f 365//365 366//366 363//363
f 364//364 367//367 365//365
f 368//368 366//366 365//365
f 367//367 368//368 365//365
f 454//454 367//367 364//364
f 454//454 453//453 367//367
f 453//453 368//368 367//367
f 254//254 369//369 371//371
f 369//369 373//373 371//371
f 369//369 362//362 373//373
f 362//362 274//274 373//373
f 364//364 370//370 372//372
f 364//364 372//372 454//454
f 370//370 1556//1556 1557//1557
f 1557//1557 374//374 370//370
f 370//370 374//374 372//372
f 375//375 374//374 273//273
f 374//374 375//375 460//460
f 391//391 377//377 274//274
f 458//458 376//376 274//274
f 274//274 376//376 391//391
f 458//458 391//391 376//376
f 462//462 392//392 391//391
f 375//375 273//273 279//279
f 378//378 385//385 375//375
f 385//385 378//378 379//379
f 387//387 375//375 385//385
f 384//384 380//380 1576//1576
f 380//380 1586//1586 1576//1576
f 381//381 1586//1586 380//380
f 381//381 380//380 384//384
f 381//381 384//384 397//397
f 379//379 1601//1601 385//385
f 385//385 1601//1601 386//386
f 1605//1605 1602//1602 1603//1603
f 393//393 381//381 397//397
f 1598//1598 388//388 1604//1604
f 388//388 403//403 1604//1604
f 384//384 1623//1623 397//397
f 386//386 394//394 400//400
f 387//387 386//386 400//400
f 386//386 387//387 385//385
f 387//387 400//400 461//461
f 391//391 1607//1607 377//377
f 1607//1607 390//390 389//389
f 390//390 463//463 389//389
f 389//389 403//403 388//388
f 403//403 389//389 404//404
f 391//391 392//392 390//390
f 390//390 1607//1607 391//391
f 392//392 463//463 390//390
f 392//392 462//462 463//463
f 1606//1606 383//383 1609//1609
f 383//383 292//292 1609//1609
f 292//292 1608//1608 1609//1609
f 1608//1608 396//396 1609//1609
f 1609//1609 396//396 399//399
f 1612//1612 400//400 394//394
f 393//393 397//397 395//395
f 393//393 395//395 1610//1610
f 395//395 398//398 1610//1610
f 1610//1610 398//398 1613//1613
f 397//397 398//398 395//395
f 1611//1611 401//401 1614//1614
f 1623//1623 1618//1618 397//397
f 1619//1619 398//398 397//397
f 1620//1620 1616//1616 1615//1615
f 1624//1624 1625//1625 1621//1621
f 1620//1620 1626//1626 1616//1616
f 400//400 402//402 461//461
f 1617//1617 1627//1627 1622//1622
f 461//461 402//402 464//464
f 404//404 389//389 405//405
f 402//402 1628//1628 1629//1629
f 402//402 1629//1629 465//465
f 465//465 1629//1629 467//467
f 389//389 466//466 405//405
f 1629//1629 466//466 467//467
f 294//294 406//406 1634//1634
f 582//582 406//406 306//306
f 408//408 410//410 1597//1597
f 409//409 410//410 408//408
f 409//409 408//408 484//484
f 1630//1630 408//408 1597//1597
f 485//485 408//408 476//476
f 476//476 408//408 1630//1630
f 408//408 485//485 484//484
f 305//305 1597//1597 410//410
f 305//305 410//410 307//307
f 501//501 410//410 592//592
f 410//410 497//497 592//592
f 411//411 308//308 412//412
f 412//412 500//500 411//411
f 306//306 411//411 500//500
f 412//412 416//416 500//500
f 413//413 317//317 313//313
f 412//412 413//413 416//416
f 321//321 414//414 413//413
f 414//414 323//323 415//415
f 416//416 413//413 414//414
f 416//416 414//414 415//415
f 416//416 415//415 419//419
f 502//502 503//503 417//417
f 418//418 415//415 323//323
f 421//421 419//419 418//418
f 419//419 421//421 420//420
f 419//419 415//415 418//418
f 325//325 599//599 333//333
f 420//420 421//421 422//422
f 422//422 421//421 423//423
f 421//421 331//331 423//423
f 423//423 331//331 424//424
f 424//424 425//425 423//423
f 335//335 426//426 424//424
f 335//335 337//337 426//426
f 337//337 427//427 426//426
f 338//338 427//427 337//337
f 426//426 425//425 424//424
f 427//427 338//338 431//431
f 425//425 426//426 428//428
f 428//428 426//426 427//427
f 428//428 427//427 431//431
f 428//428 431//431 425//425
f 431//431 519//519 425//425
f 431//431 521//521 519//519
f 340//340 343//343 429//429
f 340//340 431//431 338//338
f 429//429 343//343 431//431
f 343//343 432//432 430//430
f 431//431 340//340 429//429
f 431//431 343//343 430//430
f 521//521 431//431 430//430
f 430//430 523//523 521//521
f 1654//1654 430//430 524//524
f 430//430 432//432 434//434
f 344//344 341//341 435//435
f 528//528 433//433 341//341
f 341//341 433//433 435//435
f 435//435 433//433 531//531
f 531//531 610//610 435//435
f 434//434 347//347 436//436
f 434//434 436//436 437//437
f 437//437 532//532 434//434
f 437//437 440//440 1656//1656
f 344//344 435//435 349//349
f 349//349 435//435 352//352
f 355//355 436//436 347//347
f 436//436 355//355 437//437
f 437//437 355//355 357//357
f 438//438 357//357 441//441
f 357//357 438//438 437//437
f 439//439 1632//1632 443//443
f 437//437 438//438 440//440
f 1632//1632 439//439 1631//1631
f 1631//1631 439//439 537//537
f 438//438 533//533 440//440
f 1631//1631 537//537 533//533
f 439//439 446//446 536//536
f 536//536 446//446 541//541
f 1632//1632 354//354 443//443
f 354//354 442//442 443//443
f 443//443 442//442 444//444
f 444//444 442//442 445//445
f 443//443 444//444 439//439
f 439//439 444//444 446//446
f 446//446 444//444 445//445
f 447//447 445//445 449//449
f 448//448 446//446 445//445
f 445//445 447//447 448//448
f 541//541 446//446 448//448
f 542//542 448//448 447//447
f 541//541 448//448 542//542
f 447//447 545//545 542//542
f 435//435 362//362 352//352
f 274//274 362//362 435//435
f 449//449 453//453 450//450
f 451//451 449//449 450//450
f 450//450 453//453 454//454
f 445//445 442//442 449//449
f 451//451 450//450 452//452
f 450//450 454//454 452//452
f 447//447 449//449 451//451
f 447//447 451//451 545//545
f 451//451 452//452 545//545
f 449//449 366//366 368//368
f 453//453 449//449 368//368
f 455//455 454//454 456//456
f 454//454 455//455 452//452
f 372//372 374//374 460//460
f 372//372 460//460 456//456
f 372//372 456//456 454//454
f 460//460 551//551 457//457
f 460//460 457//457 456//456
f 460//460 461//461 551//551
f 461//461 552//552 551//551
f 458//458 459//459 462//462
f 458//458 544//544 459//459
f 462//462 459//459 554//554
f 459//459 544//544 554//554
f 375//375 461//461 460//460
f 461//461 375//375 387//387
f 391//391 458//458 462//462
f 461//461 464//464 557//557
f 463//463 470//470 389//389
f 463//463 558//558 470//470
f 462//462 554//554 463//463
f 464//464 402//402 465//465
f 469//469 464//464 465//465
f 469//469 465//465 467//467
f 467//467 466//466 468//468
f 389//389 470//470 466//466
f 468//468 466//466 470//470
f 467//467 468//468 471//471
f 471//471 468//468 470//470
f 469//469 467//467 1633//1633
f 471//471 470//470 472//472
f 561//561 469//469 1633//1633
f 472//472 561//561 1633//1633
f 582//582 576//576 406//406
f 474//474 473//473 407//407
f 475//475 1634//1634 406//406
f 473//473 474//474 1635//1635
f 1635//1635 577//577 473//473
f 576//576 475//475 406//406
f 485//485 476//476 478//478
f 477//477 407//407 473//473
f 577//577 477//477 473//473
f 577//577 479//479 477//477
f 477//477 1636//1636 407//407
f 479//479 1636//1636 477//477
f 1636//1636 479//479 478//478
f 479//479 480//480 478//478
f 480//480 481//481 490//490
f 480//480 482//482 481//481
f 479//479 482//482 480//480
f 577//577 1638//1638 479//479
f 1638//1638 577//577 494//494
f 1638//1638 494//494 1637//1637
f 1645//1645 490//490 481//481
f 577//577 581//581 494//494
f 494//494 581//581 588//588
f 409//409 483//483 410//410
f 483//483 409//409 486//486
f 496//496 1639//1639 1640//1640
f 496//496 1640//1640 493//493
f 493//493 487//487 497//497
f 1641//1641 498//498 497//497
f 484//484 486//486 409//409
f 484//484 491//491 486//486
f 484//484 485//485 491//491
f 491//491 485//485 478//478
f 486//486 491//491 1644//1644
f 1642//1642 1644//1644 583//583
f 1641//1641 488//488 498//498
f 488//488 499//499 498//498
f 1641//1641 1664//1664 488//488
f 1664//1664 489//489 488//488
f 488//488 1643//1643 499//499
f 478//478 480//480 491//491
f 1644//1644 491//491 480//480
f 490//490 1644//1644 480//480
f 490//490 492//492 1644//1644
f 490//490 586//586 492//492
f 492//492 586//586 587//587
f 1644//1644 492//492 587//587
f 586//586 490//490 1645//1645
f 1646//1646 588//588 1666//1666
f 495//495 306//306 500//500
f 306//306 495//495 582//582
f 495//495 500//500 591//591
f 497//497 410//410 496//496
f 410//410 1639//1639 496//496
f 497//497 496//496 493//493
f 498//498 592//592 497//497
f 498//498 590//590 592//592
f 501//501 502//502 417//417
f 500//500 416//416 505//505
f 504//504 503//503 502//502
f 504//504 596//596 503//503
f 416//416 419//419 505//505
f 505//505 419//419 509//509
f 509//509 506//506 505//505
f 506//506 595//595 505//505
f 506//506 598//598 595//595
f 503//503 596//596 325//325
f 419//419 420//420 507//507
f 422//422 423//423 515//515
f 419//419 507//507 509//509
f 507//507 511//511 509//509
f 507//507 420//420 508//508
f 1648//1648 507//507 508//508
f 420//420 515//515 508//508
f 508//508 513//513 1648//1648
f 515//515 420//420 422//422
f 513//513 508//508 515//515
f 509//509 511//511 510//510
f 1647//1647 1649//1649 512//512
f 509//509 510//510 506//506
f 1647//1647 512//512 506//506
f 506//506 512//512 514//514
f 512//512 1648//1648 513//513
f 513//513 515//515 512//512
f 514//514 512//512 515//515
f 515//515 516//516 514//514
f 598//598 506//506 514//514
f 515//515 423//423 516//516
f 423//423 425//425 516//516
f 514//514 516//516 597//597
f 597//597 516//516 601//601
f 599//599 517//517 333//333
f 600//600 528//528 517//517
f 425//425 518//518 516//516
f 516//516 518//518 601//601
f 517//517 528//528 333//333
f 519//519 522//522 520//520
f 519//519 521//521 522//522
f 518//518 425//425 519//519
f 1653//1653 525//525 1651//1651
f 519//519 520//520 1650//1650
f 1650//1650 520//520 1669//1669
f 1651//1651 525//525 601//601
f 601//601 525//525 602//602
f 600//600 605//605 528//528
f 1653//1653 1652//1652 1654//1654
f 524//524 430//430 526//526
f 524//524 1653//1653 1654//1654
f 525//525 1653//1653 524//524
f 525//525 524//524 526//526
f 526//526 527//527 525//525
f 527//527 676//676 525//525
f 433//433 528//528 531//531
f 430//430 434//434 532//532
f 430//430 532//532 526//526
f 526//526 532//532 527//527
f 527//527 532//532 529//529
f 527//527 529//529 676//676
f 676//676 1655//1655 530//530
f 528//528 610//610 531//531
f 528//528 680//680 610//610
f 1656//1656 440//440 533//533
f 534//534 533//533 537//537
f 535//535 534//534 530//530
f 533//533 534//534 535//535
f 534//534 612//612 530//530
f 1656//1656 533//533 535//535
f 535//535 1655//1655 1656//1656
f 530//530 1655//1655 535//535
f 538//538 612//612 534//534
f 538//538 539//539 613//613
f 610//610 611//611 435//435
f 611//611 617//617 435//435
f 439//439 536//536 537//537
f 536//536 541//541 538//538
f 537//537 536//536 538//538
f 534//534 537//537 538//538
f 541//541 542//542 538//538
f 540//540 539//539 538//538
f 540//540 538//538 542//542
f 539//539 540//540 614//614
f 539//539 614//614 613//613
f 543//543 435//435 617//617
f 545//545 452//452 542//542
f 542//542 452//452 546//546
f 542//542 546//546 615//615
f 543//543 544//544 435//435
f 543//543 621//621 544//544
f 621//621 622//622 544//544
f 452//452 455//455 546//546
f 548//548 455//455 456//456
f 457//457 551//551 548//548
f 455//455 548//548 546//546
f 551//551 549//549 548//548
f 551//551 547//547 549//549
f 549//549 547//547 550//550
f 547//547 552//552 550//550
f 550//550 553//553 627//627
f 553//553 631//631 627//627
f 274//274 435//435 458//458
f 435//435 544//544 458//458
f 457//457 548//548 456//456
f 547//547 551//551 552//552
f 552//552 553//553 550//550
f 544//544 625//625 554//554
f 556//556 554//554 633//633
f 461//461 553//553 552//552
f 553//553 461//461 557//557
f 632//632 557//557 636//636
f 632//632 553//553 557//557
f 556//556 555//555 554//554
f 556//556 634//634 555//555
f 634//634 559//559 555//555
f 566//566 557//557 464//464
f 636//636 557//557 566//566
f 464//464 469//469 566//566
f 463//463 554//554 559//559
f 554//554 555//555 559//559
f 463//463 559//559 558//558
f 566//566 565//565 635//635
f 636//636 566//566 635//635
f 559//559 560//560 558//558
f 560//560 559//559 644//644
f 558//558 562//562 470//470
f 472//472 470//470 562//562
f 472//472 562//562 564//564
f 568//568 564//564 562//562
f 472//472 564//564 561//561
f 561//561 564//564 563//563
f 469//469 561//561 563//563
f 564//564 569//569 563//563
f 564//564 568//568 1658//1658
f 565//565 563//563 1659//1659
f 565//565 1659//1659 571//571
f 469//469 563//563 566//566
f 565//565 566//566 563//563
f 558//558 567//567 562//562
f 562//562 567//567 1657//1657
f 568//568 570//570 1658//1658
f 558//558 572//572 567//567
f 571//571 1659//1659 570//570
f 570//570 568//568 573//573
f 570//570 573//573 571//571
f 574//574 565//565 571//571
f 635//635 565//565 639//639
f 567//567 572//572 1657//1657
f 1657//1657 572//572 1660//1660
f 1660//1660 572//572 575//575
f 560//560 572//572 558//558
f 573//573 1661//1661 574//574
f 573//573 574//574 571//571
f 565//565 574//574 639//639
f 572//572 643//643 575//575
f 582//582 578//578 576//576
f 576//576 578//578 475//475
f 577//577 1635//1635 1662//1662
f 1662//1662 649//649 577//577
f 579//579 577//577 649//649
f 1663//1663 580//580 577//577
f 650//650 579//579 649//649
f 1675//1675 580//580 1663//1663
f 578//578 582//582 1674//1674
f 581//581 577//577 580//580
f 581//581 580//580 657//657
f 581//581 657//657 588//588
f 495//495 656//656 582//582
f 587//587 583//583 1644//1644
f 1664//1664 584//584 489//489
f 584//584 1667//1667 489//489
f 590//590 499//499 1643//1643
f 583//583 587//587 585//585
f 583//583 585//585 1665//1665
f 585//585 1668//1668 1665//1665
f 1666//1666 588//588 658//658
f 586//586 589//589 587//587
f 1666//1666 658//658 589//589
f 589//589 585//585 587//587
f 585//585 589//589 1668//1668
f 589//589 658//658 1668//1668
f 588//588 657//657 658//658
f 656//656 495//495 591//591
f 498//498 499//499 590//590
f 500//500 660//660 591//591
f 591//591 660//660 661//661
f 662//662 660//660 500//500
f 501//501 663//663 504//504
f 592//592 663//663 501//501
f 592//592 754//754 663//663
f 501//501 504//504 502//502
f 663//663 596//596 504//504
f 593//593 500//500 505//505
f 505//505 594//594 593//593
f 594//594 598//598 667//667
f 594//594 505//505 595//595
f 595//595 598//598 594//594
f 325//325 596//596 599//599
f 598//598 514//514 597//597
f 670//670 598//598 597//597
f 770//770 601//601 672//672
f 599//599 671//671 517//517
f 517//517 671//671 600//600
f 602//602 604//604 603//603
f 604//604 602//602 525//525
f 601//601 603//603 672//672
f 672//672 603//603 604//604
f 602//602 603//603 601//601
f 673//673 604//604 676//676
f 605//605 600//600 675//675
f 525//525 676//676 604//604
f 605//605 675//675 528//528
f 608//608 677//677 676//676
f 779//779 528//528 675//675
f 528//528 779//779 680//680
f 530//530 612//612 606//606
f 606//606 612//612 607//607
f 608//608 530//530 1670//1670
f 606//606 607//607 608//608
f 530//530 608//608 676//676
f 608//608 607//607 609//609
f 677//677 608//608 609//609
f 610//610 680//680 611//611
f 612//612 538//538 613//613
f 609//609 607//607 612//612
f 612//612 613//613 609//609
f 609//609 614//614 616//616
f 613//613 614//614 609//609
f 616//616 614//614 540//540
f 609//609 616//616 681//681
f 681//681 616//616 786//786
f 611//611 686//686 617//617
f 617//617 686//686 618//618
f 540//540 542//542 615//615
f 540//540 615//615 616//616
f 615//615 619//619 616//616
f 619//619 620//620 616//616
f 616//616 620//620 687//687
f 617//617 618//618 543//543
f 618//618 621//621 543//543
f 618//618 622//622 621//621
f 624//624 622//622 692//692
f 615//615 546//546 619//619
f 620//620 619//619 687//687
f 622//622 625//625 544//544
f 622//622 624//624 625//625
f 619//619 546//546 548//548
f 549//549 550//550 619//619
f 619//619 550//550 626//626
f 549//549 619//619 548//548
f 628//628 627//627 689//689
f 625//625 624//624 623//623
f 623//623 693//693 625//625
f 693//693 694//694 630//630
f 626//626 550//550 628//628
f 550//550 627//627 628//628
f 619//619 626//626 628//628
f 627//627 631//631 629//629
f 625//625 693//693 630//630
f 630//630 697//697 554//554
f 630//630 694//694 697//697
f 553//553 632//632 631//631
f 631//631 632//632 629//629
f 632//632 636//636 689//689
f 556//556 633//633 634//634
f 554//554 625//625 630//630
f 554//554 697//697 633//633
f 633//633 698//698 634//634
f 633//633 697//697 698//698
f 698//698 699//699 634//634
f 635//635 911//911 636//636
f 634//634 644//644 559//559
f 634//634 637//637 644//644
f 637//637 648//648 644//644
f 634//634 699//699 637//637
f 637//637 638//638 648//648
f 638//638 700//700 648//648
f 637//637 799//799 638//638
f 639//639 574//574 640//640
f 635//635 639//639 640//640
f 911//911 635//635 640//640
f 560//560 644//644 572//572
f 1661//1661 641//641 574//574
f 1661//1661 645//645 641//641
f 642//642 640//640 574//574
f 642//642 574//574 641//641
f 641//641 645//645 646//646
f 647//647 642//642 641//641
f 646//646 647//647 641//641
f 647//647 646//646 703//703
f 642//642 647//647 640//640
f 572//572 644//644 643//643
f 1671//1671 575//575 643//643
f 644//644 648//648 643//643
f 643//643 1672//1672 1671//1671
f 646//646 645//645 703//703
f 703//703 645//645 1673//1673
f 732//732 1674//1674 582//582
f 580//580 1675//1675 651//651
f 1675//1675 652//652 651//651
f 650//650 649//649 1676//1676
f 649//649 653//653 1676//1676
f 1674//1674 732//732 1677//1677
f 653//653 654//654 1676//1676
f 652//652 1679//1679 655//655
f 1678//1678 708//708 1680//1680
f 707//707 733//733 1679//1679
f 1679//1679 706//706 707//707
f 580//580 651//651 657//657
f 657//657 651//651 845//845
f 652//652 655//655 651//651
f 655//655 1806//1806 651//651
f 733//733 655//655 1679//1679
f 658//658 657//657 845//845
f 591//591 661//661 656//656
f 659//659 592//592 590//590
f 592//592 659//659 754//754
f 1682//1682 1668//1668 658//658
f 750//750 1682//1682 658//658
f 658//658 845//845 750//750
f 662//662 661//661 660//660
f 744//744 661//661 662//662
f 593//593 744//744 662//662
f 662//662 500//500 593//593
f 664//664 593//593 594//594
f 664//664 668//668 755//755
f 755//755 668//668 665//665
f 668//668 666//666 665//665
f 669//669 666//666 668//668
f 593//593 664//664 755//755
f 755//755 665//665 666//666
f 667//667 598//598 669//669
f 594//594 667//667 668//668
f 667//667 669//669 668//668
f 664//664 594//594 668//668
f 669//669 670//670 761//761
f 761//761 670//670 769//769
f 666//666 669//669 761//761
f 598//598 670//670 669//669
f 670//670 770//770 769//769
f 671//671 596//596 772//772
f 670//670 597//597 770//770
f 596//596 671//671 599//599
f 601//601 770//770 597//597
f 604//604 673//673 672//672
f 770//770 672//672 673//673
f 671//671 884//884 600//600
f 677//677 773//773 674//674
f 674//674 773//773 777//777
f 677//677 780//780 773//773
f 676//676 677//677 1683//1683
f 679//679 682//682 678//678
f 677//677 682//682 679//679
f 679//679 780//780 677//677
f 779//779 884//884 680//680
f 680//680 884//884 683//683
f 884//884 787//787 683//683
f 677//677 609//609 682//682
f 678//678 681//681 786//786
f 609//609 681//681 678//678
f 609//609 678//678 682//682
f 684//684 686//686 611//611
f 611//611 680//680 683//683
f 611//611 683//683 684//684
f 683//683 685//685 684//684
f 787//787 685//685 683//683
f 684//684 685//685 686//686
f 686//686 685//685 789//789
f 790//790 786//786 616//616
f 686//686 692//692 622//622
f 789//789 692//692 686//686
f 616//616 687//687 790//790
f 688//688 687//687 619//619
f 687//687 688//688 791//791
f 686//686 622//622 618//618
f 692//692 794//794 795//795
f 619//619 689//689 688//688
f 619//619 628//628 689//689
f 791//791 688//688 689//689
f 624//624 690//690 623//623
f 690//690 693//693 623//623
f 690//690 691//691 693//693
f 693//693 691//691 695//695
f 624//624 692//692 690//690
f 795//795 695//695 691//691
f 795//795 690//690 692//692
f 690//690 795//795 691//691
f 795//795 796//796 695//695
f 695//695 694//694 693//693
f 697//697 694//694 695//695
f 695//695 696//696 697//697
f 695//695 796//796 696//696
f 696//696 1004//1004 697//697
f 696//696 796//796 1004//1004
f 627//627 629//629 689//689
f 689//689 629//629 632//632
f 908//908 800//800 698//698
f 800//800 699//699 698//698
f 800//800 799//799 699//699
f 911//911 640//640 1025//1025
f 699//699 799//799 637//637
f 799//799 701//701 638//638
f 804//804 913//913 803//803
f 1684//1684 702//702 704//704
f 703//703 704//704 804//804
f 805//805 804//804 704//704
f 701//701 700//700 638//638
f 1685//1685 700//700 701//701
f 806//806 701//701 814//814
f 1685//1685 701//701 806//806
f 704//704 702//702 809//809
f 647//647 803//803 640//640
f 703//703 803//803 647//647
f 804//804 803//803 703//703
f 704//704 1673//1673 1684//1684
f 703//703 1673//1673 704//704
f 1691//1691 1677//1677 732//732
f 714//714 1691//1691 732//732
f 710//710 711//711 705//705
f 1689//1689 1694//1694 1686//1686
f 708//708 709//709 1680//1680
f 1681//1681 1692//1692 1690//1690
f 1693//1693 1694//1694 1689//1689
f 1687//1687 707//707 706//706
f 707//707 1687//1687 718//718
f 707//707 718//718 733//733
f 712//712 713//713 716//716
f 1695//1695 1709//1709 1696//1696
f 1695//1695 709//709 1709//1709
f 1697//1697 1720//1720 1688//1688
f 1701//1701 717//717 1721//1721
f 1702//1702 1722//1722 1698//1698
f 708//708 1709//1709 709//709
f 1703//1703 1699//1699 1706//1706
f 715//715 1696//1696 1709//1709
f 1700//1700 1710//1710 1707//1707
f 1715//1715 1708//1708 1711//1711
f 1712//1712 714//714 727//727
f 1704//1704 1713//1713 1717//1717
f 1705//1705 1716//1716 1714//1714
f 727//727 1718//1718 1712//1712
f 714//714 719//719 727//727
f 729//729 733//733 718//718
f 729//729 734//734 733//733
f 727//727 1723//1723 728//728
f 1741//1741 1724//1724 1743//1743
f 722//722 720//720 721//721
f 722//722 721//721 1719//1719
f 1726//1726 723//723 721//721
f 1719//1719 721//721 718//718
f 723//723 718//718 721//721
f 1729//1729 725//725 1727//1727
f 730//730 1735//1735 727//727
f 1735//1735 1730//1730 727//727
f 1736//1736 726//726 1731//1731
f 1737//1737 1732//1732 1728//1728
f 1718//1718 727//727 1730//1730
f 718//718 723//723 729//729
f 723//723 1738//1738 724//724
f 723//723 724//724 729//729
f 1735//1735 730//730 1739//1739
f 1747//1747 1733//1733 1740//1740
f 727//727 728//728 730//730
f 1744//1744 1748//1748 1742//1742
f 734//734 729//729 736//736
f 1734//1734 1749//1749 1745//1745
f 1746//1746 731//731 1751//1751
f 731//731 738//738 1751//1751
f 736//736 1754//1754 737//737
f 714//714 732//732 743//743
f 743//743 719//719 714//714
f 734//734 735//735 733//733
f 1750//1750 719//719 743//743
f 736//736 735//735 734//734
f 735//735 736//736 733//733
f 736//736 737//737 733//733
f 739//739 1752//1752 1755//1755
f 737//737 740//740 733//733
f 731//731 1746//1746 1725//1725
f 1756//1756 1750//1750 1757//1757
f 1759//1759 1753//1753 1758//1758
f 740//740 741//741 733//733
f 1758//1758 816//816 1759//1759
f 743//743 1765//1765 1750//1750
f 1750//1750 1765//1765 1757//1757
f 1766//1766 817//817 1760//1760
f 1762//1762 1761//1761 1767//1767
f 1767//1767 818//818 1762//1762
f 1770//1770 820//820 741//741
f 741//741 838//838 733//733
f 732//732 582//582 656//656
f 743//743 656//656 742//742
f 656//656 743//743 732//732
f 733//733 1806//1806 655//655
f 742//742 841//841 743//743
f 836//836 743//743 841//841
f 661//661 744//744 745//745
f 744//744 751//751 745//745
f 747//747 742//742 661//661
f 661//661 745//745 746//746
f 747//747 661//661 746//746
f 746//746 745//745 753//753
f 747//747 746//746 748//748
f 746//746 749//749 1763//1763
f 656//656 661//661 742//742
f 748//748 841//841 747//747
f 742//742 747//747 841//841
f 1763//1763 749//749 841//841
f 593//593 755//755 752//752
f 752//752 751//751 593//593
f 744//744 593//593 751//751
f 751//751 752//752 745//745
f 752//752 753//753 745//745
f 755//755 756//756 752//752
f 846//846 752//752 756//756
f 846//846 758//758 848//848
f 746//746 753//753 749//749
f 749//749 753//753 847//847
f 659//659 869//869 754//754
f 756//756 755//755 757//757
f 666//666 757//757 755//755
f 666//666 761//761 757//757
f 758//758 846//846 757//757
f 756//756 757//757 846//846
f 757//757 765//765 766//766
f 760//760 759//759 766//766
f 759//759 757//757 766//766
f 757//757 759//759 758//758
f 761//761 769//769 763//763
f 761//761 763//763 757//757
f 763//763 769//769 762//762
f 762//762 769//769 770//770
f 764//764 762//762 770//770
f 757//757 763//763 765//765
f 763//763 762//762 764//764
f 770//770 771//771 764//764
f 767//767 766//766 765//765
f 763//763 767//767 765//765
f 766//766 767//767 764//764
f 764//764 768//768 766//766
f 859//859 768//768 764//764
f 767//767 763//763 764//764
f 764//764 771//771 859//859
f 768//768 760//760 766//766
f 760//760 768//768 859//859
f 663//663 772//772 596//596
f 663//663 754//754 772//772
f 874//874 771//771 770//770
f 671//671 772//772 884//884
f 676//676 874//874 673//673
f 770//770 673//673 874//874
f 676//676 1683//1683 874//874
f 875//875 874//874 1683//1683
f 884//884 675//675 600//600
f 780//780 774//774 773//773
f 773//773 774//774 777//777
f 1813//1813 674//674 777//777
f 774//774 778//778 777//777
f 774//774 780//780 775//775
f 774//774 775//775 882//882
f 882//882 775//775 776//776
f 781//781 775//775 782//782
f 776//776 775//775 781//781
f 882//882 778//778 774//774
f 776//776 785//785 882//882
f 778//778 880//880 777//777
f 882//882 785//785 883//883
f 785//785 786//786 883//883
f 675//675 884//884 779//779
f 780//780 679//679 678//678
f 780//780 678//678 782//782
f 775//775 780//780 782//782
f 1764//1764 782//782 783//783
f 783//783 782//782 784//784
f 782//782 678//678 784//784
f 784//784 678//678 786//786
f 784//784 786//786 783//783
f 1764//1764 783//783 786//786
f 1764//1764 786//786 785//785
f 776//776 781//781 785//785
f 787//787 788//788 685//685
f 788//788 789//789 685//685
f 787//787 886//886 788//788
f 886//886 789//789 788//788
f 790//790 687//687 888//888
f 888//888 687//687 887//887
f 687//687 791//791 887//887
f 791//791 889//889 887//887
f 900//900 791//791 793//793
f 791//791 689//689 793//793
f 793//793 689//689 904//904
f 904//904 689//689 905//905
f 792//792 794//794 692//692
f 794//794 903//903 795//795
f 689//689 906//906 905//905
f 796//796 1005//1005 1004//1004
f 689//689 636//636 906//906
f 797//797 906//906 636//636
f 906//906 797//797 798//798
f 697//697 909//909 698//698
f 909//909 908//908 698//698
f 636//636 798//798 797//797
f 911//911 798//798 636//636
f 701//701 799//799 801//801
f 800//800 912//912 799//799
f 799//799 912//912 801//801
f 912//912 802//802 801//801
f 801//801 802//802 814//814
f 814//814 802//802 916//916
f 803//803 1025//1025 640//640
f 1025//1025 803//803 913//913
f 702//702 806//806 809//809
f 805//805 704//704 811//811
f 704//704 809//809 811//811
f 805//805 811//811 808//808
f 804//804 805//805 913//913
f 808//808 913//913 805//805
f 701//701 801//801 814//814
f 814//814 807//807 806//806
f 807//807 814//814 815//815
f 807//807 815//815 810//810
f 810//810 806//806 807//807
f 810//810 812//812 809//809
f 810//810 809//809 806//806
f 815//815 813//813 810//810
f 813//813 812//812 810//810
f 915//915 913//913 811//811
f 809//809 915//915 811//811
f 915//915 809//809 812//812
f 813//813 915//915 812//812
f 813//813 917//917 915//915
f 811//811 913//913 808//808
f 916//916 815//815 814//814
f 916//916 917//917 815//815
f 815//815 917//917 813//813
f 1768//1768 1765//1765 821//821
f 1769//1769 1778//1778 1771//1771
f 819//819 1772//1772 1779//1779
f 819//819 824//824 823//823
f 829//829 821//821 1765//1765
f 1776//1776 1773//1773 1774//1774
f 1775//1775 1781//1781 1777//1777
f 820//820 838//838 741//741
f 820//820 1782//1782 838//838
f 828//828 838//838 1782//1782
f 819//819 1779//1779 822//822
f 829//829 1765//1765 743//743
f 821//821 829//829 1780//1780
f 819//819 822//822 824//824
f 1780//1780 826//826 1784//1784
f 826//826 1780//1780 829//829
f 825//825 1783//1783 1785//1785
f 1786//1786 828//828 1782//1782
f 1787//1787 825//825 1785//1785
f 827//827 825//825 1787//1787
f 828//828 1786//1786 1789//1789
f 1790//1790 1788//1788 1791//1791
f 1791//1791 919//919 830//830
f 1789//1789 1793//1793 828//828
f 838//838 828//828 1793//1793
f 838//838 1793//1793 831//831
f 1790//1790 1791//1791 830//830
f 832//832 1796//1796 1794//1794
f 1797//1797 1798//1798 833//833
f 835//835 839//839 1801//1801
f 1801//1801 839//839 831//831
f 1802//1802 834//834 1804//1804
f 1799//1799 834//834 1802//1802
f 1795//1795 1818//1818 1800//1800
f 1800//1800 1818//1818 1803//1803
f 1805//1805 1803//1803 921//921
f 829//829 743//743 837//837
f 837//837 743//743 836//836
f 838//838 1806//1806 733//733
f 839//839 838//838 831//831
f 839//839 920//920 838//838
f 1819//1819 839//839 835//835
f 924//924 838//838 920//920
f 840//840 749//749 847//847
f 749//749 840//840 836//836
f 749//749 836//836 841//841
f 842//842 836//836 840//840
f 840//840 850//850 842//842
f 842//842 856//856 843//843
f 842//842 843//843 844//844
f 836//836 842//842 844//844
f 844//844 929//929 1792//1792
f 844//844 843//843 929//929
f 837//837 836//836 844//844
f 837//837 844//844 1792//1792
f 1792//1792 929//929 1818//1818
f 847//847 753//753 752//752
f 848//848 847//847 846//846
f 847//847 752//752 846//846
f 849//849 848//848 860//860
f 847//847 848//848 840//840
f 850//850 840//840 848//848
f 848//848 849//849 852//852
f 849//849 861//861 852//852
f 852//852 1810//1810 862//862
f 862//862 854//854 852//852
f 850//850 851//851 856//856
f 850//850 848//848 851//851
f 848//848 852//852 851//851
f 851//851 852//852 854//854
f 842//842 850//850 856//856
f 856//856 853//853 857//857
f 856//856 851//851 854//854
f 856//856 854//854 853//853
f 853//853 854//854 855//855
f 858//858 1809//1809 1808//1808
f 857//857 853//853 855//855
f 942//942 1808//1808 863//863
f 1808//1808 1807//1807 863//863
f 856//856 857//857 843//843
f 858//858 843//843 1809//1809
f 942//942 858//858 1808//1808
f 942//942 943//943 858//858
f 843//843 940//940 929//929
f 858//858 940//940 843//843
f 864//864 1682//1682 750//750
f 869//869 659//659 1811//1811
f 944//944 750//750 845//845
f 750//750 944//944 864//864
f 758//758 759//759 860//860
f 758//758 860//860 848//848
f 860//860 759//759 859//859
f 866//866 860//860 859//859
f 759//759 760//760 859//859
f 849//849 860//860 861//861
f 1810//1810 860//860 862//862
f 860//860 866//866 868//868
f 860//860 945//945 862//862
f 868//868 945//945 860//860
f 862//862 863//863 1807//1807
f 1811//1811 865//865 869//869
f 951//951 865//865 952//952
f 864//864 957//957 1812//1812
f 957//957 953//953 1812//1812
f 865//865 1844//1844 952//952
f 771//771 867//867 866//866
f 771//771 866//866 859//859
f 945//945 866//866 867//867
f 945//945 868//868 866//866
f 754//754 869//869 772//772
f 869//869 950//950 772//772
f 874//874 867//867 771//771
f 867//867 874//874 872//872
f 867//867 872//872 870//870
f 870//870 945//945 867//867
f 871//871 870//870 872//872
f 945//945 870//870 871//871
f 772//772 950//950 873//873
f 872//872 874//874 879//879
f 872//872 879//879 967//967
f 876//876 874//874 875//875
f 1814//1814 1813//1813 877//877
f 1813//1813 878//878 877//877
f 880//880 878//878 1813//1813
f 874//874 1814//1814 879//879
f 1814//1814 877//877 879//879
f 879//879 877//877 878//878
f 772//772 873//873 884//884
f 880//880 1813//1813 777//777
f 882//882 883//883 988//988
f 882//882 988//988 985//985
f 989//989 881//881 884//884
f 778//778 882//882 880//880
f 786//786 885//885 883//883
f 988//988 883//883 1080//1080
f 883//883 885//885 1080//1080
f 886//886 787//787 884//884
f 884//884 881//881 886//886
f 786//786 790//790 885//885
f 790//790 888//888 885//885
f 888//888 887//887 993//993
f 888//888 993//993 885//885
f 1089//1089 789//789 886//886
f 901//901 896//896 889//889
f 887//887 889//889 997//997
f 997//997 889//889 896//896
f 892//892 890//890 897//897
f 897//897 891//891 898//898
f 890//890 891//891 897//897
f 892//892 893//893 890//890
f 890//890 893//893 891//891
f 891//891 893//893 894//894
f 892//892 895//895 893//893
f 893//893 1816//1816 902//902
f 894//894 893//893 902//902
f 896//896 897//897 999//999
f 897//897 898//898 999//999
f 897//897 896//896 892//892
f 1815//1815 1000//1000 891//891
f 1000//1000 1815//1815 902//902
f 999//999 898//898 899//899
f 899//899 898//898 891//891
f 1000//1000 902//902 1001//1001
f 891//891 1000//1000 899//899
f 1001//1001 899//899 1000//1000
f 789//789 792//792 692//692
f 792//792 789//789 903//903
f 1089//1089 903//903 789//789
f 889//889 791//791 900//900
f 889//889 900//900 901//901
f 901//901 900//900 892//892
f 892//892 900//900 895//895
f 900//900 793//793 1816//1816
f 892//892 896//896 901//901
f 1816//1816 793//793 902//902
f 793//793 904//904 902//902
f 794//794 792//792 903//903
f 795//795 903//903 796//796
f 903//903 1005//1005 796//796
f 906//906 907//907 1013//1013
f 800//800 908//908 1009//1009
f 907//907 906//906 798//798
f 910//910 907//907 798//798
f 910//910 798//798 911//911
f 1023//1023 800//800 1009//1009
f 918//918 913//913 915//915
f 802//802 912//912 1029//1029
f 916//916 802//802 1029//1029
f 918//918 1037//1037 1027//1027
f 918//918 1027//1027 913//913
f 916//916 1029//1029 914//914
f 1817//1817 1030//1030 1037//1037
f 917//917 916//916 1817//1817
f 915//915 917//917 918//918
f 917//917 1817//1817 918//918
f 1817//1817 1037//1037 918//918
f 1818//1818 921//921 1803//1803
f 1819//1819 835//835 922//922
f 922//922 927//927 1819//1819
f 1818//1818 926//926 921//921
f 1820//1820 1805//1805 921//921
f 1820//1820 921//921 923//923
f 921//921 926//926 923//923
f 923//923 926//926 925//925
f 1827//1827 1820//1820 923//923
f 1827//1827 923//923 925//925
f 1823//1823 926//926 928//928
f 920//920 1828//1828 924//924
f 1829//1829 1824//1824 1821//1821
f 1825//1825 931//931 1822//1822
f 1830//1830 1826//1826 928//928
f 940//940 1818//1818 929//929
f 1038//1038 1818//1818 940//940
f 1038//1038 940//940 1042//1042
f 926//926 1818//1818 1038//1038
f 926//926 930//930 928//928
f 932//932 928//928 930//930
f 930//930 926//926 1038//1038
f 935//935 930//930 1039//1039
f 924//924 1831//1831 838//838
f 932//932 933//933 928//928
f 928//928 933//933 1830//1830
f 934//934 838//838 1831//1831
f 838//838 934//934 941//941
f 932//932 930//930 935//935
f 933//933 932//932 935//935
f 1832//1832 936//936 1833//1833
f 937//937 1833//1833 936//936
f 937//937 1840//1840 1833//1833
f 1834//1834 933//933 935//935
f 933//933 1834//1834 1830//1830
f 938//938 1834//1834 935//935
f 1039//1039 938//938 935//935
f 1834//1834 938//938 1835//1835
f 1837//1837 939//939 1836//1836
f 937//937 1838//1838 1840//1840
f 1040//1040 1841//1841 1839//1839
f 1857//1857 939//939 1837//1837
f 943//943 940//940 858//858
f 838//838 941//941 1806//1806
f 941//941 1241//1241 1806//1806
f 1858//1858 1241//1241 941//941
f 863//863 862//862 945//945
f 943//943 863//863 945//945
f 863//863 943//943 942//942
f 940//940 943//943 1042//1042
f 865//865 951//951 869//869
f 944//944 957//957 864//864
f 958//958 957//957 944//944
f 845//845 1050//1050 944//944
f 944//944 1050//1050 958//958
f 946//946 945//945 871//871
f 946//946 943//943 945//945
f 871//871 967//967 946//946
f 943//943 946//946 1042//1042
f 1042//1042 946//946 947//947
f 967//967 947//947 946//946
f 1042//1042 947//947 948//948
f 948//948 947//947 967//967
f 967//967 949//949 948//948
f 951//951 950//950 869//869
f 952//952 1843//1843 951//951
f 950//950 954//954 971//971
f 1844//1844 950//950 952//952
f 950//950 1844//1844 954//954
f 955//955 953//953 957//957
f 1845//1845 954//954 1844//1844
f 954//954 1845//1845 971//971
f 1845//1845 956//956 971//971
f 1845//1845 959//959 956//956
f 956//956 972//972 971//971
f 1847//1847 1848//1848 1846//1846
f 959//959 960//960 956//956
f 956//956 978//978 972//972
f 956//956 960//960 978//978
f 962//962 1848//1848 1847//1847
f 959//959 961//961 960//960
f 1851//1851 964//964 1850//1850
f 1849//1849 1851//1851 1850//1850
f 961//961 979//979 960//960
f 1850//1850 964//964 979//979
f 978//978 960//960 979//979
f 958//958 1852//1852 957//957
f 958//958 963//963 1852//1852
f 1852//1852 963//963 1853//1853
f 963//963 1054//1054 1853//1853
f 871//871 872//872 967//967
f 967//967 965//965 966//966
f 967//967 966//966 949//949
f 966//966 968//968 949//949
f 1842//1842 1854//1854 969//969
f 966//966 965//965 968//968
f 1052//1052 969//969 1854//1854
f 1854//1854 965//965 1059//1059
f 1854//1854 1059//1059 1052//1052
f 969//969 1052//1052 1842//1842
f 971//971 873//873 950//950
f 873//873 970//970 980//980
f 970//970 981//981 980//980
f 970//970 974//974 981//981
f 974//974 970//970 973//973
f 974//974 982//982 981//981
f 972//972 970//970 873//873
f 972//972 873//873 971//971
f 970//970 972//972 973//973
f 982//982 976//976 983//983
f 972//972 974//974 973//973
f 972//972 978//978 975//975
f 972//972 975//975 974//974
f 975//975 978//978 977//977
f 974//974 976//976 982//982
f 974//974 975//975 976//976
f 975//975 977//977 976//976
f 978//978 984//984 977//977
f 984//984 978//978 979//979
f 965//965 967//967 879//879
f 879//879 878//878 965//965
f 987//987 986//986 980//980
f 980//980 981//981 987//987
f 981//981 983//983 987//987
f 983//983 981//981 982//982
f 983//983 984//984 987//987
f 976//976 977//977 983//983
f 984//984 983//983 977//977
f 878//878 1059//1059 965//965
f 878//878 880//880 1059//1059
f 1059//1059 880//880 985//985
f 986//986 884//884 873//873
f 986//986 989//989 884//884
f 980//980 986//986 873//873
f 987//987 1072//1072 986//986
f 986//986 1072//1072 989//989
f 882//882 985//985 880//880
f 985//985 988//988 1060//1060
f 988//988 1080//1080 1060//1060
f 989//989 995//995 881//881
f 1072//1072 991//991 995//995
f 989//989 1072//1072 995//995
f 991//991 1086//1086 990//990
f 993//993 996//996 992//992
f 1087//1087 992//992 997//997
f 1082//1082 885//885 993//993
f 995//995 886//886 881//881
f 995//995 994//994 886//886
f 886//886 994//994 1089//1089
f 995//995 990//990 994//994
f 995//995 991//991 990//990
f 990//990 1085//1085 994//994
f 1085//1085 1089//1089 994//994
f 990//990 1086//1086 1085//1085
f 996//996 993//993 887//887
f 1855//1855 887//887 997//997
f 1855//1855 997//997 992//992
f 1087//1087 997//997 998//998
f 896//896 999//999 997//997
f 997//997 999//999 998//998
f 899//899 998//998 999//999
f 1001//1001 1002//1002 1003//1003
f 1001//1001 998//998 899//899
f 998//998 1001//1001 1003//1003
f 1001//1001 902//902 1002//1002
f 1002//1002 902//902 1003//1003
f 1003//1003 902//902 904//904
f 1003//1003 904//904 1090//1090
f 903//903 1089//1089 1005//1005
f 1089//1089 1181//1181 1005//1005
f 1181//1181 1006//1006 1005//1005
f 904//904 905//905 1090//1090
f 1005//1005 1006//1006 1004//1004
f 1012//1012 1194//1194 1205//1205
f 906//906 1007//1007 1100//1100
f 1007//1007 1013//1013 1014//1014
f 1100//1100 905//905 906//906
f 1100//1100 1007//1007 1101//1101
f 1007//1007 1008//1008 1101//1101
f 1007//1007 1014//1014 1008//1008
f 1008//1008 1014//1014 1017//1017
f 1102//1102 1008//1008 1110//1110
f 1008//1008 1017//1017 1110//1110
f 908//908 909//909 1010//1010
f 908//908 1010//1010 1009//1009
f 697//697 1004//1004 909//909
f 909//909 1011//1011 1010//1010
f 1010//1010 1011//1011 1012//1012
f 1010//1010 1012//1012 1009//1009
f 1004//1004 1856//1856 909//909
f 1004//1004 1006//1006 1856//1856
f 1006//1006 1012//1012 1856//1856
f 1205//1205 1009//1009 1012//1012
f 1205//1205 1018//1018 1009//1009
f 1018//1018 1205//1205 1117//1117
f 1007//1007 906//906 1013//1013
f 1013//1013 907//907 1014//1014
f 907//907 910//910 1015//1015
f 910//910 911//911 1016//1016
f 1015//1015 1014//1014 907//907
f 910//910 1016//1016 1015//1015
f 1014//1014 1015//1015 1017//1017
f 1015//1015 1016//1016 1110//1110
f 1110//1110 1016//1016 1105//1105
f 1016//1016 1021//1021 1105//1105
f 1106//1106 1105//1105 1021//1021
f 1015//1015 1110//1110 1017//1017
f 1018//1018 1023//1023 1009//1009
f 1018//1018 1019//1019 1023//1023
f 1018//1018 1117//1117 1019//1019
f 911//911 1020//1020 1021//1021
f 1024//1024 1020//1020 911//911
f 1025//1025 1024//1024 911//911
f 1021//1021 1020//1020 1024//1024
f 1016//1016 911//911 1021//1021
f 1024//1024 1022//1022 1021//1021
f 1106//1106 1021//1021 1022//1022
f 1024//1024 1118//1118 1022//1022
f 1118//1118 1024//1024 1025//1025
f 1120//1120 1025//1025 1119//1119
f 800//800 1023//1023 912//912
f 912//912 1023//1023 1028//1028
f 1025//1025 913//913 1026//1026
f 1119//1119 1025//1025 1026//1026
f 913//913 1119//1119 1026//1026
f 912//912 1028//1028 1029//1029
f 1032//1032 1029//1029 1028//1028
f 1023//1023 1126//1126 1028//1028
f 1028//1028 1126//1126 1032//1032
f 914//914 1029//1029 1030//1030
f 1031//1031 1029//1029 1034//1034
f 1031//1031 1030//1030 1029//1029
f 1030//1030 1130//1130 1027//1027
f 1130//1130 1031//1031 1036//1036
f 1031//1031 1130//1130 1030//1030
f 1126//1126 1033//1033 1032//1032
f 1032//1032 1034//1034 1029//1029
f 1033//1033 1034//1034 1032//1032
f 1033//1033 1035//1035 1034//1034
f 1035//1035 1036//1036 1034//1034
f 1036//1036 1031//1031 1034//1034
f 1035//1035 1130//1130 1036//1036
f 1030//1030 1027//1027 1037//1037
f 1038//1038 1042//1042 1039//1039
f 930//930 1038//1038 1039//1039
f 1837//1837 1041//1041 1857//1857
f 1241//1241 1858//1858 1045//1045
f 938//938 1039//1039 1860//1860
f 1132//1132 1860//1860 1039//1039
f 1859//1859 1861//1861 1864//1864
f 1132//1132 1044//1044 1860//1860
f 1863//1863 1865//1865 1862//1862
f 948//948 1043//1043 1042//1042
f 1042//1042 1043//1043 1039//1039
f 1039//1039 1043//1043 1048//1048
f 1048//1048 1047//1047 1039//1039
f 1049//1049 1039//1039 1047//1047
f 1132//1132 1039//1039 1049//1049
f 1132//1132 1134//1134 1044//1044
f 1883//1883 1865//1865 1863//1863
f 1043//1043 948//948 949//949
f 1043//1043 1842//1842 1046//1046
f 1043//1043 1046//1046 1047//1047
f 1048//1048 1043//1043 1047//1047
f 958//958 1050//1050 1051//1051
f 1051//1051 963//963 958//958
f 1054//1054 963//963 1051//1051
f 1058//1058 845//845 1241//1241
f 1050//1050 845//845 1058//1058
f 1058//1058 1051//1051 1050//1050
f 1051//1051 1058//1058 1055//1055
f 1144//1144 1058//1058 1241//1241
f 1046//1046 1842//1842 1052//1052
f 1046//1046 1052//1052 1047//1047
f 1049//1049 1047//1047 1052//1052
f 1052//1052 1059//1059 1049//1049
f 1061//1061 1049//1049 1059//1059
f 1049//1049 1061//1061 1135//1135
f 979//979 964//964 1866//1866
f 984//984 979//979 1053//1053
f 1055//1055 1054//1054 1051//1051
f 1053//1053 979//979 1866//1866
f 1866//1866 1056//1056 1053//1053
f 1057//1057 1054//1054 1055//1055
f 1868//1868 1867//1867 1869//1869
f 1067//1067 1056//1056 1870//1870
f 1871//1871 1057//1057 1144//1144
f 1057//1057 1055//1055 1144//1144
f 1058//1058 1144//1144 1055//1055
f 985//985 1060//1060 1059//1059
f 1061//1061 1059//1059 1060//1060
f 1080//1080 1061//1061 1060//1060
f 1061//1061 1080//1080 1062//1062
f 1062//1062 1080//1080 1135//1135
f 984//984 1072//1072 987//987
f 1063//1063 1065//1065 984//984
f 1053//1053 1063//1063 984//984
f 1053//1053 1065//1065 1063//1063
f 1053//1053 1064//1064 1065//1065
f 1064//1064 1066//1066 1065//1065
f 1064//1064 1053//1053 1056//1056
f 1066//1066 1070//1070 1065//1065
f 1056//1056 1067//1067 1064//1064
f 1067//1067 1068//1068 1064//1064
f 1873//1873 1076//1076 1065//1065
f 1064//1064 1068//1068 1066//1066
f 1069//1069 1070//1070 1066//1066
f 1067//1067 1071//1071 1068//1068
f 1069//1069 1066//1066 1068//1068
f 1069//1069 1068//1068 1071//1071
f 1872//1872 1875//1875 1143//1143
f 1874//1874 1872//1872 1143//1143
f 1874//1874 1143//1143 1079//1079
f 1871//1871 1144//1144 1876//1876
f 1079//1079 1078//1078 1873//1873
f 1079//1079 1143//1143 1146//1146
f 1145//1145 1080//1080 1082//1082
f 1080//1080 1145//1145 1135//1135
f 984//984 1065//1065 1072//1072
f 1072//1072 1065//1065 1074//1074
f 1072//1072 1073//1073 991//991
f 1074//1074 1073//1073 1072//1072
f 1073//1073 1075//1075 991//991
f 1074//1074 1065//1065 1076//1076
f 1074//1074 1076//1076 1073//1073
f 1073//1073 1076//1076 1075//1075
f 1075//1075 1077//1077 1086//1086
f 1077//1077 1075//1075 1076//1076
f 1873//1873 1078//1078 1076//1076
f 1076//1076 1078//1078 1077//1077
f 1079//1079 1146//1146 1078//1078
f 1146//1146 1077//1077 1078//1078
f 1080//1080 885//885 1082//1082
f 1082//1082 993//993 1081//1081
f 1145//1145 1082//1082 1084//1084
f 1084//1084 1082//1082 1081//1081
f 1083//1083 993//993 1087//1087
f 1083//1083 1081//1081 993//993
f 1083//1083 1084//1084 1081//1081
f 1084//1084 1083//1083 1087//1087
f 1166//1166 1084//1084 1087//1087
f 991//991 1075//1075 1086//1086
f 1085//1085 1086//1086 1077//1077
f 993//993 992//992 1087//1087
f 1003//1003 1168//1168 1087//1087
f 998//998 1003//1003 1087//1087
f 1088//1088 1003//1003 1090//1090
f 1088//1088 1090//1090 1243//1243
f 1090//1090 905//905 1092//1092
f 1090//1090 1092//1092 1091//1091
f 1090//1090 1091//1091 1185//1185
f 1195//1195 1185//1185 1091//1091
f 1006//1006 1181//1181 1194//1194
f 1092//1092 905//905 1093//1093
f 905//905 1100//1100 1093//1093
f 1092//1092 1093//1093 1091//1091
f 1091//1091 1093//1093 1094//1094
f 1094//1094 1093//1093 1100//1100
f 1094//1094 1101//1101 1095//1095
f 1101//1101 1102//1102 1095//1095
f 1097//1097 1096//1096 1098//1098
f 1102//1102 1096//1096 1097//1097
f 1091//1091 1094//1094 1095//1095
f 1095//1095 1102//1102 1097//1097
f 1096//1096 1103//1103 1098//1098
f 1091//1091 1095//1095 1195//1195
f 1195//1195 1095//1095 1097//1097
f 1097//1097 1098//1098 1195//1195
f 1098//1098 1104//1104 1099//1099
f 1194//1194 1012//1012 1006//1006
f 1101//1101 1008//1008 1102//1102
f 1100//1100 1101//1101 1094//1094
f 1102//1102 1110//1110 1103//1103
f 1102//1102 1103//1103 1096//1096
f 1103//1103 1108//1108 1104//1104
f 1879//1879 1880//1880 1207//1207
f 1103//1103 1104//1104 1098//1098
f 1208//1208 1099//1099 1104//1104
f 1879//1879 1206//1206 1925//1925
f 1207//1207 1206//1206 1879//1879
f 1117//1117 1205//1205 1212//1212
f 1278//1278 1212//1212 1205//1205
f 1022//1022 1109//1109 1106//1106
f 1022//1022 1118//1118 1109//1109
f 1107//1107 1110//1110 1105//1105
f 1106//1106 1107//1107 1105//1105
f 1107//1107 1106//1106 1881//1881
f 1107//1107 1881//1881 1877//1877
f 1106//1106 1109//1109 1880//1880
f 1878//1878 1110//1110 1107//1107
f 1109//1109 1111//1111 1880//1880
f 1118//1118 1111//1111 1109//1109
f 1111//1111 1118//1118 1120//1120
f 1207//1207 1880//1880 1111//1111
f 1111//1111 1120//1120 1113//1113
f 1113//1113 1207//1207 1111//1111
f 1120//1120 1112//1112 1113//1113
f 1115//1115 1113//1113 1112//1112
f 1112//1112 1122//1122 1114//1114
f 1223//1223 1114//1114 1116//1116
f 1115//1115 1112//1112 1114//1114
f 1114//1114 1122//1122 1116//1116
f 1122//1122 1123//1123 1116//1116
f 1123//1123 1125//1125 1225//1225
f 1225//1225 1125//1125 1230//1230
f 1212//1212 1019//1019 1117//1117
f 1212//1212 1213//1213 1019//1019
f 1213//1213 1126//1126 1019//1019
f 1120//1120 1118//1118 1025//1025
f 1120//1120 1119//1119 1122//1122
f 1120//1120 1122//1122 1112//1112
f 1122//1122 1119//1119 1121//1121
f 1123//1123 1122//1122 1121//1121
f 1125//1125 1123//1123 1124//1124
f 1231//1231 1125//1125 1124//1124
f 1123//1123 1121//1121 1124//1124
f 1124//1124 1121//1121 1231//1231
f 1231//1231 1121//1121 1232//1232
f 1125//1125 1231//1231 1230//1230
f 1023//1023 1019//1019 1126//1126
f 1129//1129 1033//1033 1126//1126
f 1127//1127 1033//1033 1129//1129
f 1128//1128 1127//1127 1228//1228
f 1213//1213 1129//1129 1126//1126
f 1219//1219 1127//1127 1129//1129
f 913//913 1027//1027 1119//1119
f 1121//1121 1119//1119 1027//1027
f 1131//1131 1121//1121 1027//1027
f 1130//1130 1131//1131 1027//1027
f 1128//1128 1131//1131 1130//1130
f 1127//1127 1130//1130 1035//1035
f 1128//1128 1130//1130 1127//1127
f 1035//1035 1033//1033 1127//1127
f 1134//1134 1132//1132 1136//1136
f 1049//1049 1135//1135 1132//1132
f 1136//1136 1132//1132 1240//1240
f 1045//1045 1137//1137 1241//1241
f 1883//1883 1133//1133 1865//1865
f 1137//1137 1045//1045 1882//1882
f 1882//1882 1139//1139 1137//1137
f 1061//1061 1062//1062 1135//1135
f 1132//1132 1135//1135 1240//1240
f 1141//1141 1241//1241 1137//1137
f 1136//1136 1138//1138 1134//1134
f 1139//1139 1140//1140 1890//1890
f 1137//1137 1139//1139 1890//1890
f 1883//1883 1884//1884 1886//1886
f 1133//1133 1883//1883 1886//1886
f 1884//1884 1887//1887 1886//1886
f 1885//1885 1234//1234 1888//1888
f 1138//1138 1237//1237 1928//1928
f 1234//1234 1235//1235 1888//1888
f 1889//1889 1929//1929 1141//1141
f 1141//1141 1929//1929 1241//1241
f 1135//1135 1142//1142 1240//1240
f 1891//1891 1143//1143 1875//1875
f 1143//1143 1147//1147 1892//1892
f 1147//1147 1143//1143 1891//1891
f 1157//1157 1144//1144 1241//1241
f 1135//1135 1145//1145 1166//1166
f 1084//1084 1166//1166 1145//1145
f 1135//1135 1166//1166 1142//1142
f 1142//1142 1166//1166 1242//1242
f 1242//1242 1168//1168 1243//1243
f 1147//1147 1153//1153 1892//1892
f 1146//1146 1150//1150 1077//1077
f 1153//1153 1894//1894 1892//1892
f 1148//1148 1151//1151 1077//1077
f 1148//1148 1077//1077 1150//1150
f 1077//1077 1152//1152 1169//1169
f 1905//1905 1147//1147 1891//1891
f 1905//1905 1153//1153 1147//1147
f 1899//1899 1149//1149 1895//1895
f 1896//1896 1154//1154 1155//1155
f 1893//1893 1900//1900 1897//1897
f 1149//1149 1900//1900 1895//1895
f 1895//1895 1900//1900 1893//1893
f 1152//1152 1077//1077 1151//1151
f 1898//1898 1896//1896 1155//1155
f 1155//1155 1912//1912 1898//1898
f 1149//1149 1158//1158 1156//1156
f 1899//1899 1158//1158 1149//1149
f 1905//1905 1906//1906 1153//1153
f 1156//1156 1900//1900 1149//1149
f 1170//1170 1902//1902 1160//1160
f 1913//1913 1160//1160 1172//1172
f 1904//1904 1903//1903 1901//1901
f 1160//1160 1161//1161 1172//1172
f 1164//1164 1907//1907 1157//1157
f 1162//1162 1904//1904 1908//1908
f 1162//1162 1908//1908 1911//1911
f 1159//1159 1904//1904 1162//1162
f 1903//1903 1904//1904 1159//1159
f 1162//1162 1165//1165 1159//1159
f 1909//1909 1160//1160 1902//1902
f 1909//1909 1165//1165 1160//1160
f 1165//1165 1163//1163 1160//1160
f 1163//1163 1161//1161 1160//1160
f 1910//1910 1163//1163 1174//1174
f 1915//1915 1910//1910 1174//1174
f 1162//1162 1164//1164 1165//1165
f 1163//1163 1165//1165 1174//1174
f 1164//1164 1157//1157 1241//1241
f 1165//1165 1164//1164 1244//1244
f 1244//1244 1174//1174 1165//1165
f 1167//1167 1166//1166 1087//1087
f 1087//1087 1168//1168 1167//1167
f 1166//1166 1167//1167 1242//1242
f 1242//1242 1167//1167 1168//1168
f 1077//1077 1169//1169 1085//1085
f 1169//1169 1902//1902 1171//1171
f 1171//1171 1173//1173 1169//1169
f 1902//1902 1170//1170 1171//1171
f 1913//1913 1172//1172 1914//1914
f 1916//1916 1173//1173 1171//1171
f 1916//1916 1175//1175 1173//1173
f 1917//1917 1915//1915 1244//1244
f 1244//1244 1915//1915 1174//1174
f 1003//1003 1088//1088 1168//1168
f 1168//1168 1088//1088 1243//1243
f 1085//1085 1181//1181 1089//1089
f 1085//1085 1176//1176 1181//1181
f 1176//1176 1085//1085 1169//1169
f 1173//1173 1176//1176 1169//1169
f 1177//1177 1181//1181 1176//1176
f 1173//1173 1175//1175 1918//1918
f 1173//1173 1177//1177 1176//1176
f 1917//1917 1244//1244 1919//1919
f 1090//1090 1179//1179 1243//1243
f 1178//1178 1181//1181 1177//1177
f 1177//1177 1250//1250 1178//1178
f 1090//1090 1185//1185 1179//1179
f 1189//1189 1248//1248 1180//1180
f 1189//1189 1190//1190 1248//1248
f 1179//1179 1180//1180 1248//1248
f 1182//1182 1181//1181 1178//1178
f 1182//1182 1256//1256 1183//1183
f 1256//1256 1184//1184 1183//1183
f 1184//1184 1256//1256 1258//1258
f 1185//1185 1187//1187 1179//1179
f 1186//1186 1187//1187 1195//1195
f 1187//1187 1185//1185 1195//1195
f 1186//1186 1195//1195 1191//1191
f 1187//1187 1180//1180 1179//1179
f 1180//1180 1187//1187 1189//1189
f 1186//1186 1190//1190 1187//1187
f 1189//1189 1187//1187 1190//1190
f 1190//1190 1186//1186 1191//1191
f 1921//1921 1188//1188 1192//1192
f 1190//1190 1268//1268 1248//1248
f 1190//1190 1191//1191 1268//1268
f 1921//1921 1192//1192 1268//1268
f 1268//1268 1192//1192 1248//1248
f 1192//1192 1188//1188 1193//1193
f 1188//1188 1203//1203 1193//1193
f 1192//1192 1193//1193 1248//1248
f 1193//1193 1203//1203 1269//1269
f 1194//1194 1274//1274 1205//1205
f 1194//1194 1181//1181 1182//1182
f 1194//1194 1182//1182 1183//1183
f 1183//1183 1184//1184 1194//1194
f 1194//1194 1272//1272 1274//1274
f 1184//1184 1272//1272 1194//1194
f 1195//1195 1098//1098 1197//1197
f 1197//1197 1098//1098 1099//1099
f 1195//1195 1197//1197 1921//1921
f 1099//1099 1196//1196 1197//1197
f 1197//1197 1196//1196 1198//1198
f 1198//1198 1196//1196 1199//1199
f 1099//1099 1208//1208 1196//1196
f 1199//1199 1922//1922 1925//1925
f 1200//1200 1198//1198 1199//1199
f 1921//1921 1197//1197 1188//1188
f 1197//1197 1198//1198 1202//1202
f 1204//1204 1923//1923 1200//1200
f 1923//1923 1198//1198 1200//1200
f 1200//1200 1201//1201 1204//1204
f 1201//1201 1200//1200 1199//1199
f 1197//1197 1202//1202 1188//1188
f 1204//1204 1201//1201 1276//1276
f 1276//1276 1201//1201 1211//1211
f 1924//1924 1923//1923 1204//1204
f 1188//1188 1202//1202 1203//1203
f 1924//1924 1204//1204 1276//1276
f 1203//1203 1276//1276 1269//1269
f 1205//1205 1274//1274 1278//1278
f 1113//1113 1209//1209 1207//1207
f 1925//1925 1206//1206 1199//1199
f 1206//1206 1201//1201 1199//1199
f 1206//1206 1207//1207 1201//1201
f 1207//1207 1209//1209 1201//1201
f 1209//1209 1113//1113 1224//1224
f 1209//1209 1211//1211 1201//1201
f 1209//1209 1224//1224 1211//1211
f 1210//1210 1224//1224 1227//1227
f 1227//1227 1226//1226 1281//1281
f 1281//1281 1226//1226 1282//1282
f 1281//1281 1210//1210 1227//1227
f 1211//1211 1281//1281 1276//1276
f 1224//1224 1281//1281 1211//1211
f 1281//1281 1224//1224 1210//1210
f 1217//1217 1213//1213 1212//1212
f 1212//1212 1278//1278 1217//1217
f 1213//1213 1214//1214 1129//1129
f 1213//1213 1215//1215 1214//1214
f 1218//1218 1219//1219 1215//1215
f 1215//1215 1219//1219 1214//1214
f 1213//1213 1217//1217 1216//1216
f 1217//1217 1220//1220 1216//1216
f 1220//1220 1221//1221 1216//1216
f 1216//1216 1215//1215 1213//1213
f 1216//1216 1221//1221 1215//1215
f 1218//1218 1215//1215 1221//1221
f 1217//1217 1290//1290 1220//1220
f 1218//1218 1221//1221 1284//1284
f 1285//1285 1218//1218 1284//1284
f 1218//1218 1285//1285 1219//1219
f 1219//1219 1285//1285 1298//1298
f 1290//1290 1292//1292 1220//1220
f 1220//1220 1292//1292 1221//1221
f 1113//1113 1115//1115 1224//1224
f 1114//1114 1222//1222 1115//1115
f 1926//1926 1222//1222 1114//1114
f 1223//1223 1116//1116 1226//1226
f 1116//1116 1123//1123 1226//1226
f 1226//1226 1123//1123 1225//1225
f 1115//1115 1222//1222 1224//1224
f 1224//1224 1222//1222 1227//1227
f 1226//1226 1227//1227 1926//1926
f 1926//1926 1227//1227 1222//1222
f 1226//1226 1225//1225 1282//1282
f 1225//1225 1230//1230 1282//1282
f 1283//1283 1232//1232 1233//1233
f 1282//1282 1232//1232 1283//1283
f 1298//1298 1927//1927 1219//1219
f 1229//1229 1228//1228 1298//1298
f 1214//1214 1219//1219 1129//1129
f 1230//1230 1231//1231 1232//1232
f 1230//1230 1232//1232 1282//1282
f 1232//1232 1131//1131 1128//1128
f 1232//1232 1121//1121 1131//1131
f 1233//1233 1232//1232 1128//1128
f 1219//1219 1927//1927 1127//1127
f 1128//1128 1229//1229 1233//1233
f 1228//1228 1229//1229 1128//1128
f 1283//1283 1233//1233 1229//1229
f 1138//1138 1136//1136 1237//1237
f 1136//1136 1240//1240 1237//1237
f 1928//1928 1237//1237 1930//1930
f 1929//1929 1236//1236 1241//1241
f 1934//1934 1932//1932 1931//1931
f 1238//1238 1933//1933 1935//1935
f 1239//1239 1937//1937 1936//1936
f 1937//1937 1239//1239 1299//1299
f 1240//1240 1142//1142 1242//1242
f 1240//1240 1939//1939 1237//1237
f 1938//1938 1241//1241 1236//1236
f 1239//1239 1301//1301 1299//1299
f 1240//1240 1242//1242 1243//1243
f 1240//1240 1243//1243 1307//1307
f 1245//1245 1164//1164 1241//1241
f 1244//1244 1164//1164 1245//1245
f 1244//1244 1245//1245 1247//1247
f 1244//1244 1246//1246 1919//1919
f 1919//1919 1246//1246 1252//1252
f 1247//1247 1246//1246 1244//1244
f 1252//1252 1246//1246 1247//1247
f 1328//1328 1252//1252 1247//1247
f 1247//1247 1315//1315 1328//1328
f 1179//1179 1248//1248 1243//1243
f 1243//1243 1248//1248 1307//1307
f 1314//1314 1307//1307 1249//1249
f 1307//1307 1248//1248 1249//1249
f 1940//1940 1920//1920 1252//1252
f 1250//1250 1257//1257 1178//1178
f 1942//1942 1940//1940 1251//1251
f 1941//1941 1263//1263 1257//1257
f 1940//1940 1252//1252 1251//1251
f 1251//1251 1252//1252 1259//1259
f 1259//1259 1252//1252 1261//1261
f 1328//1328 1261//1261 1252//1252
f 1253//1253 1248//1248 1271//1271
f 1271//1271 1351//1351 1338//1338
f 1178//1178 1257//1257 1182//1182
f 1257//1257 1254//1254 1182//1182
f 1257//1257 1255//1255 1254//1254
f 1256//1256 1182//1182 1254//1254
f 1256//1256 1254//1254 1255//1255
f 1255//1255 1262//1262 1256//1256
f 1256//1256 1262//1262 1258//1258
f 1258//1258 1273//1273 1184//1184
f 1257//1257 1263//1263 1255//1255
f 1258//1258 1943//1943 1260//1260
f 1258//1258 1260//1260 1273//1273
f 1259//1259 1944//1944 1251//1251
f 1943//1943 1267//1267 1260//1260
f 1260//1260 1267//1267 1275//1275
f 1261//1261 1264//1264 1259//1259
f 1342//1342 1264//1264 1261//1261
f 1255//1255 1263//1263 1943//1943
f 1263//1263 1265//1265 1943//1943
f 1944//1944 1259//1259 1264//1264
f 1264//1264 1265//1265 1944//1944
f 1267//1267 1943//1943 1266//1266
f 1266//1266 1943//1943 1265//1265
f 1264//1264 1342//1342 1265//1265
f 1266//1266 1265//1265 1341//1341
f 1266//1266 1356//1356 1267//1267
f 1275//1275 1267//1267 1356//1356
f 1266//1266 1341//1341 1356//1356
f 1248//1248 1193//1193 1271//1271
f 1269//1269 1271//1271 1193//1193
f 1269//1269 1270//1270 1271//1271
f 1351//1351 1271//1271 1270//1270
f 1273//1273 1272//1272 1184//1184
f 1272//1272 1273//1273 1274//1274
f 1273//1273 1275//1275 1274//1274
f 1273//1273 1260//1260 1275//1275
f 1274//1274 1357//1357 1361//1361
f 1275//1275 1356//1356 1274//1274
f 1274//1274 1356//1356 1357//1357
f 1269//1269 1276//1276 1270//1270
f 1276//1276 1281//1281 1270//1270
f 1277//1277 1270//1270 1281//1281
f 1281//1281 1282//1282 1277//1277
f 1277//1277 1282//1282 1353//1353
f 1353//1353 1283//1283 1355//1355
f 1278//1278 1290//1290 1217//1217
f 1278//1278 1279//1279 1290//1290
f 1274//1274 1279//1279 1278//1278
f 1296//1296 1279//1279 1280//1280
f 1274//1274 1361//1361 1280//1280
f 1274//1274 1280//1280 1279//1279
f 1282//1282 1283//1283 1353//1353
f 1287//1287 1285//1285 1286//1286
f 1285//1285 1284//1284 1286//1286
f 1298//1298 1287//1287 1229//1229
f 1285//1285 1287//1287 1298//1298
f 1287//1287 1286//1286 1288//1288
f 1289//1289 1229//1229 1287//1287
f 1289//1289 1287//1287 1288//1288
f 1297//1297 1289//1289 1288//1288
f 1283//1283 1229//1229 1289//1289
f 1221//1221 1292//1292 1293//1293
f 1284//1284 1293//1293 1286//1286
f 1284//1284 1221//1221 1293//1293
f 1290//1290 1291//1291 1292//1292
f 1290//1290 1947//1947 1291//1291
f 1294//1294 1292//1292 1291//1291
f 1294//1294 1293//1293 1292//1292
f 1291//1291 1947//1947 1294//1294
f 1286//1286 1295//1295 1288//1288
f 1295//1295 1286//1286 1293//1293
f 1294//1294 1295//1295 1293//1293
f 1296//1296 1290//1290 1279//1279
f 1949//1949 1294//1294 1947//1947
f 1295//1295 1297//1297 1288//1288
f 1949//1949 1295//1295 1294//1294
f 1945//1945 1297//1297 1948//1948
f 1939//1939 1240//1240 1952//1952
f 1240//1240 1304//1304 1952//1952
f 1938//1938 1950//1950 1241//1241
f 1307//1307 1304//1304 1240//1240
f 1241//1241 1308//1308 1316//1316
f 1950//1950 1300//1300 1241//1241
f 1308//1308 1241//1241 1300//1300
f 1951//1951 1953//1953 1302//1302
f 1950//1950 1303//1303 1300//1300
f 1950//1950 1954//1954 1303//1303
f 1957//1957 1308//1308 1300//1300
f 1952//1952 1304//1304 1955//1955
f 1304//1304 1305//1305 1955//1955
f 1956//1956 1959//1959 1958//1958
f 1957//1957 1309//1309 1308//1308
f 1957//1957 1960//1960 1309//1309
f 1304//1304 1306//1306 1305//1305
f 1961//1961 1306//1306 1964//1964
f 1304//1304 1310//1310 1306//1306
f 1245//1245 1241//1241 1316//1316
f 1315//1315 1245//1245 1316//1316
f 1247//1247 1245//1245 1315//1315
f 1307//1307 1327//1327 1317//1317
f 1307//1307 1317//1317 1364//1364
f 1309//1309 1311//1311 1308//1308
f 1962//1962 1966//1966 1313//1313
f 1318//1318 1962//1962 1313//1313
f 1310//1310 1967//1967 1306//1306
f 1964//1964 1306//1306 1967//1967
f 1965//1965 1312//1312 1968//1968
f 1310//1310 1304//1304 1307//1307
f 1310//1310 1307//1307 1969//1969
f 1316//1316 1963//1963 1973//1973
f 1970//1970 1968//1968 1312//1312
f 2020//2020 1970//1970 1312//1312
f 1969//1969 1307//1307 1364//1364
f 1971//1971 2021//2021 1974//1974
f 2022//2022 1972//1972 1975//1975
f 1314//1314 1327//1327 1307//1307
f 1315//1315 1320//1320 1329//1329
f 1317//1317 1327//1327 1319//1319
f 1315//1315 1329//1329 1328//1328
f 1316//1316 1320//1320 1315//1315
f 1316//1316 1973//1973 1320//1320
f 1320//1320 1322//1322 1329//1329
f 1322//1322 1323//1323 1329//1329
f 1317//1317 1319//1319 1976//1976
f 1977//1977 1978//1978 1981//1981
f 1979//1979 1321//1321 1982//1982
f 1984//1984 1988//1988 1983//1983
f 1985//1985 1323//1323 1322//1322
f 1249//1249 1248//1248 1253//1253
f 1314//1314 1249//1249 1253//1253
f 1253//1253 1324//1324 1314//1314
f 1271//1271 1324//1324 1253//1253
f 1314//1314 1324//1324 1325//1325
f 1324//1324 1271//1271 1325//1325
f 1325//1325 1327//1327 1314//1314
f 1325//1325 1338//1338 1327//1327
f 1327//1327 1338//1338 1326//1326
f 1327//1327 1326//1326 1395//1395
f 1395//1395 1326//1326 1340//1340
f 1261//1261 1328//1328 1342//1342
f 1329//1329 1330//1330 1328//1328
f 1328//1328 1330//1330 1342//1342
f 1342//1342 1330//1330 1345//1345
f 1330//1330 1332//1332 1345//1345
f 1332//1332 1333//1333 1345//1345
f 1323//1323 1330//1330 1329//1329
f 1323//1323 1398//1398 1330//1330
f 1398//1398 1399//1399 1331//1331
f 1330//1330 1398//1398 1331//1331
f 1401//1401 1404//1404 1334//1334
f 1336//1336 1401//1401 1334//1334
f 1331//1331 1332//1332 1330//1330
f 2065//2065 1332//1332 1331//1331
f 2065//2065 1400//1400 1332//1332
f 2068//2068 1992//1992 1991//1991
f 2069//2069 1401//1401 1336//1336
f 2069//2069 1336//1336 1993//1993
f 1334//1334 1335//1335 1336//1336
f 1335//1335 1993//1993 1336//1336
f 1346//1346 1993//1993 1335//1335
f 1408//1408 1995//1995 1337//1337
f 1337//1337 1995//1995 1335//1335
f 1325//1325 1271//1271 1338//1338
f 1338//1338 1351//1351 1339//1339
f 1339//1339 1351//1351 1354//1354
f 1326//1326 1338//1338 1339//1339
f 1326//1326 1339//1339 1354//1354
f 1354//1354 1353//1353 1402//1402
f 1326//1326 1354//1354 1340//1340
f 1340//1340 2012//2012 2074//2074
f 2075//2075 1348//1348 2070//2070
f 1402//1402 1355//1355 2001//2001
f 1343//1343 1265//1265 1342//1342
f 1265//1265 1343//1343 1341//1341
f 1356//1356 1341//1341 1359//1359
f 1343//1343 1342//1342 1996//1996
f 1997//1997 1344//1344 1343//1343
f 1344//1344 1341//1341 1343//1343
f 1344//1344 1359//1359 1341//1341
f 1350//1350 1347//1347 1997//1997
f 1347//1347 1344//1344 1997//1997
f 1344//1344 1347//1347 1359//1359
f 1345//1345 1996//1996 1342//1342
f 1333//1333 1996//1996 1345//1345
f 1349//1349 1999//1999 2007//2007
f 2004//2004 1360//1360 2000//2000
f 2002//2002 2008//2008 1411//1411
f 2003//2003 2005//2005 2009//2009
f 2001//2001 1355//1355 2006//2006
f 2006//2006 1355//1355 2014//2014
f 1998//1998 2087//2087 2010//2010
f 2011//2011 2088//2088 2093//2093
f 1270//1270 1277//1277 1352//1352
f 1351//1351 1270//1270 1352//1352
f 1352//1352 1354//1354 1351//1351
f 1277//1277 1353//1353 1354//1354
f 1354//1354 1352//1352 1277//1277
f 1353//1353 1355//1355 1402//1402
f 1357//1357 1356//1356 1359//1359
f 1357//1357 2013//2013 1361//1361
f 1358//1358 1361//1361 2013//2013
f 1362//1362 1363//1363 2014//2014
f 2015//2015 2018//2018 1358//1358
f 2013//2013 2015//2015 1358//1358
f 1362//1362 1355//1355 1289//1289
f 2014//2014 1355//1355 1362//1362
f 1347//1347 2016//2016 1359//1359
f 1289//1289 1355//1355 1283//1283
f 1945//1945 1289//1289 1297//1297
f 1945//1945 1362//1362 1289//1289
f 1362//1362 1945//1945 1363//1363
f 1946//1946 2017//2017 2019//2019
f 1358//1358 2018//2018 1361//1361
f 1379//1379 1372//1372 1365//1365
f 2047//2047 1380//1380 1381//1381
f 2048//2048 2023//2023 2051//2051
f 2052//2052 2024//2024 1384//1384
f 2037//2037 1383//1383 2024//2024
f 1384//1384 2024//2024 1383//1383
f 1396//1396 1367//1367 1395//1395
f 1367//1367 1327//1327 1395//1395
f 1986//1986 1980//1980 1366//1366
f 2025//2025 1319//1319 1327//1327
f 2026//2026 1989//1989 1987//1987
f 1367//1367 2025//2025 1327//1327
f 2028//2028 1990//1990 2027//2027
f 1368//1368 1990//1990 2028//2028
f 2029//2029 1396//1396 1405//1405
f 1367//1367 1396//1396 2029//2029
f 1368//1368 1371//1371 1990//1990
f 2029//2029 1405//1405 1377//1377
f 1370//1370 2049//2049 1378//1378
f 1369//1369 1370//1370 1378//1378
f 2047//2047 1381//1381 2046//2046
f 1379//1379 1373//1373 1372//1372
f 2038//2038 2050//2050 2033//2033
f 2038//2038 2033//2033 2030//2030
f 1371//1371 1368//1368 2044//2044
f 2034//2034 1376//1376 2031//2031
f 2037//2037 2039//2039 1374//1374
f 2037//2037 1374//1374 1390//1390
f 2039//2039 1375//1375 1374//1374
f 1374//1374 1375//1375 1390//1390
f 2041//2041 1375//1375 2039//2039
f 2032//2032 2042//2042 2040//2040
f 1375//1375 2041//2041 1409//1409
f 1375//1375 1409//1409 1390//1390
f 1390//1390 1409//1409 1392//1392
f 2043//2043 2035//2035 2045//2045
f 2041//2041 1377//1377 1409//1409
f 1409//1409 1393//1393 1392//1392
f 1381//1381 1380//1380 1378//1378
f 1385//1385 1382//1382 2053//2053
f 2054//2054 1378//1378 1380//1380
f 2053//2053 2057//2057 1385//1385
f 2058//2058 1386//1386 2055//2055
f 1388//1388 2055//2055 1386//1386
f 1378//1378 2054//2054 1410//1410
f 2059//2059 2090//2090 2056//2056
f 2037//2037 1389//1389 1383//1383
f 1383//1383 1389//1389 1384//1384
f 1384//1384 1389//1389 2058//2058
f 1389//1389 1386//1386 2058//2058
f 1387//1387 1394//1394 1388//1388
f 1386//1386 1387//1387 1388//1388
f 1394//1394 2060//2060 1388//1388
f 2037//2037 1390//1390 1389//1389
f 1389//1389 1390//1390 1391//1391
f 1389//1389 1391//1391 1386//1386
f 1390//1390 1392//1392 1391//1391
f 1386//1386 1391//1391 1387//1387
f 1391//1391 1392//1392 1394//1394
f 1387//1387 1391//1391 1394//1394
f 1394//1394 1392//1392 1393//1393
f 1340//1340 2074//2074 1405//1405
f 1340//1340 1396//1396 1395//1395
f 1396//1396 1340//1340 1405//1405
f 2036//2036 1397//1397 1323//1323
f 2036//2036 1334//1334 1397//1397
f 1323//1323 1397//1397 1398//1398
f 2061//2061 2080//2080 2063//2063
f 2081//2081 2062//2062 1994//1994
f 2070//2070 2066//2066 2075//2075
f 2067//2067 1403//1403 2076//2076
f 1399//1399 1398//1398 2077//2077
f 2078//2078 2064//2064 2082//2082
f 2072//2072 2071//2071 1407//1407
f 2073//2073 2086//2086 2083//2083
f 2071//2071 2002//2002 1407//1407
f 2074//2074 2079//2079 1405//1405
f 2079//2079 2084//2084 1405//1405
f 2084//2084 1409//1409 1405//1405
f 1405//1405 1409//1409 1377//1377
f 1378//1378 1410//1410 1369//1369
f 2036//2036 1335//1335 1334//1334
f 1335//1335 2036//2036 1369//1369
f 1410//1410 1335//1335 1369//1369
f 1337//1337 1335//1335 1408//1408
f 1335//1335 1410//1410 1408//1408
f 2084//2084 1407//1407 1409//1409
f 1409//1409 1407//1407 1406//1406
f 1406//1406 1407//1407 2089//2089
f 1406//1406 1393//1393 1409//1409
f 2060//2060 2085//2085 2091//2091
f 2091//2091 1388//1388 2060//2060
f 1406//1406 2089//2089 2092//2092
f 1407//1407 2002//2002 1411//1411
f 2089//2089 1407//1407 1411//1411
