# Wavafront OBJ file of BodyParts3D
# BodyParts3D, Copyright(C) 2010-2011 The Database Center for Life Science licensed under CC Attribution-Share Alike 2.1 Japan.
vn -0.629933 -0.729435 -0.266661
v -61.0884 -133.592 1510.17
vn -0.49941 -0.859349 -0.110042
v -61.0884 -133.643 1510.57
vn 0.761159 -0.299094 -0.575482
v -60.8474 -133.751 1510.77
vn -0.94452 -0.221069 -0.242921
v -60.7743 -132.351 1506.77
vn -0.926055 -0.322685 0.195694
v -60.985 -132.751 1508.37
vn -0.942923 -0.244538 -0.226048
v -61.0884 -132.649 1508.57
vn -0.692819 -0.61299 -0.379795
v -61.0884 -132.751 1508.73
vn -0.952615 -0.210359 -0.219713
v -61.0734 -132.551 1508.17
vn -0.892059 -0.34473 -0.29222
v -60.8884 -133.199 1508.37
vn -0.894606 -0.345714 -0.28313
v -60.8884 -133.029 1508.17
vn 0.659109 -0.57367 -0.486289
v -60.8198 -132.951 1508.17
vn -0.845624 -0.182272 0.501693
v -60.8884 -132.751 1508.54
vn -0.0905214 -0.493752 0.864878
v -60.8884 -132.686 1508.57
vn -0.934801 -0.302816 -0.185604
v -61.3087 -133.151 1509.77
vn -0.983631 0.0592449 0.170179
v -61.3368 -132.351 1510.77
vn -0.623675 -0.754959 -0.202649
v -61.2029 -133.551 1510.37
vn -0.893271 -0.302447 0.332555
v -61.2837 -133.151 1510.77
vn -0.836912 -0.0164703 0.547089
v -61.1748 -132.551 1511.17
vn -0.887842 0.325147 0.325601
v -61.2399 -132.151 1510.97
vn 0.545564 -0.831281 -0.106448
v -60.9479 -133.551 1510.57
vn 0.939712 -0.180052 -0.290728
v -60.8837 -133.351 1510.57
vn 0.993277 -0.106833 0.044591
v -60.793 -133.351 1510.97
vn -0.738857 -0.25905 0.62208
v -60.8884 -133.163 1511.37
vn 0.97505 -0.02325 0.220767
v -60.7962 -132.951 1511.17
vn -0.973426 0.203944 -0.104156
v -61.0149 -131.351 1507.37
vn -0.877326 0.479814 -0.00879009
v -61.0524 -131.351 1508.37
vn -0.983178 0.0941754 -0.1565
v -60.7024 -130.751 1508.57
vn -0.957363 0.287906 0.0237808
v -61.2884 -131.937 1509.77
vn -0.97925 0.199868 0.033485
v -60.9962 -131.151 1509.77
vn -0.96438 0.220795 -0.145675
v -60.9212 -130.551 1509.57
vn 0.918751 -0.370823 0.135596
v -60.7243 -131.551 1509.57
vn -0.859426 0.450348 -0.242018
v -60.8884 -131.058 1508.77
vn -0.815186 0.411619 -0.407482
v -60.8212 -130.951 1508.77
vn -0.966866 0.241745 -0.0820337
v -60.8884 -130.419 1509.57
vn -0.866099 0.365151 0.341375
v -60.9337 -131.751 1511.17
vn -0.894115 0.410946 0.177994
v -61.021 -131.551 1510.37
vn -0.997326 0.072736 -0.00704667
v -60.993 -130.951 1510.37
vn -0.736895 0.258 0.624838
v -60.8884 -131.951 1511.4
vn 0.998901 -0.0139344 -0.0447511
v -60.7837 -130.951 1510.37
vn -0.979263 0.199139 -0.0372586
v -60.8884 -130.315 1509.97
vn -0.873712 -0.48201 -0.0655259
v -59.6884 -136.962 1507.97
vn -0.956479 -0.253261 0.144938
v -59.6884 -136.951 1508.19
vn 0.0400816 -0.997898 0.0509303
v -59.4118 -136.951 1507.97
vn -0.792355 -0.60998 -0.00985704
v -59.2884 -137.402 1507.97
vn -0.991914 -0.126886 0.00257085
v -60.3337 -135.751 1508.57
vn -0.762244 0.294169 0.576584
v -60.3305 -135.351 1508.37
vn -0.909029 -0.411846 -0.0636275
v -60.2243 -136.151 1508.37
vn 0 0.65918 0.751985
v -60.2374 -135.351 1508.37
vn -0.808814 -0.582419 -0.0812887
v -60.0137 -136.551 1508.37
vn -0.827475 -0.560213 0.038035
v -60.0071 -136.551 1508.57
vn -0.892357 -0.447021 -0.0622258
v -59.7743 -136.751 1507.97
vn -0.738807 -0.673107 -0.0330228
v -59.8884 -136.682 1508.37
vn -0.76776 -0.6398 -0.0346656
v -59.8884 -136.693 1508.57
vn 0.311772 -0.292279 0.904086
v -59.7649 -136.551 1508.37
vn 0.0115985 -0.182119 0.983208
v -59.8884 -136.351 1508.61
vn -0.956295 -0.12144 0.265994
v -59.6884 -136.751 1508.28
vn -0.762244 0.294169 0.576584
v -60.2595 -135.951 1508.77
vn -0.977743 -0.146274 -0.150406
v -60.243 -134.751 1505.97
vn -0.986964 0.156378 -0.0380448
v -60.1524 -134.151 1505.77
vn 0.730673 0.228842 0.643233
v -59.2884 -134.351 1506.62
vn -0.791184 -0.523935 -0.315469
v -60.5249 -134.751 1507.97
vn -0.742903 -0.651734 -0.152765
v -60.6024 -134.751 1508.17
vn -0.661934 -0.743208 0.0973907
v -60.573 -134.751 1508.37
vn -0.852197 -0.420632 -0.311175
v -60.6493 -134.351 1507.77
vn -0.996347 0.0853813 0.00162576
v -60.3524 -134.951 1507.97
vn -0.665081 -0.746742 0.00662154
v -60.4884 -134.852 1508.17
vn 0.568424 -0.568424 0.594801
v -60.3868 -134.751 1508.17
vn 0.184226 0.538706 0.822105
v -60.4884 -134.551 1508.22
vn 0.687256 0.364501 0.628346
v -60.2029 -134.951 1507.97
vn -0.967407 -0.101258 -0.232102
v -59.9649 -133.351 1504.37
vn 0.609783 -0.0167827 0.792391
v -59.2884 -133.351 1506.48
vn -0.995632 -0.072474 -0.058864
v -60.5118 -133.551 1507.57
vn -0.908516 -0.351535 -0.225878
v -60.6884 -132.915 1507.37
vn 0.141296 -0.98428 -0.10596
v -60.64 -132.951 1507.77
vn 0.662401 -0.0564845 0.747017
v -60.4884 -133.151 1507.64
vn 0.820457 -0.165427 0.547251
v -60.4884 -132.751 1507.7
vn -0.911014 -0.233158 -0.340134
v -59.3087 -131.551 1501.37
vn -0.970975 0.138887 -0.194725
v -59.4884 -130.721 1501.77
vn -0.970254 0.123132 -0.208436
v -59.4884 -130.551 1502.06
vn -0.969758 -0.00746064 -0.243953
v -59.8399 -131.751 1503.17
vn -0.940247 -0.0917677 -0.327894
v -59.743 -130.951 1502.97
vn 0.506041 -0.296566 0.80992
v -59.2884 -131.151 1506.86
vn 0.882957 -0.121474 0.453466
v -60.5649 -131.351 1508.17
vn 0.964716 -0.128579 0.229761
v -60.643 -131.351 1508.37
vn 0.97223 -0.0269561 0.232471
v -60.6555 -131.151 1508.37
vn -0.893896 0.44686 -0.0355706
v -60.6884 -130.951 1508.26
vn -0.995227 0.0162532 -0.0962219
v -60.6884 -130.79 1508.37
vn -0.554572 0.636259 -0.536307
v -60.6476 -130.951 1508.57
vn -0.116386 -0.68793 0.716384
v -60.4884 -131.079 1508.17
vn -0.169374 -0.621906 0.764555
v -60.4884 -130.87 1508.37
vn 0.485794 -0.719709 -0.496008
v -60.4884 -130.843 1508.57
vn 0.756891 -0.29714 0.582086
v -60.2884 -131.151 1507.74
vn 0.709609 -0.123751 0.693643
v -60.0884 -131.951 1507.28
vn 0.97071 -0.227903 -0.0760381
v -60.6337 -131.351 1508.97
vn 0.957182 -0.289065 0.0156006
v -60.5212 -131.151 1509.17
vn -0.829216 -0.359501 -0.427972
v -59.2649 -128.951 1500.57
vn -0.916088 -0.187377 -0.354504
v -59.5774 -129.551 1501.77
vn -0.953332 0.0109368 -0.301727
v -59.2884 -130.151 1501.48
vn -0.879436 -0.240854 -0.410586
v -59.2024 -129.751 1501.17
vn -0.933086 -0.124705 -0.337342
v -60.1587 -130.351 1503.37
vn -0.950981 0.00736625 -0.30916
v -59.9243 -129.751 1502.77
vn -0.913841 -0.146869 -0.378583
v -59.5618 -130.351 1502.37
vn -0.9811 0.0753095 -0.178243
v -60.4962 -129.351 1508.37
vn -0.986593 0.0407118 -0.158037
v -60.4774 -128.951 1507.97
vn -0.474157 0.66328 0.578994
v -60.2884 -129.351 1508.55
vn -0.704814 0.420636 0.571229
v -60.2884 -128.951 1508.26
vn 0.620324 -0.0826305 0.779981
v -60.0884 -129.551 1508.46
vn 0.7181 -0.449257 0.531508
v -59.8884 -130.229 1507.97
vn 0.505689 -0.5083 0.697073
v -59.4884 -129.945 1507.77
vn 0.486431 -0.354573 0.798538
v -59.4884 -129.551 1508.07
vn -0.247859 0.937073 -0.245885
v -60.6884 -130.351 1509.63
vn -0.938996 -0.0987157 -0.329455
v -59.3212 -128.551 1500.37
vn -0.936001 0.318946 -0.148913
v -59.3118 -128.151 1500.57
vn -0.974894 0.141513 -0.171918
v -59.3587 -127.751 1502.17
vn -0.957242 0.20919 -0.199818
v -59.1399 -127.751 1501.57
vn -0.959126 0.21548 -0.183425
v -59.6524 -128.551 1502.37
vn -0.95046 0.300692 -0.0788051
v -60.0493 -127.951 1505.77
vn -0.806429 0.244126 0.538586
v -60.2884 -128.326 1507.97
vn 0.00341903 0.372637 0.927971
v -60.0884 -128.551 1508.07
vn -0.878503 0.440153 0.185735
v -60.0884 -127.93 1507.77
vn -0.394471 0.199116 0.897076
v -60.0023 -127.951 1507.97
vn -0.842806 0.457186 0.284007
v -59.77 -127.351 1507.97
vn -0.038354 0.054372 0.997784
v -59.6884 -127.551 1507.99
vn 0.604775 0.455313 0.653404
v -59.0941 -128.751 1507.57
vn 0.66159 -0.036082 0.748997
v -59.2884 -128.151 1507.63
vn -0.968506 0.0915909 -0.231531
v -59.3493 -126.951 1502.17
vn -0.849688 0.516963 0.103827
v -59.7524 -127.151 1507.57
vn -0.671461 0.71026 0.211354
v -59.2884 -126.751 1508
vn -0.906983 -0.399816 -0.132398
v -57.5899 -139.151 1503.57
vn -0.643782 -0.734974 0.212974
v -58.4884 -138.571 1506.77
vn -0.484196 -0.788673 0.378878
v -58.027 -138.951 1506.57
vn 0.70802 -0.319317 0.629876
v -57.9368 -138.751 1506.57
vn -0.405024 -0.781453 0.474643
v -58.0884 -138.751 1506.82
vn -0.028537 -0.839402 0.542762
v -57.8884 -139.085 1506.37
vn 0.521915 -0.357641 0.774401
v -57.7767 -138.951 1506.37
vn -0.846489 -0.517695 -0.12429
v -58.6884 -138.151 1506.06
vn 0.509583 -0.260132 0.820156
v -58.4884 -138.151 1507.08
vn 0.459278 -0.457629 0.76134
v -58.7174 -137.951 1507.37
vn -0.409935 -0.803365 0.431924
v -58.6884 -138.254 1507.17
vn 0.797791 0.213957 0.563695
v -58.9274 -135.951 1506.77
vn 0.388092 -0.157076 0.908137
v -58.6884 -132.951 1506.15
vn 0.271874 -0.265584 0.924959
v -57.8884 -132.951 1505.94
vn 0.224662 -0.31033 0.9237
v -58.6884 -131.551 1506.51
vn 0.366348 -0.517602 0.773226
v -58.0884 -130.751 1506.7
vn -0.887914 -0.195398 -0.416447
v -58.5774 -130.351 1498.77
vn -0.936934 -0.0400089 -0.34721
v -58.9118 -130.351 1499.37
vn -0.957152 0.1355 -0.255929
v -58.8368 -129.751 1499.57
vn -0.967243 0.0588687 -0.246931
v -59.0555 -129.751 1500.77
vn 0.170934 -0.527661 0.832079
v -58.6884 -130.351 1507.01
vn 0.475262 0.79142 0.384422
v -58.0884 -128.79 1506.57
vn 0.87368 -0.270682 0.404246
v -57.8149 -130.151 1506.97
vn 0.508521 -0.357918 0.783135
v -57.6337 -130.351 1506.57
vn 0.962686 -0.142042 0.230346
v -57.6743 -129.951 1506.57
vn 0.963214 -0.113825 0.243441
v -57.4993 -129.551 1506.57
vn 0.637916 0.700267 0.320453
v -57.5618 -129.151 1506.37
vn 0.429053 0.141459 0.892134
v -58.7641 -129.551 1507.77
vn 0.518588 0.271313 0.810836
v -58.8884 -129.151 1507.82
vn 0.503126 0.285005 0.815865
v -58.6884 -129.351 1507.69
vn 0.517032 0.552735 0.653576
v -58.6884 -129.151 1507.59
vn 0.0930229 -0.607949 0.788508
v -58.4884 -129.951 1507.42
vn 0.239216 -0.185629 0.953057
v -58.4884 -129.551 1507.66
vn 0.239347 0.430956 0.870052
v -58.4884 -129.351 1507.62
vn 0.272718 0.644237 0.714552
v -58.4884 -129.151 1507.46
vn 0.188666 0.756304 0.626426
v -58.2884 -129.086 1507.37
vn 0.141356 -0.0357472 0.989313
v -58.0884 -129.351 1507.61
vn 0.594125 -0.353274 0.722643
v -57.8884 -129.751 1507.44
vn 0.904029 0.0564325 0.42373
v -57.6884 -129.112 1507.17
vn -0.910848 -0.0683759 -0.40704
v -57.7743 -128.551 1497.17
vn -0.89238 -0.1093 -0.437849
v -57.8524 -127.351 1496.57
vn -0.93407 0.0102117 -0.356943
v -59.0884 -128.151 1499.79
vn -0.893148 -0.209593 -0.397942
v -58.7618 -128.551 1499.37
vn -0.928536 0.29836 -0.220913
v -58.8368 -127.551 1499.37
vn -0.940727 0.314148 -0.127842
v -59.0337 -127.551 1500.97
vn -0.967048 0.0454348 -0.250509
v -59.0493 -127.351 1501.17
vn 0.452638 0.682797 0.573504
v -58.6884 -128.751 1507.12
vn 0.741909 0.418649 0.52374
v -57.9993 -128.551 1506.17
vn -0.948435 0.0335049 -0.315196
v -57.8399 -126.151 1496.57
vn -0.955658 0.163599 -0.244855
v -58.1212 -126.751 1497.57
vn -0.956959 0.202302 -0.208096
v -58.4868 -126.751 1499.37
vn -0.702568 0.693461 0.159717
v -58.8884 -125.699 1504.97
vn -0.532141 0.811841 0.240293
v -58.6884 -125.627 1505.17
vn 0.090582 0.865119 0.49332
v -58.2884 -125.649 1505.17
vn 0.878661 0.158089 0.450514
v -57.9274 -126.351 1505.37
vn 0.906472 0.133307 0.400671
v -57.6884 -127.151 1504.44
vn 0.881549 -0.0398467 0.470409
v -58.7805 -126.751 1506.97
vn -0.939833 0.158674 -0.30255
v -57.9587 -124.751 1497.77
vn -0.907011 0.410677 -0.0931456
v -58.2962 -124.551 1499.77
vn -0.580306 0.775867 0.24754
v -57.6884 -124.012 1502.57
vn -0.523128 0.794831 0.307539
v -58.4884 -125.359 1504.77
vn 0.773831 0.39748 0.493149
v -57.9312 -125.351 1504.57
vn -0.341402 0.837606 0.426451
v -57.771 -124.551 1503.97
vn 0.783834 -0.135807 0.605939
v -57.5962 -125.151 1504.17
vn -0.879912 -0.470241 -0.0680273
v -55.968 -142.351 1500.97
vn -0.801027 -0.561099 0.208623
v -56.1024 -141.951 1504.57
vn -0.834115 -0.543009 0.0969201
v -56.0024 -142.151 1504.57
vn -0.836966 -0.525352 0.153275
v -56.8837 -140.751 1505.17
vn -0.605861 -0.526377 0.59654
v -56.6884 -140.751 1505.37
vn 0.751459 0.136193 0.64557
v -56.6743 -140.551 1505.37
vn -0.642918 -0.61286 0.459412
v -56.4884 -141.206 1505.17
vn -0.849914 -0.49153 0.189856
v -57.0884 -140.314 1505.57
vn -0.812034 -0.464066 0.353897
v -57.0884 -140.151 1505.79
vn -0.846854 -0.515796 0.129589
v -56.8884 -140.643 1505.57
vn 0 0 1
v -56.8884 -140.294 1505.57
vn -0.969755 -0.207074 -0.129208
v -57.2305 -139.151 1499.97
vn -0.991854 -0.0984067 -0.0808842
v -57.2587 -138.551 1500.17
vn -0.959898 -0.270329 -0.0742862
v -57.2024 -139.351 1501.37
vn 0.427313 -0.122931 0.895707
v -56.2884 -138.551 1504.09
vn -0.794042 -0.607689 0.0145295
v -57.4884 -139.616 1505.57
vn -0.802792 -0.596232 -0.0057085
v -57.4884 -139.619 1505.97
vn 0.679261 -0.142216 0.719985
v -57.4884 -139.351 1506.08
vn -0.852116 -0.486979 0.191701
v -57.2884 -139.951 1505.59
vn -0.616521 -0.330228 0.714739
v -57.2884 -139.551 1505.78
vn 0.812039 0.205983 0.546044
v -57.1774 -139.351 1505.57
vn -0.471266 0.332137 0.817064
v -57.0884 -139.751 1505.62
vn -0.871502 -0.383141 -0.306084
v -57.4884 -136.951 1498.7
vn -0.950892 -0.181321 -0.250853
v -57.1212 -137.351 1498.37
vn 0.497637 -0.0305806 0.866846
v -57.4884 -135.751 1505.42
vn 0.443667 -0.0271023 0.895782
v -56.8884 -135.951 1505.11
vn 0.510837 -0.325776 0.79556
v -56.8884 -135.351 1505.16
vn 0.0262885 -0.36587 0.930295
v -56.6884 -136.751 1504.82
vn -0.280576 0.527844 0.80166
v -56.6348 -135.951 1505.17
vn 0.48995 0.175129 0.853978
v -56.6884 -135.551 1504.92
vn -0.24425 -0.442415 0.862909
v -56.4884 -136.151 1505.12
vn -0.228074 0.500427 0.835198
v -56.4884 -135.613 1504.97
vn 0.489513 -0.352374 0.797627
v -56.4884 -135.351 1504.92
vn 0.0502188 -0.464026 0.884397
v -56.2884 -136.149 1505.17
vn 0.427904 -0.38035 0.819897
v -56.1124 -135.951 1505.17
vn -0.27837 -0.53308 0.798959
v -56.2884 -135.951 1505.32
vn -0.248154 0.82827 0.502382
v -56.2884 -135.553 1504.97
vn -0.36732 0.63715 0.677581
v -56.2884 -135.674 1505.17
vn 0.86276 0.381339 0.332002
v -56.1555 -135.551 1504.77
vn -0.913957 -0.126515 -0.385587
v -56.818 -134.351 1494.57
vn 0.912629 0.328201 0.243707
v -56.4884 -133.562 1503.37
vn 0.751569 0.407126 0.519031
v -56.2837 -133.951 1503.77
vn 0.888321 0.367719 0.27508
v -56.1712 -133.751 1502.97
vn 0.480791 -0.192307 0.855487
v -56.9337 -133.951 1505.57
vn 0.942929 0.0958397 0.318905
v -55.993 -132.751 1501.57
vn 0.962903 -0.115085 0.244074
v -56.0884 -132.751 1501.86
vn 0.971164 0.0934039 0.219356
v -56.5618 -133.351 1503.77
vn -0.244014 -0.169417 0.954859
v -57.4884 -133.351 1505.97
vn -0.198972 -0.123015 0.972254
v -57.4884 -131.351 1506.22
vn 0.933076 0.0859293 0.349263
v -56.0493 -129.151 1501.77
vn 0.940352 0.0463403 0.337031
v -56.618 -128.951 1502.77
vn 0.969156 -0.084954 0.231342
v -57.0243 -128.951 1504.57
vn 0.941114 0.0848503 0.327269
v -56.8884 -130.151 1504.51
vn -0.901518 -0.0374864 -0.431115
v -56.2884 -127.883 1493.17
vn -0.923637 -0.117643 -0.364767
v -57.1962 -127.951 1494.97
vn -0.919335 -0.0797165 -0.385315
v -57.0884 -128.177 1494.77
vn 0.926472 0.0200564 0.375828
v -56.0555 -128.151 1501.57
vn 0.919534 0.16335 0.357454
v -56.5555 -128.151 1502.97
vn -0.807239 -0.271725 -0.523956
v -56.8835 -125.751 1494.17
vn -0.818436 -0.215043 -0.532841
v -57.1805 -126.551 1495.37
vn -0.783407 -0.401384 -0.474515
v -57.0884 -126.151 1494.99
vn -0.769391 -0.338648 -0.541623
v -56.618 -126.351 1494.57
vn 0.903495 -0.108375 0.41467
v -57.3337 -125.751 1503.37
vn -0.934293 0.250049 -0.254109
v -57.168 -124.951 1494.97
vn -0.870282 0.45252 -0.194511
v -57.0884 -124.682 1495.37
vn 0.898677 0.109845 0.424633
v -56.2884 -124.351 1501.51
vn 0.90921 -0.122138 0.39802
v -56.0837 -124.351 1500.97
vn -0.105239 0.86931 0.482933
v -57.4884 -124.037 1502.97
vn 0.810772 0.247678 0.530382
v -57.1346 -124.151 1502.97
vn 0.879373 -0.06166 0.472125
v -57.0884 -124.963 1503.57
vn 0.12411 0.767822 0.628527
v -57.4884 -124.534 1503.97
vn -0.885392 0.438306 -0.154818
v -56.2884 -123.83 1493.17
vn -0.721153 0.69276 -0.00468082
v -56.2334 -123.751 1493.97
vn -0.795593 0.596845 0.103964
v -56.0884 -123.53 1493.37
vn -0.758733 0.65045 0.0352159
v -56.0337 -123.551 1494.17
vn -0.904254 0.112367 -0.411944
v -56.0243 -122.551 1494.77
vn -0.751069 0.65812 0.0526627
v -56.8884 -122.357 1498.77
vn 0.0591402 0.791876 0.607812
v -56.6884 -123.351 1502.01
vn -0.361362 0.843742 0.396883
v -56.6884 -122.784 1501.17
vn -0.910743 0.236455 -0.338579
v -56.4524 -122.351 1495.37
vn -0.956712 -0.29094 0.00742221
v -54.3555 -144.951 1500.37
vn -0.949407 -0.298263 -0.0983096
v -54.593 -143.551 1497.77
vn -0.984196 -0.171896 0.0425498
v -54.3837 -144.551 1500.57
vn -0.889485 -0.456061 -0.0287248
v -54.3743 -144.551 1501.37
vn -0.801132 -0.580863 0.144174
v -55.3368 -143.351 1503.97
vn 0.12929 -0.24361 0.961217
v -54.6884 -144.106 1503.97
vn -0.987366 -0.10144 -0.121732
v -54.393 -142.151 1494.17
vn -0.839937 -0.46577 -0.278503
v -54.6243 -142.151 1495.17
vn -0.981697 -0.14376 -0.124915
v -54.468 -142.751 1494.37
vn -0.815511 -0.541929 -0.203114
v -55.0884 -142.751 1497.49
vn -0.835369 -0.549673 0.00426054
v -55.5024 -143.151 1502.57
vn -0.672124 -0.740403 0.00733468
v -55.7821 -142.351 1504.57
vn -0.743744 -0.662698 0.0876109
v -55.8884 -142.252 1504.77
vn -0.841756 -0.507244 0.184798
v -55.8884 -142.194 1504.97
vn -0.697829 -0.511912 0.50098
v -55.7852 -142.151 1504.77
vn -0.753469 0.299291 0.585414
v -55.8884 -141.951 1504.85
vn -0.842494 -0.522518 0.131066
v -55.5399 -142.951 1504.17
vn 0.190841 -0.301032 0.934323
v -55.4855 -142.951 1504.37
vn 0.190841 -0.301032 0.934323
v -55.2884 -142.751 1504.4
vn -0.878123 -0.393347 -0.272356
v -55.593 -140.551 1494.77
vn -0.953734 -0.146041 -0.262799
v -55.6462 -138.751 1493.37
vn 0.673497 -0.0766848 0.735201
v -55.8884 -139.251 1503.77
vn 0.316438 -0.424598 0.848283
v -55.6884 -138.899 1503.77
vn 0.1492 -0.487583 0.860234
v -55.6884 -138.551 1503.93
vn 0.546356 -0.156272 0.822845
v -55.2884 -139.951 1503.1
vn 0.638444 -0.243151 0.730251
v -55.2884 -139.351 1503.22
vn 0.122524 -0.554164 0.82334
v -55.2884 -138.777 1503.77
vn -0.385105 -0.712468 0.586587
v -55.0884 -139.551 1503.18
vn -0.388893 -0.696892 0.60258
v -54.8884 -139.151 1503.77
vn -0.905509 -0.225168 -0.359656
v -54.4837 -137.551 1488.77
vn -0.956333 0.119139 -0.266895
v -54.4524 -136.951 1488.77
vn -0.967749 0.0874682 -0.236242
v -54.9868 -137.151 1490.57
vn -0.864049 -0.350521 -0.361324
v -54.6399 -138.151 1489.97
vn 0.923285 0.233487 0.305007
v -55.0993 -137.151 1503.17
vn -0.229806 -0.403895 0.885471
v -55.8884 -136.951 1504.76
vn 0.497807 -0.695641 0.51795
v -55.6884 -137.76 1504.57
vn -0.477814 -0.369981 0.796748
v -55.6884 -137.151 1504.86
vn 0.114326 -0.367199 0.923089
v -55.6346 -136.951 1504.77
vn 0.318906 -0.648423 0.691265
v -55.3962 -137.551 1504.57
vn 0.498575 -0.696715 0.515763
v -55.4884 -137.469 1504.77
vn 0.371444 0.134715 0.91863
v -55.4837 -137.151 1504.77
vn -0.921577 -0.156098 -0.355428
v -54.693 -135.751 1489.37
vn -0.945709 0.0476942 -0.321495
v -54.5868 -136.551 1489.37
vn -0.970759 0.00520751 -0.239999
v -54.9899 -136.751 1490.97
vn 0.962637 0.117169 0.244135
v -55.3305 -135.351 1501.17
vn 0.944771 0.239059 0.224185
v -55.6337 -135.751 1503.17
vn 0.88264 0.372348 0.286886
v -55.6243 -136.751 1504.57
vn -0.878112 -0.273904 -0.392295
v -55.8024 -134.151 1492.57
vn -0.951128 -0.00781512 -0.308696
v -55.3399 -135.151 1491.17
vn 0.905732 0.227728 0.357477
v -54.5837 -134.951 1498.57
vn 0.875552 0.338839 0.34438
v -55.6774 -133.751 1500.97
vn 0.907934 0.287118 0.305318
v -55.4884 -134.551 1501.72
vn -0.923016 -0.0356429 -0.383107
v -54.293 -132.951 1488.77
vn 0.919038 0.125342 0.37371
v -55.4337 -132.751 1499.77
vn 0.801914 0.426608 0.418258
v -55.1774 -133.551 1499.97
vn 0.94895 -0.127171 0.288656
v -55.6884 -132.013 1500.97
vn 0.93991 0.0653466 0.335111
v -55.8884 -131.151 1501.42
vn 0.947228 -0.057639 0.315337
v -55.643 -129.151 1500.17
vn 0.921835 -0.0181775 0.387156
v -55.2884 -127.951 1499.6
vn -0.900088 -0.0873716 -0.426859
v -54.3805 -126.751 1488.97
vn -0.895605 -0.066496 -0.439852
v -55.6024 -125.751 1491.37
vn 0.912904 -0.00239875 0.408167
v -54.8884 -126.151 1498.4
vn 0.918063 0.0961205 0.384605
v -55.6899 -127.151 1500.37
vn -0.886266 -0.0204157 -0.462727
v -54.3274 -125.551 1488.57
vn -0.903727 0.194543 -0.381354
v -54.7274 -125.551 1489.57
vn -0.921079 0.228879 -0.315004
v -55.318 -125.151 1491.57
vn -0.624815 -0.488895 -0.608759
v -55.8884 -125.351 1492.83
vn -0.922906 0.141558 -0.358058
v -54.368 -123.951 1489.37
vn -0.834985 -0.121098 -0.536782
v -54.8884 -123.951 1490.93
vn -0.74065 -0.261304 -0.618997
v -54.6884 -122.751 1489.98
vn -0.871501 0.49029 -0.0101502
v -55.7837 -122.951 1492.57
vn -0.917325 0.397729 -0.0180602
v -55.6024 -122.951 1493.17
vn -0.883009 0.19038 -0.429011
v -54.6087 -122.351 1489.77
vn -0.913709 0.36801 -0.172352
v -55.4868 -122.351 1492.57
vn -0.94874 0.19301 -0.250278
v -55.5087 -122.151 1493.37
vn -0.906163 0.0871632 -0.41385
v -55.8884 -121.951 1494.38
vn -0.876897 0.419842 -0.23406
v -55.8274 -121.351 1494.57
vn -0.449008 0.847095 0.284291
v -55.4884 -121.224 1498.77
vn -0.0552471 0.880835 0.470189
v -55.0884 -121.124 1498.77
vn 0.852836 0.117323 0.508828
v -55.043 -121.951 1499.37
vn -0.520972 0.843383 0.131505
v -54.4884 -119.846 1495.57
vn -0.533704 0.828166 0.171174
v -54.8884 -120.215 1496.17
vn -0.176314 0.918224 0.354653
v -54.6884 -120.151 1496.26
vn -0.091849 0.931629 0.351612
v -54.8884 -120.562 1497.57
vn -0.838648 -0.544622 0.00756585
v -53.1899 -146.751 1501.57
vn -0.898687 -0.435835 0.0490937
v -52.9493 -147.351 1501.77
vn -0.927059 -0.330231 0.177507
v -53.043 -146.951 1502.17
vn -0.911502 -0.353032 0.211026
v -52.8884 -147.351 1502.35
vn -0.727965 -0.678594 0.097866
v -53.2419 -146.551 1502.57
vn -0.890078 -0.154608 0.428786
v -52.9815 -146.751 1502.37
vn -0.950795 -0.299301 0.0800543
v -54.2493 -144.951 1501.37
vn -0.880612 -0.473797 0.00619415
v -54.0587 -145.551 1500.77
vn -0.884739 -0.44745 0.130481
v -54.0884 -144.959 1502.97
vn -0.854778 -0.479371 0.198894
v -53.7462 -145.951 1502.97
vn -0.886892 -0.330947 0.32233
v -53.8884 -145.551 1503.11
vn -0.388314 -0.698875 0.600654
v -53.565 -145.951 1503.17
vn -0.802055 -0.397396 0.445852
v -53.6884 -145.882 1503.17
vn -0.807646 -0.264989 0.526772
v -53.6884 -145.551 1503.42
vn -0.754989 -0.644436 0.121221
v -53.4884 -146.324 1502.97
vn -0.78034 -0.538675 0.317645
v -53.4884 -146.151 1503.27
vn 0.820476 0.311596 0.4793
v -53.3399 -145.951 1502.97
vn -0.0675609 -0.733255 0.676589
v -53.2884 -146.19 1502.97
vn -0.787028 -0.576276 -0.220211
v -53.0884 -144.351 1491.76
vn -0.859915 -0.489959 -0.143134
v -54.2618 -144.351 1497.17
vn 0.834663 0.294652 0.465315
v -53.9024 -144.151 1502.77
vn 0.398709 -0.565803 0.721732
v -53.793 -144.751 1502.97
vn -0.862466 -0.415377 -0.289161
v -53.2055 -142.351 1488.57
vn 0.956456 0.211529 0.201118
v -52.9493 -140.551 1498.57
vn 0.528712 -0.247801 0.811824
v -54.2884 -140.88 1502.17
vn 0.898012 0.404395 0.173316
v -53.5118 -140.151 1502.17
vn 0.403128 -0.538425 0.73999
v -53.4884 -140.951 1502.17
vn 0.941104 0.310587 0.133636
v -53.2884 -140.951 1501.98
vn 0.339807 -0.414098 0.844426
v -54.2884 -140.151 1502.6
vn -0.0691017 -0.581949 0.810284
v -53.8884 -140.351 1502.75
vn 0.529657 -0.630351 0.567557
v -53.443 -140.551 1502.57
vn -0.942575 -0.0764233 -0.325134
v -53.518 -138.951 1487.77
vn -0.969688 -0.0150668 -0.243881
v -53.7899 -139.751 1487.97
vn -0.985333 0.0939854 -0.14243
v -53.843 -139.751 1488.77
vn -0.941024 -0.193226 -0.277738
v -53.8493 -139.151 1488.77
vn 0.717854 0.547479 0.430061
v -53.2884 -138.551 1498.35
vn 0.962708 0.235326 0.133476
v -53.8712 -138.751 1500.37
vn 0.820863 0.481671 0.306881
v -53.6884 -138.951 1499.32
vn 0.88627 0.367091 0.282437
v -53.1524 -139.551 1499.57
vn -0.337464 -0.775771 0.533195
v -54.212 -139.951 1502.97
vn 0.835889 0.404401 0.371146
v -54.2884 -138.751 1502.65
vn 0.27238 -0.386358 0.881213
v -54.0884 -139.751 1503.02
vn 0.82701 0.45864 0.325122
v -54.0649 -139.351 1502.97
vn -0.918396 -0.0894013 -0.385429
v -53.1805 -137.151 1485.97
vn -0.886197 -0.246377 -0.392369
v -53.6884 -138.151 1487.44
vn -0.843304 -0.279024 -0.459329
v -53.443 -136.951 1486.57
vn -0.790229 -0.384888 -0.476863
v -53.2884 -138.151 1486.8
vn -0.8268 -0.318446 -0.463674
v -53.243 -137.751 1486.37
vn -0.888843 -0.264256 -0.374335
v -54.0884 -138.151 1488.87
vn 0.916426 0.279179 0.286743
v -53.7524 -138.351 1498.97
vn 0.934006 0.256987 0.248174
v -53.7024 -137.351 1498.17
vn -0.941321 0.157178 -0.29868
v -53.4087 -135.351 1485.37
vn -0.851754 -0.215684 -0.477489
v -53.2884 -135.768 1485.17
vn -0.956669 0.118779 -0.265851
v -53.9993 -135.751 1487.57
vn -0.940946 -0.0332436 -0.33692
v -54.1899 -135.951 1488.57
vn 0.934921 0.105892 0.338689
v -53.1305 -135.551 1494.77
vn 0.963448 0.0724526 0.257913
v -53.7305 -135.751 1496.77
vn 0.916395 0.271863 0.293788
v -53.5243 -136.551 1496.57
vn -0.921821 0.294712 -0.251777
v -53.2884 -134.786 1485.97
vn -0.917958 -0.0992518 -0.38406
v -54.1493 -134.951 1487.77
vn -0.914825 0.00217124 -0.403845
v -53.3962 -134.751 1486.37
vn 0.87472 0.234778 0.423962
v -52.7524 -133.751 1493.97
vn 0.852354 0.308827 0.42204
v -53.6884 -134.151 1495.9
vn 0.945027 -0.0488358 0.323325
v -52.8368 -134.351 1494.37
vn 0.95522 -0.0411808 0.293016
v -54.2884 -134.151 1497.43
vn 0.900288 0.233934 0.36709
v -53.9305 -135.151 1497.37
vn -0.925832 0.0703952 -0.371321
v -53.2884 -133.151 1485.51
vn -0.931114 0.105273 -0.349206
v -53.8462 -133.551 1486.97
vn -0.924196 0.184021 -0.334662
v -53.268 -132.551 1486.37
vn 0.927123 0.0303921 0.373522
v -53.3399 -133.351 1494.77
vn 0.944874 0.0548959 0.322799
v -54.1493 -133.551 1497.57
vn -0.912656 -0.0073137 -0.408663
v -53.2884 -130.951 1485.62
vn -0.827701 -0.250256 -0.502278
v -52.8884 -131.427 1485.37
vn 0.917488 0.0278249 0.396789
v -53.0555 -130.551 1493.97
vn -0.901763 0.275489 -0.33306
v -52.7524 -130.151 1484.57
vn -0.903982 0.175073 -0.390084
v -52.9118 -129.951 1485.57
vn -0.926959 0.0752226 -0.367545
v -53.593 -130.351 1486.97
vn 0.924284 -0.177306 0.338027
v -53.7118 -127.351 1495.17
vn -0.891749 -0.00935708 -0.452433
v -54.2524 -126.951 1488.77
vn 0.922993 -0.139473 0.358651
v -53.2884 -127.133 1493.77
vn 0.872928 -0.400557 0.27848
v -53.2399 -126.951 1493.77
vn 0.885944 -0.313812 0.341505
v -52.8399 -126.351 1493.77
vn 0.849691 0.130384 0.510906
v -52.7805 -125.751 1493.77
vn -0.8838 0.279071 -0.375523
v -53.318 -124.151 1486.97
vn -0.851521 -0.00543102 -0.524293
v -53.0524 -124.551 1486.37
vn 0.919303 -0.000484102 0.39355
v -53.2149 -124.951 1493.97
vn 0.816939 0.297165 0.494271
v -53.0884 -125.151 1493.86
vn 0.943371 -0.0490856 0.328088
v -53.6118 -125.351 1495.37
vn 0.898619 0.132801 0.418147
v -53.4024 -125.551 1494.77
vn -0.884221 0.183685 -0.429432
v -52.9993 -123.551 1486.97
vn -0.808509 -0.151079 -0.568761
v -53.0884 -123.351 1487.08
vn -0.893284 0.0458611 -0.447147
v -53.768 -123.351 1487.97
vn -0.855309 -0.0636001 -0.5142
v -53.6884 -123.951 1488.14
vn -0.916668 0.275984 -0.289054
v -54.218 -123.351 1489.57
vn -0.836137 -0.105691 -0.538241
v -54.2493 -123.151 1489.77
vn 0.919321 -0.0758938 0.386121
v -54.0884 -123.151 1497.48
vn -0.867686 0.100862 -0.486773
v -52.7149 -121.151 1487.17
vn 0.90208 -0.0510074 0.428544
v -53.2649 -121.351 1495.17
vn -0.85862 0.40247 -0.317473
v -53.6149 -120.551 1489.37
vn -0.867606 0.391254 -0.306888
v -53.693 -119.751 1490.17
vn -0.873417 0.328416 -0.359562
v -53.5962 -120.351 1489.57
vn -0.733166 0.677183 -0.0623834
v -54.2884 -119.551 1493.02
vn -0.277487 0.825289 0.491832
v -54.2884 -119.818 1495.77
vn 0.503324 0.341781 0.793631
v -53.0024 -119.351 1495.37
vn 0.894435 -0.19598 0.401968
v -52.8884 -120.751 1494.52
vn 0.679887 0.472827 0.560526
v -53.8524 -120.751 1496.97
vn 0.262911 0.805377 0.531268
v -53.8489 -120.351 1496.57
vn 0.0346526 0.782079 0.622215
v -53.8884 -120.151 1496.29
vn -0.100783 0.652654 0.750923
v -53.8884 -119.951 1496.07
vn 0.391931 0.659304 0.641645
v -53.6884 -120.276 1496.37
vn 0.625257 0.437008 0.646589
v -53.6884 -119.951 1496.08
vn -0.155778 0.708805 0.687989
v -53.6884 -119.734 1495.97
vn 0.611746 0.425801 0.666678
v -53.4884 -120.151 1496.03
vn 0.726399 0.417101 0.546233
v -54.2884 -120.751 1497.62
vn -0.61267 0.789431 0.0378724
v -53.0884 -118.78 1493.57
vn -0.306501 0.884902 0.35072
v -53.2884 -119.046 1494.97
vn -0.812581 -0.554936 -0.178208
v -51.6884 -149.751 1500.4
vn -0.716535 -0.662417 -0.218587
v -51.2884 -150.151 1500.23
vn -0.435054 -0.879739 0.191799
v -51.1363 -150.151 1500.57
vn -0.821992 -0.55302 -0.136006
v -51.2884 -149.951 1499.63
vn -0.483504 -0.815057 0.319227
v -51.6529 -149.951 1501.17
vn -0.356031 -0.849256 0.389881
v -51.5209 -149.951 1501.37
vn -0.754299 -0.635388 -0.165274
v -51.2884 -150.324 1500.77
vn 0.954932 -0.0515815 0.292309
v -51.2884 -150.115 1501.17
vn -0.703429 -0.679959 -0.206985
v -51.2884 -148.024 1494.97
vn -0.755098 -0.598167 -0.268374
v -51.2884 -148.921 1497.17
vn -0.749605 -0.659688 -0.0538829
v -52.2884 -148.336 1501.77
vn -0.665871 -0.730582 -0.151213
v -52.0884 -148.394 1501.17
vn -0.95389 -0.296075 -0.0493219
v -51.8024 -149.551 1501.17
vn 0.328115 0.1098 0.938235
v -51.8884 -148.315 1501.17
vn -0.415719 0.0312679 0.908955
v -51.6884 -149.351 1501.22
vn 0.485038 0.209862 0.848938
v -51.4884 -149.551 1501.18
vn -0.860795 -0.492619 -0.127902
v -52.1555 -146.951 1494.17
vn -0.673281 -0.699014 -0.240982
v -51.6884 -147.362 1493.77
vn -0.849814 -0.507251 -0.143221
v -52.1805 -147.151 1495.57
vn -0.971497 -0.225723 -0.0724052
v -52.2649 -146.551 1494.57
vn -0.836013 -0.543183 -0.0776816
v -52.6884 -147.755 1500.57
vn 0.881951 0.220141 0.416775
v -51.8884 -146.664 1500.17
vn 0.156403 -0.426499 0.890863
v -52.3774 -147.951 1501.97
vn 0.854759 0.262437 0.447787
v -52.4243 -147.351 1501.77
vn -0.921427 -0.352886 -0.162617
v -52.0884 -145.351 1489.82
vn -0.844232 -0.501025 -0.190386
v -52.4884 -145.122 1492.17
vn -0.865809 -0.481793 -0.135091
v -52.4774 -145.351 1493.37
vn -0.709763 -0.624297 -0.326327
v -51.1649 -144.351 1485.17
vn -0.985461 -0.0168547 -0.169066
v -51.9587 -144.151 1487.57
vn -0.986475 0.137984 -0.0884691
v -51.8884 -143.81 1487.57
vn -0.953043 -0.172136 -0.249155
v -51.8884 -143.551 1487.73
vn -0.777766 -0.533722 -0.331995
v -52.2222 -143.951 1488.97
vn -0.982467 -0.105046 -0.154026
v -51.9868 -144.151 1488.57
vn 0.773296 0.595011 0.219032
v -51.2555 -143.751 1498.97
vn 0.770619 0.048961 0.635412
v -52.4493 -144.351 1500.17
vn 0.67553 -0.102705 0.730145
v -52.0703 -143.351 1499.97
vn -0.706939 -0.546985 -0.44838
v -51.6884 -142.068 1485.57
vn -0.960774 -0.128955 -0.245529
v -51.1962 -142.551 1484.97
vn -0.745945 -0.516506 -0.420462
v -52.4884 -142.023 1486.37
vn -0.903901 -0.267942 -0.333422
v -51.6884 -143.151 1486.78
vn 0.984659 0.114122 0.131992
v -51.8993 -142.751 1498.77
vn 0.709583 0.670563 0.216421
v -51.8884 -142.951 1498.57
vn 0.937401 0.187673 0.293356
v -51.743 -142.751 1498.17
vn 0.66097 0.691839 0.290652
v -51.6532 -142.951 1497.97
vn 0.429084 -0.399834 0.809951
v -52.6884 -142.751 1500.6
vn 0.792647 0.101962 0.601094
v -51.9743 -143.151 1499.77
vn 0.538012 -0.350301 0.766703
v -51.968 -142.751 1500.17
vn -0.815855 -0.358146 -0.453997
v -51.8055 -140.551 1483.57
vn -0.886843 -0.298499 -0.352715
v -51.2868 -141.551 1484.17
vn 0.847598 0.412355 0.333979
v -51.8305 -141.151 1496.37
vn 0.871191 0.42813 0.240274
v -52.4884 -141.151 1497.76
vn 0.922864 0.270106 0.274525
v -52.1212 -139.951 1495.37
vn -0.914159 -0.0818828 -0.397
v -51.6884 -137.751 1482.56
vn 0.941206 0.150725 0.302346
v -51.4024 -137.951 1491.77
vn 0.881048 0.333134 0.335821
v -52.6884 -137.351 1495.24
vn -0.931118 0.17669 -0.319061
v -51.7305 -136.551 1482.37
vn -0.868065 0.337701 -0.363896
v -51.8462 -136.351 1482.97
vn -0.793173 0.514308 -0.326134
v -51.5661 -136.151 1482.57
vn -0.772876 0.633125 -0.0426042
v -51.4884 -136.146 1482.17
vn -0.838317 0.537882 0.0889267
v -51.2993 -135.951 1482.17
vn -0.815331 0.20185 -0.542671
v -51.4884 -135.951 1482.71
vn -0.736043 0.666682 0.11737
v -51.2884 -136.015 1482.37
vn -0.914503 0.378967 -0.141664
v -51.1524 -135.751 1481.77
vn -0.974108 0.130499 -0.184618
v -51.2212 -135.751 1482.17
vn -0.875377 -0.160041 -0.456181
v -51.2884 -135.751 1482.34
vn -0.936987 -0.0660124 -0.343071
v -51.1712 -135.551 1481.97
vn -0.925165 -0.0206716 -0.379002
v -52.1712 -136.751 1483.77
vn -0.894986 -0.0912127 -0.43667
v -52.2837 -135.951 1483.97
vn -0.803818 -0.254051 -0.537898
v -52.0555 -135.551 1483.37
vn -0.86897 0.0558572 -0.491702
v -51.8884 -136.086 1483.17
vn 0.934185 0.0197589 0.356241
v -51.9899 -134.151 1491.57
vn -0.91121 0.251641 -0.326148
v -51.2805 -132.951 1481.17
vn -0.907458 0.0461777 -0.417598
v -51.8884 -132.951 1482.94
vn 0.931858 -0.0590365 0.357987
v -51.843 -133.351 1491.77
vn 0.89009 0.147637 0.431211
v -52.2884 -133.351 1492.85
vn -0.875558 -0.105949 -0.471352
v -51.5305 -131.351 1481.77
vn -0.88628 0.163904 -0.433179
v -51.5774 -128.951 1482.37
vn -0.806755 -0.219405 -0.548641
v -52.5305 -130.351 1484.17
vn -0.822239 -0.202537 -0.531885
v -52.0524 -129.951 1483.37
vn -0.859873 0.462298 -0.216563
v -51.5774 -128.551 1482.97
vn -0.886605 0.000354581 -0.462527
v -52.5055 -127.551 1484.57
vn -0.864099 0.231114 -0.447123
v -51.8493 -128.751 1483.77
vn -0.831759 0.00315887 -0.555128
v -51.8884 -128.551 1483.88
vn -0.889332 0.161358 -0.427846
v -51.6712 -128.551 1483.57
vn -0.851379 0.487184 -0.194434
v -51.5087 -128.351 1483.17
vn -0.875929 -0.0711462 -0.477166
v -51.6024 -128.151 1483.37
vn -0.901464 0.21707 -0.374491
v -52.1649 -126.751 1483.97
vn 0.870121 -0.356608 0.340177
v -51.5524 -125.751 1490.97
vn -0.89774 0.189266 -0.397795
v -51.3837 -125.551 1483.17
vn -0.880674 0.0437017 -0.471703
v -52.643 -125.351 1485.97
vn 0.857813 0.126019 0.498273
v -52.3149 -124.351 1492.37
vn -0.878419 0.137164 -0.457783
v -52.0118 -123.351 1484.77
vn 0.907825 -0.284292 0.308273
v -51.9837 -123.551 1491.57
vn 0.892721 -0.292939 0.342396
v -52.0305 -123.351 1492.37
vn 0.868507 -0.411367 0.276538
v -51.6305 -123.151 1491.17
vn 0.914136 -0.214164 0.344223
v -52.4524 -123.951 1492.97
vn -0.855396 0.346534 -0.384984
v -51.8118 -119.551 1486.17
vn 0.87014 -0.18052 0.458551
v -51.7368 -119.951 1492.57
vn 0.844428 -0.410006 0.344727
v -51.4884 -119.551 1492.37
vn 0.861606 -0.320229 0.393813
v -51.7024 -119.551 1492.97
vn -0.589713 0.807134 -0.0278118
v -51.8884 -117.615 1489.57
vn -0.603033 0.79735 0.0241859
v -52.6884 -118.446 1492.57
vn -0.0594066 0.898687 0.43455
v -51.4884 -117.696 1492.57
vn -0.516464 0.845974 0.132638
v -52.4884 -118.218 1493.17
vn -0.0342834 0.93746 0.346401
v -51.2884 -117.399 1491.97
vn -0.343901 0.928813 0.137979
v -51.2884 -117.315 1491.57
vn -0.833286 -0.457804 -0.309919
v -49.9805 -151.351 1497.17
vn -0.71379 -0.62466 -0.316706
v -49.8884 -151.751 1497.55
vn -0.703574 -0.62109 -0.345298
v -49.6884 -151.205 1496.37
vn -0.886693 -0.396563 -0.237726
v -50.4212 -151.351 1498.97
vn -0.831292 -0.472227 -0.293181
v -50.1743 -151.751 1498.57
vn -0.851265 -0.513652 0.107285
v -49.8963 -152.351 1498.97
vn -0.506082 -0.806085 -0.306771
v -49.7923 -152.351 1498.57
vn -0.697328 -0.707482 -0.114906
v -49.8884 -152.351 1498.76
vn -0.828431 -0.494174 -0.263618
v -49.807 -152.151 1498.37
vn -0.905987 -0.330699 -0.264246
v -49.8653 -152.151 1498.57
vn -0.730056 -0.531457 -0.429619
v -49.8884 -152.151 1498.58
vn 0.842259 0.172857 0.510608
v -49.8493 -152.151 1498.97
vn -0.992133 0.0922645 -0.0846135
v -49.8884 -152.151 1499.1
vn 0.738861 -0.628697 0.242537
v -49.7024 -151.951 1498.57
vn 0.893498 0.30297 0.331467
v -49.8618 -151.551 1498.57
vn -0.53466 -0.8176 -0.213705
v -49.6884 -152.492 1498.77
vn -0.467039 -0.818099 -0.335541
v -49.6884 -152.246 1498.17
vn 0.495117 -0.580443 -0.646487
v -49.6884 -152.193 1498.77
vn -0.503407 -0.774191 -0.383679
v -49.6884 -152.046 1497.77
vn -0.499384 -0.777586 -0.382068
v -49.6884 -152.141 1497.97
vn 0.971863 0.0826867 0.220556
v -49.6524 -152.151 1498.57
vn 0.750475 -0.598672 -0.279961
v -49.5274 -151.951 1497.97
vn -0.753562 0.619546 -0.219789
v -49.6884 -151.951 1498.53
vn -0.957099 0.078924 0.278807
v -50.7618 -151.351 1500.57
vn -0.843487 -0.527166 0.103083
v -50.6884 -151.468 1500.57
vn 0.81173 -0.559758 0.16663
v -50.6073 -151.351 1500.57
vn -0.808158 -0.505086 0.302933
v -50.6884 -151.351 1500.77
vn -0.894729 -0.445579 0.0303095
v -50.3134 -152.351 1500.37
vn -0.892101 -0.44427 -0.0823419
v -50.4197 -152.151 1500.17
vn -0.866197 -0.439259 -0.238233
v -50.431 -151.951 1499.77
vn -0.968251 0.191331 0.16088
v -50.4142 -151.751 1499.97
vn -0.332983 -0.860658 -0.385215
v -50.4884 -151.188 1499.77
vn -0.85796 -0.51143 -0.0484034
v -50.2884 -152.415 1500.17
vn 0.726698 -0.563434 0.393004
v -50.109 -152.551 1500.37
vn -0.897361 0.109639 0.42746
v -50.2884 -151.951 1500.4
vn 0.881742 0.361684 0.302847
v -50.2884 -151.551 1499.81
vn -0.86709 0.460396 0.190239
v -50.2884 -151.351 1499.58
vn -0.835888 -0.542384 -0.0843301
v -50.0477 -152.751 1499.97
vn 0.868082 -0.437708 0.234192
v -50.0009 -152.551 1500.17
vn 0 -1 0
v -49.9134 -152.351 1499.17
vn -0.882124 -0.405693 -0.239313
v -50.0884 -152.351 1499.29
vn -0.249343 0.681585 0.687946
v -50.0884 -152.341 1500.17
vn 0.392198 0.138905 -0.909333
v -49.9571 -152.151 1499.37
vn 0.93363 0.252885 0.25374
v -49.9712 -151.951 1499.37
vn 0 -1 0
v -49.8805 -152.351 1499.17
vn -0.666968 0.333484 0.66629
v -49.8884 -152.301 1499.17
vn -0.121689 0.969245 0.213908
v -49.8884 -152.345 1499.37
vn -0.861783 -0.44973 -0.234677
v -50.6024 -150.151 1497.37
vn 0.887485 0.277442 0.367962
v -50.1868 -150.551 1498.57
vn -0.919734 -0.391925 0.0219963
v -50.9016 -150.551 1500.37
vn -0.435054 -0.879739 0.191799
v -50.9964 -150.351 1499.97
vn -0.957101 -0.279051 -0.0780228
v -50.8149 -151.151 1499.97
vn -0.998119 -0.0225292 0.0570212
v -50.8277 -150.951 1499.97
vn -0.935086 -0.329538 -0.130453
v -50.8337 -150.751 1499.37
vn -0.976255 -0.14764 0.158517
v -50.8412 -150.751 1499.77
vn -0.918979 -0.391604 0.0460873
v -50.8884 -150.604 1499.97
vn 0.586408 -0.548533 0.596018
v -50.8384 -150.551 1499.97
vn 0.622263 -0.778029 0.0863668
v -50.8493 -150.551 1500.17
vn -0.868953 0.328499 0.370148
v -50.8884 -150.151 1500.05
vn -0.760406 0.497197 0.417824
v -50.6884 -151.07 1500.37
vn -0.719229 0.508461 0.473474
v -50.6884 -150.551 1499.83
vn 0.892872 0.287417 0.346657
v -50.4368 -150.551 1499.17
vn -0.790681 -0.57309 -0.215387
v -50.818 -148.551 1495.37
vn -0.942877 -0.303171 -0.138095
v -50.6305 -149.351 1495.77
vn 0.89781 0.218731 0.382222
v -50.8524 -149.351 1499.37
vn -0.822789 -0.521307 -0.226401
v -50.818 -146.551 1489.57
vn -0.710421 -0.646195 -0.278808
v -50.2884 -147.434 1489.57
vn -0.858341 -0.477482 -0.18778
v -50.3899 -147.951 1491.17
vn -0.737237 -0.64007 -0.216313
v -50.8884 -147.751 1492.93
vn -0.884356 -0.32547 -0.334639
v -50.0243 -144.951 1483.97
vn -0.697384 -0.648883 -0.304314
v -50.8884 -145.177 1486.77
vn -0.899575 -0.354562 -0.255051
v -50.5055 -145.551 1486.37
vn -0.839802 -0.478104 -0.257194
v -50.4555 -146.151 1486.97
vn 0.7645 0.038858 0.643451
v -49.6884 -145.951 1497.33
vn -0.864693 -0.320479 -0.38678
v -49.768 -144.151 1482.97
vn -0.878858 -0.294581 -0.375275
v -51.0884 -143.728 1484.17
vn -0.949156 -0.108957 -0.295349
v -51.0493 -143.351 1483.97
vn -0.777007 -0.490745 -0.394245
v -50.0884 -144.551 1484.01
vn 0.865469 0.451124 0.217833
v -50.2149 -144.751 1496.17
vn -0.861858 -0.26045 -0.435162
v -49.5587 -142.751 1480.97
vn -0.808309 -0.378556 -0.450923
v -49.9868 -142.751 1481.77
vn 0.869397 0.406585 0.280781
v -51.0884 -142.579 1495.97
vn -0.963875 0.117511 -0.239032
v -50.3837 -140.951 1481.17
vn -0.968047 0.156881 -0.195637
v -50.3118 -140.551 1481.37
vn -0.887816 -0.244601 -0.389812
v -50.1618 -141.151 1480.57
vn -0.962271 -0.0156976 -0.27164
v -50.1649 -140.151 1480.77
vn -0.942111 -0.0769799 -0.326346
v -50.8868 -141.551 1482.97
vn -0.94556 0.0455738 -0.322242
v -50.5837 -140.951 1482.17
vn -0.765144 -0.397227 -0.50672
v -50.6884 -140.551 1482.17
vn -0.89796 -0.187774 -0.398006
v -50.4149 -140.551 1481.77
vn -0.87804 -0.24257 -0.41256
v -50.0305 -139.351 1479.97
vn -0.813982 -0.298565 -0.49829
v -50.9899 -139.351 1481.57
vn 0.90716 0.299268 0.295803
v -50.718 -139.751 1490.17
vn -0.880651 -0.0656271 -0.469198
v -50.6884 -137.142 1480.17
vn 0.916404 0.104531 0.386364
v -49.6884 -137.751 1486.51
vn -0.894564 -0.0147783 -0.446696
v -50.3212 -135.351 1479.37
vn -0.850739 -0.108861 -0.514191
v -50.2337 -135.951 1479.57
vn -0.899305 0.358371 -0.25064
v -50.9837 -135.751 1480.77
vn -0.889216 0.0126456 -0.457313
v -50.7368 -135.751 1480.17
vn -0.90621 0.255899 -0.336601
v -50.3805 -134.951 1479.77
vn -0.922148 0.0941053 -0.375217
v -49.8884 -134.151 1479.12
vn -0.809617 -0.239788 -0.535745
v -51.0884 -133.629 1480.77
vn -0.909947 0.104674 -0.401297
v -50.8462 -135.151 1481.17
vn -0.898862 0.328196 -0.290403
v -50.5243 -134.951 1480.57
vn -0.764109 -0.321382 -0.559331
v -50.4884 -134.751 1480.6
vn -0.6121 -0.527221 -0.589383
v -49.7712 -132.151 1478.17
vn -0.93289 0.0246312 -0.359318
v -49.5305 -133.151 1477.97
vn -0.894505 0.189615 -0.404855
v -50.543 -132.351 1479.57
vn -0.810102 -0.246554 -0.531926
v -50.043 -133.151 1479.37
vn -0.687332 -0.476185 -0.548473
v -49.9368 -131.951 1478.17
vn -0.87148 0.466349 -0.151794
v -50.1868 -131.951 1479.17
vn -0.91659 0.196031 -0.348475
v -49.9993 -131.551 1479.57
vn -0.951001 0.206845 -0.22981
v -49.9087 -131.351 1478.97
vn -0.875939 -0.205537 -0.436447
v -50.0087 -130.951 1479.17
vn -0.856745 0.300644 -0.419048
v -50.3555 -131.751 1479.97
vn -0.826975 -0.170342 -0.535813
v -50.3212 -131.351 1479.97
vn -0.915196 0.144353 -0.376269
v -50.7837 -129.551 1480.77
vn -0.911373 -0.0318528 -0.410347
v -49.7024 -127.351 1478.97
vn -0.888663 0.268981 -0.371387
v -50.6884 -127.951 1481.35
vn -0.91524 0.116184 -0.385794
v -50.0368 -127.951 1479.97
vn -0.93255 0.12102 -0.340153
v -49.6743 -126.951 1478.97
vn -0.909878 0.0505168 -0.411789
v -50.3337 -126.751 1480.97
vn -0.89526 0.0854969 -0.437265
v -50.1899 -125.151 1480.17
vn 0.893276 -0.14983 0.423803
v -50.4837 -125.351 1488.77
vn 0.813092 0.210859 0.542604
v -50.4884 -123.351 1489.22
vn 0.89564 -0.110457 0.430846
v -50.2368 -123.951 1488.97
vn 0.876194 -0.0412929 0.480187
v -50.9993 -122.951 1489.77
vn -0.886035 0.129493 -0.445167
v -50.7274 -120.551 1483.17
vn 0.902633 -0.161699 0.398883
v -50.0587 -120.551 1489.37
vn 0.8884 -0.238472 0.39227
v -49.6884 -118.351 1488.96
vn 0.801006 0.175929 0.572222
v -51.0884 -117.951 1492.37
vn 0.877091 -0.225595 0.42405
v -50.6743 -118.951 1491.17
vn -0.806622 0.502268 -0.31159
v -49.8337 -117.151 1484.17
vn -0.540644 0.83936 -0.0563722
v -49.8884 -116.421 1488.77
vn -0.572132 0.81696 -0.0723964
v -49.6884 -116.44 1488.17
vn -0.221857 0.924208 0.310837
v -50.8884 -117.151 1491.07
vn -0.524559 0.850792 -0.0314715
v -50.6884 -116.934 1489.77
vn -0.416183 0.89963 0.132123
v -50.6884 -116.912 1490.57
vn 0.0989561 0.864267 0.493204
v -50.2884 -116.815 1490.57
vn 0.602668 0.519739 0.605527
v -50.0837 -116.951 1490.57
vn 0.256899 0.855221 0.450111
v -51.0884 -117.551 1492.15
vn 0.331867 0.77531 0.537362
v -50.6884 -117.227 1491.17
vn 0.813116 0.160347 0.559581
v -50.4712 -117.551 1491.17
vn -0.645842 -0.696481 -0.312735
v -48.6884 -151.599 1495.37
vn 0.371801 -0.909863 0.184157
v -48.6884 -151.551 1495.85
vn -0.0189775 -0.835668 0.548907
v -48.4884 -151.735 1495.17
vn -0.625687 -0.713475 -0.315388
v -48.4884 -151.551 1494.81
vn 0.297132 -0.947505 0.118097
v -48.4884 -151.551 1495.45
vn -0.090799 -0.995319 -0.0330997
v -48.2884 -151.575 1494.97
vn -0.593187 -0.709192 -0.381021
v -49.4884 -151.695 1496.77
vn -0.45017 -0.837543 -0.309625
v -49.2884 -151.802 1496.77
vn -0.496806 -0.813658 -0.301902
v -49.0884 -151.865 1496.57
vn 0.321654 -0.936578 0.139139
v -49.0884 -151.649 1496.17
vn 0.738405 -0.572694 -0.35606
v -48.9743 -151.751 1496.57
vn 0.30631 -0.909847 -0.279915
v -49.0884 -151.751 1496.82
vn 0.369283 -0.911623 0.180481
v -48.943 -151.551 1496.37
vn 0.915694 0.124261 0.382183
v -49.0055 -151.551 1496.57
vn -0.556913 -0.733985 -0.388733
v -49.4884 -152.116 1497.57
vn -0.224355 -0.967948 0.112873
v -49.4884 -152.092 1497.77
vn 0.854567 -0.05016 0.516914
v -48.5743 -150.951 1495.57
vn 0.767641 0.4934 0.409003
v -48.0884 -147.351 1495.35
vn 0.734008 0.0710955 0.67541
v -48.8884 -147.751 1496.48
vn -0.631496 -0.683812 -0.365531
v -48.8644 -146.151 1483.37
vn -0.803634 -0.421093 -0.420539
v -48.4399 -144.351 1480.17
vn 0.815727 0.497178 0.295642
v -49.0884 -144.351 1491.7
vn 0.875326 0.299014 0.379994
v -48.1712 -141.351 1485.57
vn -0.928996 -0.0538488 -0.366152
v -48.3305 -138.151 1475.57
vn -0.895637 -0.117055 -0.429107
v -49.3962 -137.551 1477.97
vn -0.909319 0.180863 -0.374736
v -48.1493 -135.751 1474.97
vn -0.881246 -0.0370872 -0.4712
v -48.7368 -134.751 1476.17
vn -0.907457 0.00439931 -0.420122
v -48.3337 -133.151 1475.57
vn 0.928166 -0.0108164 0.372008
v -48.4243 -132.151 1483.37
vn -0.849418 -0.0786754 -0.521823
v -48.3618 -130.751 1475.97
vn -0.932979 0.0688971 -0.353275
v -48.1555 -130.751 1475.57
vn -0.782559 -0.225572 -0.580275
v -49.2884 -131.951 1477.51
vn -0.900778 0.0798052 -0.426884
v -49.2462 -130.751 1477.57
vn -0.914311 0.086746 -0.395614
v -48.7962 -131.951 1476.77
vn -0.899048 -0.0623261 -0.433392
v -48.9962 -129.751 1476.97
vn -0.930865 0.178534 -0.318772
v -48.4805 -127.351 1475.77
vn -0.925152 0.114253 -0.361994
v -49.443 -127.751 1478.57
vn 0.91849 -0.0311344 0.394216
v -47.9462 -128.751 1483.17
vn -0.926741 0.122567 -0.355145
v -48.0712 -125.751 1475.77
vn -0.920577 0.0913411 -0.379729
v -48.9837 -127.151 1477.57
vn 0.915626 -0.0654872 0.396661
v -49.1774 -126.551 1485.57
vn -0.913829 0.0139239 -0.40586
v -48.593 -125.351 1476.97
vn -0.907794 0.192804 -0.372474
v -49.3524 -124.551 1478.57
vn 0.9251 -0.102411 0.365653
v -48.0587 -124.351 1484.37
vn -0.915065 0.189063 -0.356246
v -49.0337 -123.751 1478.57
vn 0.931714 -0.127225 0.340181
v -48.3649 -123.151 1484.77
vn -0.91267 0.143508 -0.382673
v -49.2884 -122.351 1479.32
vn 0.859913 0.123356 0.495311
v -48.7087 -121.551 1485.97
vn 0.847701 0.134326 0.513186
v -48.5743 -121.951 1485.97
vn 0.91416 -0.157211 0.373626
v -48.4024 -122.351 1485.57
vn 0.899774 0.0316205 0.435208
v -48.1462 -120.951 1484.77
vn 0.926757 -0.136554 0.349965
v -47.9118 -120.151 1484.57
vn 0.925128 -0.117922 0.360877
v -48.0884 -119.751 1485.35
vn 0.884547 -0.283802 0.370179
v -49.2274 -120.751 1487.37
vn 0.878848 -0.340159 0.334542
v -49.3055 -118.751 1487.97
vn 0.911905 0.101182 0.397733
v -48.5837 -116.551 1487.77
vn 0.431004 0.82699 0.361004
v -48.6884 -116.136 1487.77
vn 0.818356 0.315928 0.480087
v -49.1305 -116.551 1488.97
vn -0.120261 0.962053 0.244931
v -49.2884 -116.151 1488.56
vn -0.143527 0.97644 0.161139
v -49.0884 -116.015 1487.97
vn 0.399123 0.832041 0.385238
v -49.0884 -116.105 1488.37
vn 0.875704 -0.180529 0.44783
v -49.4118 -117.151 1489.57
vn -0.0596035 0.975879 0.210018
v -48.2884 -115.421 1485.77
vn 0.908566 0.213449 0.359092
v -48.0337 -115.951 1486.17
vn 0.69288 0.611267 0.382451
v -48.0884 -115.643 1485.97
vn 0.47153 0.722763 0.505246
v -48.4884 -115.707 1486.97
vn -0.420325 -0.837858 -0.348311
v -46.6884 -151.693 1492.17
vn 0.260138 -0.889645 0.375314
v -46.4884 -151.652 1492.37
vn 0.741543 -0.231415 0.629731
v -47.4884 -150.192 1494.57
vn -0.578357 -0.730152 -0.363842
v -47.6884 -146.871 1483.57
vn 0.768401 0.572458 0.286096
v -46.8884 -147.699 1493.17
vn 0.777713 0.501772 0.378664
v -46.7743 -143.351 1484.37
vn 0.850011 0.356299 0.387986
v -46.9493 -142.151 1483.37
vn -0.908232 -0.045676 -0.415968
v -47.2868 -140.551 1474.97
vn -0.935975 -0.11909 -0.331312
v -46.9399 -140.551 1473.97
vn -0.901847 -0.202499 -0.381662
v -46.4884 -138.751 1472.58
vn -0.837102 -0.292073 -0.46255
v -47.4993 -139.351 1474.77
vn -0.822449 -0.255028 -0.508467
v -47.3243 -139.751 1474.77
vn -0.972417 0.0330693 -0.230893
v -46.9024 -139.951 1473.77
vn -0.895677 -0.229812 -0.380722
v -47.0243 -139.751 1474.37
vn -0.923657 -0.213662 -0.31813
v -46.9805 -139.551 1473.97
vn -0.86687 -0.279997 -0.412479
v -47.0884 -139.501 1474.17
vn -0.757833 -0.449907 -0.472518
v -47.6884 -138.351 1474.85
vn -0.862465 -0.277462 -0.423285
v -47.1837 -138.151 1473.77
vn 0.928881 0.0419812 0.36799
v -46.8884 -137.351 1480.35
vn -0.941135 0.0951187 -0.324373
v -47.0337 -135.751 1471.57
vn -0.832072 -0.324296 -0.449988
v -46.6649 -136.351 1470.77
vn 0.931056 0.0586945 0.360126
v -46.8884 -135.951 1480.52
vn -0.962632 0.0974489 -0.252673
v -46.693 -134.151 1471.37
vn -0.836089 -0.178224 -0.518837
v -47.7399 -134.351 1474.57
vn -0.883459 0.0972578 -0.458303
v -47.5274 -134.751 1474.37
vn -0.844348 -0.304271 -0.441016
v -47.4524 -133.751 1473.77
vn -0.930501 0.265211 -0.25265
v -47.2884 -134.753 1473.57
vn -0.913399 -0.124204 -0.387653
v -47.2149 -134.151 1473.77
vn -0.936703 -0.13318 -0.323806
v -46.8712 -133.351 1471.97
vn 0.935105 -0.176754 0.307143
v -46.3962 -133.151 1478.17
vn 0.929509 0.0484196 0.365608
v -47.3149 -133.151 1481.37
vn -0.911648 -0.142463 -0.38549
v -46.9649 -131.351 1471.77
vn -0.944209 -0.107397 -0.311343
v -46.3899 -131.551 1470.57
vn 0.915943 0.115907 0.384207
v -47.3587 -131.951 1480.57
vn -0.9611 -0.026374 -0.274937
v -46.4212 -129.351 1469.97
vn -0.937413 0.0404861 -0.345858
v -47.3868 -129.751 1473.37
vn -0.94313 0.207513 -0.2597
v -47.2462 -130.151 1472.57
vn 0.94429 0.0398804 0.326689
v -46.4149 -129.951 1478.57
vn -0.925226 -0.199808 -0.322543
v -46.3837 -127.951 1469.97
vn -0.908332 -0.223727 -0.353384
v -46.4368 -128.751 1470.97
vn 0.954787 0.121611 0.271278
v -46.3024 -128.751 1477.57
vn 0.949739 0.0352065 0.311056
v -47.2884 -127.74 1481.57
vn -0.952081 -0.0342664 -0.303919
v -46.3712 -125.751 1469.57
vn -0.940691 0.0403389 -0.336859
v -47.6055 -125.751 1473.57
vn 0.946403 0.0601871 0.31733
v -46.3805 -126.951 1478.37
vn 0.950256 0.0301817 0.310004
v -47.1837 -126.551 1480.37
vn 0.938085 -0.0615201 0.340897
v -47.743 -126.551 1482.37
vn -0.951906 0.149588 -0.26739
v -46.8243 -124.551 1472.17
vn -0.945656 -0.00642668 -0.325105
v -47.5555 -124.751 1474.37
vn 0.951424 -0.114483 0.285806
v -47.2243 -124.351 1481.37
vn 0.948296 0.0269144 0.316244
v -46.8462 -125.351 1480.37
vn -0.951661 0.088987 -0.293976
v -47.2884 -123.951 1473.33
vn -0.905242 0.275329 -0.323621
v -47.7337 -122.951 1475.17
vn 0.955696 -0.0235191 0.293413
v -46.3524 -123.151 1478.57
vn 0.952403 -0.193742 0.235355
v -46.3399 -122.951 1478.57
vn -0.866345 0.498597 -0.0291118
v -46.6243 -122.351 1472.37
vn -0.882997 0.466043 -0.0558534
v -46.5305 -122.151 1472.17
vn -0.878064 -0.271619 -0.393989
v -46.3993 -121.351 1472.77
vn -0.921993 0.0715805 -0.380533
v -47.6884 -121.751 1475.61
vn 0.96411 -0.0664447 0.257053
v -47.0884 -121.351 1481.97
vn 0.917392 0.0284836 0.396963
v -47.8118 -121.351 1484.37
vn -0.950112 -0.00587727 -0.311853
v -46.5524 -120.551 1472.77
vn 0.952569 -0.19939 0.229905
v -46.5087 -120.151 1479.57
vn 0.947543 -0.214713 0.236771
v -46.818 -120.351 1481.17
vn 0.957104 -0.0247658 0.288683
v -47.4962 -120.151 1482.97
vn 0.942572 0.0843083 0.323187
v -47.468 -120.751 1483.37
vn 0.943547 -0.148244 0.296216
v -47.4118 -119.551 1483.17
vn 0.96068 -0.103659 0.257584
v -46.5899 -116.551 1481.17
vn 0.868509 -0.470902 0.154738
v -46.9555 -116.951 1482.77
vn 0.946265 -0.0585289 0.318051
v -46.8055 -117.151 1481.97
vn 0.955561 0.127469 0.265808
v -47.368 -116.351 1484.17
vn 0.931944 0.24813 0.264409
v -47.068 -116.951 1483.77
vn 0.812511 -0.534078 0.233636
v -47.8884 -117.551 1485.6
vn 0.924238 -0.15131 0.350556
v -47.7305 -117.151 1485.77
vn -0.589379 0.786743 -0.18349
v -46.893 -114.751 1480.77
vn -0.1488 0.988642 -0.0211097
v -46.4884 -114.521 1481.17
vn -0.375449 0.92684 0.00244806
v -46.8884 -114.63 1481.77
vn 0.935806 -0.0648537 0.346499
v -46.368 -114.951 1481.77
vn 0.0716603 0.984709 0.158784
v -46.4884 -114.553 1481.57
vn 0.943489 -0.0599224 0.325942
v -47.2493 -115.351 1483.97
vn 0.788887 0.457848 0.409917
v -47.2884 -115.151 1484.06
vn 0.25124 -0.957788 0.139716
v -46.0884 -151.724 1491.77
vn 0.617975 -0.751598 0.230668
v -45.6884 -151.545 1491.97
vn 0.712061 -0.607559 0.351911
v -45.2884 -150.84 1492.37
vn 0.788577 0.48176 0.382168
v -45.0884 -150.351 1492.74
vn 0.94647 -0.109682 0.303587
v -44.7399 -149.951 1491.57
vn 0.529029 -0.565613 0.632621
v -45.6884 -149.951 1493.99
vn 0.845867 0.501648 0.181266
v -45.5993 -149.751 1492.97
vn 0.553449 -0.685536 0.473006
v -45.3255 -150.351 1493.17
vn 0.884501 0.416209 0.210781
v -45.3962 -150.151 1493.17
vn 0.732348 0.61541 0.291439
v -46.2524 -148.351 1492.57
vn 0.721621 0.607504 0.331967
v -45.8884 -148.699 1492.57
vn 0.865494 0.302613 0.399181
v -45.4649 -149.351 1491.97
vn 0.908341 0.103755 0.405156
v -45.443 -149.151 1491.97
vn 0.947401 0.290035 0.13532
v -45.818 -149.351 1492.97
vn 0.721186 0.640225 0.26458
v -45.8743 -149.151 1493.57
vn 0.963617 -0.00325963 0.267267
v -45.8368 -148.951 1492.97
vn 0.74932 -0.292453 0.594131
v -45.6884 -149.551 1494.19
vn 0.407829 -0.520332 0.750286
v -46.0984 -149.551 1494.57
vn 0.711743 0.550636 0.436145
v -46.2884 -149.158 1494.57
vn -0.461159 -0.812569 -0.356462
v -45.6884 -147.455 1480.77
vn 0.664405 0.654087 0.361575
v -45.4884 -144.765 1483.97
vn -0.724302 -0.559273 -0.403236
v -46.2884 -143.551 1475.75
vn -0.847226 -0.413182 -0.3339
v -44.9962 -140.551 1469.17
vn 0.91331 0.166029 0.371885
v -45.3555 -140.351 1478.77
vn -0.942272 -0.132631 -0.307462
v -45.7587 -139.151 1469.97
vn -0.950166 0.184727 -0.25112
v -46.2805 -139.151 1471.57
vn -0.941764 0.0911366 -0.323689
v -46.1743 -138.751 1471.77
vn -0.941771 0.169711 -0.290285
v -45.9149 -138.551 1471.17
vn -0.97274 0.085667 -0.215495
v -44.9337 -138.151 1466.57
vn -0.893631 -0.405596 -0.192133
v -44.8524 -137.351 1466.57
vn -0.950491 -0.135492 -0.279658
v -45.1649 -137.951 1468.37
vn -0.892541 -0.320911 -0.31684
v -45.2222 -137.751 1468.37
vn -0.962219 0.119566 -0.244619
v -45.0118 -137.951 1467.37
vn -0.953637 -0.155535 -0.257653
v -45.0884 -137.63 1467.57
vn -0.804631 -0.49515 -0.327713
v -45.0625 -137.351 1467.17
vn -0.933223 0.229986 -0.276047
v -44.8524 -137.551 1467.17
vn -0.766352 -0.60692 -0.210601
v -45.6884 -137.968 1469.97
vn -0.808741 -0.520501 -0.273892
v -45.6024 -138.151 1470.17
vn -0.844508 -0.442447 -0.301739
v -45.6493 -137.751 1469.17
vn -0.838306 -0.458036 -0.295713
v -45.4399 -137.951 1468.97
vn -0.946445 0.253761 -0.19962
v -45.2868 -138.151 1468.77
vn -0.919189 -0.204499 -0.336557
v -46.1618 -137.151 1470.57
vn -0.85223 -0.437157 -0.287397
v -45.9805 -137.751 1470.37
vn -0.948387 -0.176854 -0.263221
v -45.0884 -136.351 1466.21
vn -0.943321 -0.138884 -0.301424
v -44.9337 -135.351 1465.77
vn -0.957519 -0.0943386 -0.272502
v -45.2884 -135.751 1467.73
vn -0.867559 -0.229267 -0.441336
v -45.9493 -136.551 1469.77
vn 0.935504 0.0945021 0.340443
v -45.3712 -136.551 1475.97
vn 0.950992 0.00123369 0.309212
v -45.218 -135.351 1475.97
vn -0.969803 0.111334 -0.216995
v -45.7524 -133.951 1467.57
vn -0.925185 -0.1401 -0.35271
v -46.0884 -134.999 1469.37
vn -0.955371 0.246653 -0.16257
v -44.7805 -132.151 1464.37
vn -0.926114 0.367079 -0.0869868
v -44.9399 -132.351 1465.77
vn -0.901524 -0.274451 -0.33456
v -45.6884 -132.373 1468.17
vn -0.961633 0.117398 -0.247952
v -45.2712 -132.751 1467.17
vn 0.94547 -0.0659183 0.318969
v -45.5087 -132.351 1476.57
vn 0.925708 -0.174885 0.335381
v -46.243 -132.751 1478.17
vn -0.968942 0.208421 -0.133087
v -44.7493 -131.951 1464.77
vn -0.975666 -0.137752 -0.170587
v -44.7462 -131.951 1465.37
vn -0.938996 -0.24782 -0.238476
v -44.8462 -131.751 1465.17
vn -0.865584 -0.398452 -0.303314
v -44.9743 -131.751 1465.57
vn -0.956218 -0.0895526 -0.278618
v -45.9305 -130.551 1468.37
vn -0.952713 -0.117034 -0.280428
v -45.7399 -131.751 1467.77
vn 0.957587 0.054779 0.282889
v -45.3555 -131.751 1475.97
vn 0.920971 0.0949964 0.377872
v -46.0024 -131.951 1477.57
vn -0.95229 0.127347 -0.277356
v -46.2884 -128.951 1470.75
vn 0.957385 0.0542054 0.283684
v -44.7805 -129.151 1473.37
vn 0.910226 0.269629 0.314308
v -45.8884 -129.151 1476.61
vn -0.961104 0.096943 -0.258615
v -44.768 -127.751 1463.17
vn -0.916774 0.320679 -0.238098
v -44.7305 -127.351 1463.77
vn -0.924446 0.367808 -0.100585
v -45.0118 -127.551 1465.97
vn -0.869155 -0.360505 -0.338536
v -45.7368 -127.951 1468.57
vn -0.931538 -0.185109 -0.313004
v -45.6212 -127.351 1467.37
vn 0.944561 0.114412 0.307758
v -44.7993 -127.951 1471.97
vn -0.95275 -0.0574142 -0.298279
v -45.6524 -126.351 1467.97
vn 0.961984 -0.0896073 0.257988
v -45.7805 -126.751 1476.37
vn 0.950433 -0.115871 0.288533
v -45.3899 -125.151 1475.77
vn -0.928443 0.132746 -0.346947
v -44.7899 -123.951 1463.57
vn -0.953337 0.162633 -0.254358
v -45.2743 -122.751 1466.97
vn 0.960031 -0.041437 0.276809
v -45.9899 -123.551 1476.77
vn 0.957959 -0.102153 0.268103
v -46.2884 -122.551 1479.02
vn -0.909408 0.368747 -0.192363
v -46.2493 -121.951 1471.57
vn -0.975868 0.0811849 -0.202709
v -46.0305 -121.151 1471.37
vn -0.845623 0.523847 -0.102494
v -46.2884 -121.979 1472.57
vn -0.910081 0.40911 0.0661844
v -46.2462 -121.751 1472.17
vn -0.960443 0.271146 0.0634787
v -46.1743 -121.751 1472.37
vn -0.93812 0.0383355 -0.344183
v -46.2493 -121.751 1472.77
vn -0.995089 0.0988244 -0.00562929
v -46.1805 -121.551 1472.17
vn -0.933214 -0.227323 -0.278273
v -46.2274 -121.551 1472.57
vn -0.952275 -0.1988 -0.231626
v -46.2274 -121.151 1472.17
vn 0.95194 -0.135147 0.274855
v -45.393 -122.351 1475.57
vn 0.953241 -0.0663335 0.294842
v -46.0149 -121.151 1477.97
vn 0.902544 -0.392832 0.176343
v -45.918 -119.351 1478.37
vn 0.945016 -0.136259 0.297284
v -44.7274 -118.151 1475.37
vn 0.940717 -0.185366 0.284062
v -45.7868 -118.751 1478.97
vn -0.671161 0.692699 -0.26403
v -44.7087 -115.351 1473.97
vn -0.843455 0.444089 -0.302273
v -45.7493 -115.951 1475.37
vn -0.611112 0.759732 -0.222147
v -45.543 -115.351 1476.57
vn -0.375564 0.913403 -0.156995
v -45.0884 -115.155 1476.37
vn 0.796646 0.502704 0.335624
v -44.8884 -115.332 1476.57
vn -0.768567 0.561675 -0.306311
v -46.1222 -115.751 1477.17
vn -0.481284 0.817618 -0.316017
v -45.6884 -115.196 1477.17
vn -0.236506 0.917686 -0.319245
v -45.6884 -114.884 1477.97
vn -0.155242 0.954267 -0.255487
v -45.2884 -115.109 1477.17
vn 0.927774 0.294453 0.229199
v -45.0884 -115.351 1477.27
vn -0.585526 0.742614 -0.32509
v -46.0884 -114.83 1478.57
vn -0.280475 0.937811 -0.204557
v -46.0884 -114.612 1479.17
vn -0.210698 0.972197 -0.102177
v -46.0884 -114.559 1479.57
vn 0.0582742 0.996685 -0.0567644
v -45.8884 -114.555 1479.57
vn 0.959616 0.0973927 0.263917
v -45.5899 -114.951 1479.37
vn -0.161875 0.950847 -0.263983
v -45.6884 -114.699 1478.57
vn 0.796487 0.594472 0.110508
v -45.6055 -114.751 1479.17
vn 0.856018 0.417682 0.30459
v -46.2884 -114.751 1481.49
vn -0.10449 -0.9515 -0.289362
v -43.6884 -149.843 1485.17
vn 0.552676 -0.83306 0.0236896
v -44.4884 -150.871 1488.37
vn 0.781592 -0.6004 0.169214
v -44.0884 -150.551 1488.52
vn 0.714041 0.57256 0.402891
v -44.6884 -149.68 1491.17
vn 0.882198 0.298485 0.364188
v -43.9587 -148.351 1488.37
vn 0.805575 0.41823 0.419682
v -44.6818 -149.351 1490.57
vn 0.916044 0.0248141 0.400309
v -44.5587 -148.951 1490.17
vn 0.907643 0.0555351 0.416052
v -44.5524 -148.551 1490.17
vn -0.458841 -0.809348 -0.366634
v -43.4795 -146.551 1476.17
vn -0.274677 -0.913468 -0.300213
v -43.8884 -147.74 1479.57
vn 0.669901 0.628838 0.394709
v -43.8884 -147.151 1486.39
vn -0.869606 -0.408737 -0.276982
v -43.2118 -143.551 1470.17
vn -0.705436 -0.611514 -0.358345
v -43.4884 -143.383 1470.57
vn -0.698224 -0.609205 -0.375969
v -44.5274 -142.151 1470.17
vn -0.723951 -0.598278 -0.34345
v -43.2884 -142.951 1469.54
vn -0.707065 -0.642583 -0.295206
v -43.2884 -141.012 1465.77
vn 0.913923 0.191984 0.357612
v -44.6884 -140.151 1476.87
vn 0.955445 0.0400746 0.292436
v -43.3149 -138.751 1472.57
vn 0.827301 0.438357 0.351308
v -43.1274 -139.551 1472.77
vn -0.945849 -0.0966698 -0.309879
v -43.6587 -137.351 1461.97
vn -0.850799 -0.3836 -0.359154
v -43.4649 -138.151 1461.77
vn -0.963997 -0.0588139 -0.259327
v -44.6118 -137.751 1465.37
vn 0.8927 0.305245 0.331529
v -43.1899 -136.951 1471.37
vn -0.8696 -0.314858 -0.380342
v -44.0118 -133.751 1461.97
vn -0.871504 -0.290821 -0.394847
v -44.3462 -134.951 1463.97
vn 0.95483 0.00909504 0.297013
v -44.4884 -134.951 1473.35
vn -0.873722 -0.192981 -0.446507
v -43.5399 -132.951 1460.37
vn 0.944535 0.119636 0.305843
v -43.9899 -133.151 1471.37
vn -0.901674 0.26107 -0.344712
v -43.4805 -131.351 1460.37
vn -0.94916 0.12151 -0.290399
v -44.1774 -131.951 1462.17
vn -0.84682 0.499238 -0.183458
v -43.6368 -131.351 1460.97
vn -0.867858 0.444492 -0.221923
v -43.1118 -130.751 1460.77
vn -0.875006 -0.0469062 -0.481833
v -43.1587 -130.551 1460.97
vn -0.937052 -0.149485 -0.315574
v -44.468 -131.351 1463.77
vn -0.912295 -0.188412 -0.363619
v -44.4118 -130.751 1463.17
vn -0.928469 0.19588 -0.315556
v -44.0274 -131.351 1462.57
vn -0.956939 0.146945 -0.250349
v -44.5712 -131.751 1464.17
vn 0.936719 0.165981 0.308232
v -43.4368 -131.551 1467.77
vn 0.973453 0.0158203 0.228342
v -44.1774 -130.151 1469.77
vn -0.841352 -0.113223 -0.528496
v -43.7493 -128.551 1460.97
vn 0.925768 0.199584 0.321122
v -44.093 -128.351 1470.77
vn -0.852461 0.473319 -0.221991
v -43.1149 -125.751 1460.57
vn -0.888424 0.309241 -0.339224
v -43.9743 -126.951 1461.37
vn -0.897092 0.0836984 -0.433844
v -43.3868 -125.751 1461.37
vn -0.896392 0.294708 -0.331103
v -43.193 -125.751 1460.97
vn -0.941572 -0.0918543 -0.324045
v -44.3805 -126.351 1463.37
vn -0.965496 0.0520242 -0.255169
v -44.3962 -125.751 1463.37
vn -0.923933 -0.0235078 -0.381832
v -44.1399 -126.551 1462.97
vn -0.845791 -0.311072 -0.433441
v -44.2024 -126.351 1462.97
vn -0.94028 -0.00807541 -0.340307
v -44.2884 -125.751 1462.56
vn -0.927225 0.208924 -0.310813
v -44.0243 -126.551 1462.57
vn 0.951901 -0.00737647 0.306316
v -43.7212 -125.951 1468.77
vn -0.726281 -0.376009 -0.575441
v -43.6743 -125.551 1461.57
vn -0.819428 0.0280909 -0.572493
v -43.6587 -125.151 1461.37
vn -0.899344 0.269003 -0.3447
v -43.6743 -124.751 1461.77
vn -0.673159 -0.171855 -0.719251
v -43.2931 -125.151 1460.97
vn -0.811646 0.231061 -0.536509
v -43.4118 -124.551 1461.37
vn -0.838903 -0.0245962 -0.543725
v -43.4884 -124.151 1461.56
vn -0.932568 0.214944 -0.290027
v -44.2884 -125.532 1463.17
vn -0.906471 -0.144871 -0.396638
v -44.6462 -125.351 1463.97
vn -0.850406 0.0411372 -0.524516
v -43.9712 -123.351 1461.97
vn -0.795651 0.415211 -0.441066
v -43.6337 -122.551 1461.97
vn -0.71816 -0.0522005 -0.693917
v -43.3524 -123.351 1461.17
vn -0.730989 0.302394 -0.611729
v -43.2399 -122.751 1461.17
vn 0.950421 -0.04711 0.307377
v -43.5899 -123.151 1469.37
vn -0.802355 0.30517 -0.51293
v -43.8884 -121.184 1463.57
vn -0.709356 0.463112 -0.531358
v -43.2524 -119.951 1463.17
vn -0.833595 0.360178 -0.418798
v -44.293 -120.751 1464.37
vn 0.955706 -0.110679 0.27272
v -43.7712 -120.551 1470.97
vn -0.885329 0.361 -0.293038
v -44.6493 -118.951 1467.57
vn 0.931148 -0.246402 0.268793
v -43.9055 -118.551 1471.97
vn 0.238924 0.959429 0.149704
v -44.2884 -114.951 1475.13
vn 0.935265 -0.00805762 0.353857
v -44.0024 -115.351 1474.77
vn 0.923458 -0.0223792 0.383047
v -44.5305 -115.751 1475.77
vn -0.488869 0.860922 -0.140788
v -44.4884 -114.924 1475.17
vn 0.442022 -0.896076 0.0407902
v -42.6884 -149.677 1484.57
vn 0.166386 -0.976192 -0.139159
v -42.4884 -149.621 1484.17
vn 0.0589616 -0.968348 -0.24254
v -41.6884 -148.805 1481.37
vn 0.465878 -0.884321 0.0305663
v -42.2709 -149.551 1484.17
vn 0.488376 -0.868489 -0.0849464
v -41.6337 -148.951 1483.17
vn 0.862752 -0.414742 0.289218
v -42.5243 -148.951 1485.77
vn 0.92668 0.0150624 0.37555
v -42.2884 -148.551 1485.26
vn 0.772914 0.481066 0.413738
v -42.9993 -148.751 1486.97
vn 0.752601 0.475612 0.455395
v -42.8462 -147.951 1485.77
vn -0.624119 -0.683154 -0.379178
v -42.4884 -144.949 1471.57
vn -0.500599 -0.80793 -0.310885
v -41.645 -145.151 1470.57
vn -0.826835 -0.481773 -0.290237
v -42.768 -143.351 1468.37
vn -0.931051 -0.316519 -0.181547
v -43.0368 -143.951 1469.97
vn -0.709197 -0.638503 -0.298921
v -43.0884 -144.163 1471.17
vn -0.864401 -0.408246 -0.293507
v -42.7555 -142.151 1466.97
vn -0.773548 -0.538184 -0.334635
v -43.0884 -142.551 1468.1
vn -0.855333 -0.435101 -0.281234
v -43.0884 -143.151 1469.41
vn 0.423535 0.834523 0.352405
v -42.0884 -142.877 1474.97
vn 0.43146 0.83494 0.341639
v -41.8884 -143.021 1475.17
vn -0.873477 -0.365004 -0.322195
v -41.5399 -140.951 1460.17
vn -0.946388 -0.280344 -0.160491
v -41.9274 -140.951 1461.97
vn -0.969013 -0.150202 -0.196097
v -42.2274 -141.351 1463.77
vn -0.891122 -0.398279 -0.217428
v -42.0243 -140.751 1462.37
vn 0.829308 0.437215 0.34798
v -41.7587 -140.351 1470.97
vn -0.916002 -0.168312 -0.364159
v -42.4884 -138.751 1460.73
vn -0.864486 -0.264089 -0.427693
v -42.7743 -138.951 1461.57
vn -0.860131 -0.293736 -0.417007
v -42.7055 -138.751 1461.37
vn -0.75331 -0.491499 -0.436981
v -42.8524 -138.751 1461.57
vn -0.908059 -0.247376 -0.337986
v -42.6837 -139.351 1461.57
vn -0.924173 -0.206917 -0.321075
v -42.4962 -139.151 1460.77
vn -0.851296 -0.457935 -0.256107
v -42.2337 -139.951 1460.97
vn 0.820705 0.448491 0.353977
v -41.5868 -138.951 1468.57
vn 0.893984 0.281968 0.348263
v -42.6493 -138.551 1470.17
vn -0.826861 -0.333965 -0.452513
v -41.943 -137.551 1458.37
vn -0.812096 -0.33754 -0.475991
v -41.7024 -137.751 1458.17
vn -0.853393 -0.298981 -0.427002
v -43.0884 -137.751 1460.64
vn 0.935235 0.181501 0.303963
v -42.118 -137.751 1468.57
vn 0.910741 0.310256 0.272565
v -42.9712 -137.151 1470.77
vn 0.924944 0.213817 0.314262
v -42.7993 -137.751 1471.17
vn -0.853327 0.0243718 -0.520806
v -42.1805 -135.551 1458.17
vn 0.894139 0.327059 0.305855
v -41.7743 -135.951 1465.97
vn -0.845065 0.149211 -0.513422
v -41.8884 -133.751 1457.91
vn -0.917692 -0.039648 -0.39531
v -42.8743 -133.951 1460.17
vn 0.940091 0.237461 0.244624
v -42.0024 -133.951 1464.77
vn 0.934588 0.186561 0.302886
v -42.7493 -134.751 1468.37
vn -0.818895 -0.089514 -0.56692
v -41.8274 -132.951 1458.17
vn -0.751191 -0.437182 -0.494555
v -43.0884 -133.551 1460.29
vn -0.758716 -0.228862 -0.609896
v -42.9212 -132.551 1459.17
vn -0.877135 0.047178 -0.477922
v -42.9337 -132.151 1459.17
vn 0.933256 0.245364 0.262354
v -42.968 -132.951 1468.17
vn 0.95524 0.152574 0.253452
v -42.8055 -133.551 1467.97
vn -0.717411 0.0147627 -0.696493
v -42.4864 -131.951 1458.57
vn -0.797832 0.596718 -0.085974
v -43.0884 -130.762 1460.17
vn -0.847641 0.46624 -0.253231
v -43.0493 -130.751 1459.77
vn -0.836568 0.229204 -0.497614
v -42.818 -130.951 1459.17
vn -0.810783 0.169099 -0.56039
v -41.8884 -129.351 1458.53
vn -0.848473 0.47502 -0.233345
v -42.518 -130.151 1459.37
vn -0.909666 0.140396 -0.390893
v -42.5024 -129.951 1459.57
vn -0.81989 -0.106346 -0.562557
v -42.7448 -128.551 1459.77
vn 0.935571 -0.0500883 0.349569
v -42.5399 -127.351 1464.77
vn -0.544215 0.15766 -0.823999
v -41.6884 -126.751 1458.64
vn -0.8149 0.364347 -0.450766
v -42.9837 -125.751 1460.17
vn -0.731642 0.0506522 -0.679805
v -42.4884 -127.151 1459.25
vn -0.794354 0.51266 -0.325856
v -42.8805 -125.351 1460.57
vn -0.655288 0.362421 -0.662758
v -42.0884 -125.151 1459.37
vn -0.874052 0.298274 -0.38349
v -43.0493 -125.551 1460.77
vn -0.78498 -0.0305709 -0.618767
v -43.0884 -125.351 1460.87
vn -0.710043 0.128465 -0.692341
v -43.06 -124.751 1460.77
vn -0.563813 0.0185689 -0.825694
v -42.4323 -122.951 1460.37
vn -0.543398 0.191574 -0.817324
v -41.6884 -123.351 1460.05
vn -0.685605 0.00872794 -0.727921
v -42.9467 -123.951 1460.97
vn -0.605656 0.409637 -0.682186
v -41.8884 -121.806 1460.37
vn 0.937646 -0.140047 0.31813
v -41.8649 -119.751 1464.77
vn -0.692939 0.440343 -0.570906
v -42.2884 -117.751 1464.07
vn -0.649101 0.59463 -0.474429
v -41.9587 -117.151 1464.17
vn -0.748809 0.558489 -0.356897
v -42.8884 -117.366 1465.57
vn 0.891547 -0.279889 0.356097
v -41.6884 -116.548 1466.57
vn -0.610531 0.710113 -0.350701
v -41.6884 -115.98 1465.97
vn 0.814733 -0.540645 0.209555
v -42.8884 -117.187 1470.17
vn 0.830568 -0.516105 0.209264
v -42.6158 -117.151 1469.17
vn 0.856093 -0.464593 0.226402
v -42.3024 -116.751 1469.57
vn 0.960907 -0.228498 0.156355
v -42.2243 -116.751 1468.77
vn 0.850028 0.487541 0.199391
v -42.2274 -116.351 1469.57
vn 0.855207 -0.425845 0.295428
v -42.893 -116.951 1470.77
vn -0.68022 0.66898 -0.299609
v -42.6518 -115.951 1467.97
vn -0.576784 0.801172 -0.15951
v -42.4884 -115.587 1468.57
vn 0.989296 0.093883 0.11171
v -42.2884 -115.751 1468.5
vn -0.560918 0.795553 -0.229053
v -41.8884 -115.255 1467.77
vn 0.76377 -0.428843 0.482441
v -41.6618 -115.151 1467.77
vn -0.57675 0.768358 -0.277462
v -43.0884 -115.351 1470.25
vn -0.558174 0.772076 -0.303874
v -42.6884 -115.584 1468.97
vn 0.22679 0.965455 -0.128312
v -42.6884 -115.468 1469.57
vn 0.673638 0.727982 0.127491
v -42.4884 -115.685 1468.97
vn 0.279065 -0.94757 -0.15567
v -40.4884 -148.146 1479.17
vn 0.935825 0.193476 0.294616
v -40.118 -146.751 1479.57
vn 0.934099 -0.279533 0.222081
v -40.068 -147.551 1479.37
vn 0.682257 0.616282 0.393347
v -40.8243 -146.751 1481.37
vn 0.909521 0.147401 0.388646
v -40.8087 -147.151 1481.77
vn -0.398184 -0.866298 -0.301623
v -40.8884 -144.905 1468.77
vn -0.611094 -0.734094 -0.296091
v -41.2884 -142.784 1463.37
vn 0.552543 0.74492 0.373886
v -41.4884 -142.249 1472.97
vn 0.633014 0.705049 0.319688
v -40.2884 -142.551 1472
vn -0.641273 -0.661768 -0.388371
v -39.8993 -141.151 1456.97
vn -0.796303 -0.375313 -0.474385
v -39.943 -140.551 1456.37
vn 0.744477 0.590727 0.311119
v -40.0884 -140.155 1465.77
vn 0.881053 0.367601 0.297684
v -40.8055 -140.551 1468.37
vn 0.268281 0.92494 0.269279
v -40.4884 -140.815 1468.17
vn 0.246203 0.919279 0.307099
v -40.6884 -141.027 1468.97
vn -0.0752518 0.963209 0.258003
v -40.4884 -141.012 1468.97
vn 0.877611 0.373689 0.300258
v -41.4618 -141.551 1471.57
vn -0.886124 -0.105933 -0.451179
v -41.2493 -138.551 1457.37
vn -0.760649 -0.328709 -0.559789
v -40.7274 -138.751 1456.77
vn -0.919455 -0.0962015 -0.381246
v -40.6149 -139.751 1457.17
vn -0.895258 -0.186598 -0.404591
v -40.6618 -139.551 1457.37
vn -0.838924 -0.18076 -0.513354
v -40.2884 -139.005 1456.37
vn -0.833316 -0.156982 -0.530039
v -41.1649 -137.751 1457.37
vn -0.798666 -0.0487598 -0.599795
v -40.4368 -137.551 1456.17
vn -0.778028 -0.161462 -0.607127
v -40.4884 -137.151 1456.24
vn -0.901931 -0.074558 -0.425396
v -41.3743 -138.151 1457.77
vn -0.781894 -0.202537 -0.589593
v -41.3337 -136.751 1456.97
vn -0.776178 0.11874 -0.619232
v -41.4416 -135.151 1456.97
vn -0.768681 0.181121 -0.613453
v -40.8805 -134.151 1456.77
vn 0.920858 0.220778 0.321369
v -40.4884 -134.751 1460.95
vn -0.654507 0.0553762 -0.754025
v -40.6884 -133.151 1456.62
vn -0.705727 0.160122 -0.690153
v -40.6884 -132.751 1456.63
vn -0.532964 0.152337 -0.832312
v -40.0884 -132.551 1456.23
vn -0.74101 0.087785 -0.665731
v -41.2868 -132.351 1457.57
vn -0.603438 0.212498 -0.768575
v -40.8884 -131.685 1457.37
vn -0.26797 -0.196155 -0.943247
v -40.6884 -130.551 1457.37
vn -0.616349 0.376584 -0.691591
v -40.0884 -131.351 1456.65
vn -0.476426 -0.0733027 -0.876153
v -41.0884 -130.951 1457.57
vn 0.896664 -0.00696858 0.442656
v -41.0884 -130.951 1461.41
vn -0.561828 -0.00133532 -0.827253
v -41.0614 -130.151 1457.37
vn -0.194516 -0.237928 -0.951606
v -40.4884 -129.951 1457.1
vn -0.396509 0.151517 -0.905441
v -40.4884 -129.551 1457.08
vn -0.0597131 -0.387481 -0.919942
v -40.0884 -129.951 1457.08
vn -0.517213 0.188908 -0.834748
v -40.8884 -127.351 1458.09
vn -0.348605 0.248174 -0.903816
v -40.0884 -126.551 1457.87
vn -0.33166 0.265549 -0.905254
v -40.0884 -125.751 1458.13
vn 0.914529 -0.022533 0.403893
v -41.1368 -126.551 1462.57
vn 0.989424 0.140523 -0.0359746
v -39.9774 -125.551 1458.37
vn -0.434376 0.247134 -0.866165
v -40.0884 -124.951 1458.31
vn 0.950131 -0.0101092 0.311687
v -41.0337 -124.151 1461.57
vn 0.952029 0.104459 0.287625
v -40.6884 -124.951 1461.37
vn 0.916078 0.0697472 0.394887
v -41.3118 -124.751 1462.77
vn -0.584302 0.442588 -0.680226
v -40.4884 -123.351 1459.1
vn 0.983424 0.079117 0.163147
v -40.2884 -123.751 1458.92
vn -0.614603 0.409466 -0.674241
v -41.2884 -123.551 1459.78
vn -0.34167 -0.159547 -0.926178
v -41.2884 -122.751 1459.79
vn -0.612167 0.521631 -0.594267
v -40.6884 -123.083 1459.57
vn -0.526693 0.401884 -0.749055
v -40.6884 -122.951 1459.68
vn 0.943068 0.149947 0.296881
v -40.504 -122.951 1459.77
vn 0.978201 0.0205767 0.20664
v -40.4884 -123.151 1459.71
vn -0.113769 0.84214 -0.527122
v -40.4884 -122.951 1459.74
vn -0.435973 0.150592 -0.887271
v -41.0884 -122.351 1459.66
vn -0.443592 0.467598 -0.764577
v -41.0884 -121.551 1459.97
vn -0.224793 -0.0680017 -0.972031
v -40.6884 -122.351 1459.52
vn 0.992201 0.0316361 -0.120571
v -40.5649 -121.751 1460.57
vn -0.114344 -0.0665637 -0.991209
v -40.4884 -122.351 1459.5
vn 0.99719 0.0235881 -0.071108
v -40.4305 -121.951 1459.57
vn -0.300437 0.313655 -0.900754
v -40.4765 -121.751 1459.57
vn 0.961141 -0.0766608 0.2652
v -40.6024 -122.151 1461.57
vn 0.992498 0.117749 -0.0329097
v -40.5555 -121.551 1460.77
vn 0.977583 0.132791 0.163395
v -40.5837 -121.551 1461.37
vn 0.979276 0.197111 0.0465315
v -40.593 -121.351 1460.97
vn 0.991913 -0.125571 0.0184567
v -40.4884 -122.128 1460.97
vn 0.989796 0.139811 -0.0274924
v -40.4305 -121.751 1460.97
vn 0.929183 -0.0854214 0.359614
v -41.0884 -121.551 1462.93
vn -0.333374 0.47855 -0.812313
v -40.6884 -120.751 1460.44
vn 0.996555 0.00510224 0.082781
v -40.5272 -120.751 1460.57
vn -0.469696 0.420362 -0.776326
v -41.0884 -119.551 1461.09
vn -0.338102 0.310816 -0.888302
v -40.8884 -119.951 1460.86
vn -0.311666 0.287017 -0.905807
v -40.6478 -119.951 1460.77
vn -0.412867 0.312099 -0.855649
v -40.6884 -119.551 1460.87
vn 0.961868 -0.0892154 0.258556
v -40.5743 -119.351 1461.17
vn 0.969352 -0.03133 0.243669
v -40.7337 -118.751 1461.97
vn -0.616439 0.505095 -0.604054
v -40.8884 -118.501 1461.97
vn -0.637894 0.472108 -0.608444
v -40.8884 -117.951 1462.25
vn -0.573981 0.54747 -0.608953
v -40.6884 -118.751 1461.36
vn 0.957369 -0.104657 0.269242
v -40.6212 -118.751 1461.57
vn -0.595017 0.432353 -0.677514
v -40.8644 -117.151 1463.17
vn 0.92213 -0.31285 0.227597
v -40.7337 -117.151 1463.37
vn -0.585194 0.653828 -0.479643
v -40.8884 -116.449 1463.77
vn 0.908027 -0.286978 0.305172
v -41.4462 -117.551 1464.97
vn 0.890573 -0.296569 0.344858
v -41.0993 -116.551 1464.97
vn 0.791735 -0.439979 0.423761
v -40.8399 -116.951 1464.17
vn 0.562114 -0.352115 0.74836
v -40.8088 -116.151 1464.77
vn 0.80732 0.263531 -0.528002
v -40.6024 -116.351 1463.97
vn -0.566175 0.742813 -0.357317
v -41.0884 -115.943 1464.97
vn 0.16367 0.772149 -0.614002
v -40.6884 -115.855 1464.57
vn 0.949643 -0.288288 0.122755
v -40.5504 -115.951 1464.77
vn -0.459507 0.844521 -0.275023
v -40.6884 -115.79 1464.77
vn -0.0804265 0.996703 -0.0107517
v -41.4274 -115.951 1466.77
vn -0.0596752 -0.963433 -0.26122
v -39.4884 -146.715 1473.37
vn 0.359841 -0.916613 -0.174168
v -39.0884 -146.674 1473.57
vn 0.470406 -0.864776 -0.17573
v -38.8555 -146.751 1474.57
vn 0.967872 -0.0218902 0.250487
v -39.5899 -147.151 1477.57
vn -0.222875 -0.936285 -0.271472
v -38.8884 -144.921 1467.37
vn 0.606309 -0.789883 -0.0920555
v -38.4368 -146.151 1473.37
vn 0.83206 0.458854 0.311654
v -39.6884 -145.551 1476.88
vn -0.410391 -0.886223 -0.214911
v -38.6884 -143.362 1461.77
vn -0.217289 -0.937472 -0.271904
v -39.4884 -143.693 1463.97
vn -0.801583 -0.518068 -0.298447
v -38.4368 -142.151 1455.77
vn -0.729232 -0.614756 -0.300492
v -38.8024 -141.751 1456.57
vn -0.683516 -0.695683 -0.220979
v -38.6294 -142.351 1457.57
vn -0.435207 -0.855867 -0.279438
v -39.6884 -142.887 1460.97
vn 0.805303 0.536964 0.251311
v -38.8796 -141.951 1466.37
vn -0.646234 -0.586327 -0.488469
v -38.8884 -140.751 1455.18
vn -0.78354 -0.473699 -0.402087
v -38.6524 -141.151 1455.37
vn -0.734651 -0.398266 -0.549247
v -38.4884 -140.751 1454.7
vn 0.673518 0.688114 0.26995
v -39.543 -140.951 1466.77
vn -0.746387 -0.318867 -0.584149
v -39.0399 -139.951 1454.57
vn 0.856585 0.451742 0.249381
v -39.818 -139.151 1463.37
vn 0.847598 0.444226 0.290242
v -39.5868 -139.151 1462.37
vn 0.765476 0.58841 0.260423
v -39.443 -139.951 1463.97
vn 0.894965 0.249236 0.370026
v -38.5493 -137.551 1457.77
vn 0.805547 0.497127 0.322426
v -38.3118 -138.351 1457.97
vn 0.904544 0.315131 0.287214
v -39.8618 -137.351 1460.97
vn -0.46656 -0.0317017 -0.883921
v -38.4884 -135.751 1454.27
vn -0.68394 -0.0241408 -0.729138
v -39.7312 -136.351 1455.17
vn -0.632486 0.104634 -0.767472
v -39.2884 -135.751 1454.79
vn 0.915306 0.172206 0.364088
v -38.8884 -136.151 1457.99
vn 0.912887 0.196562 0.357773
v -39.6884 -136.551 1459.95
vn 0.903631 0.0941956 0.417825
v -39.3118 -133.951 1457.97
vn -0.494287 0.224394 -0.839838
v -39.2884 -132.751 1455.76
vn 0.932273 0.108052 0.345242
v -38.4399 -132.151 1456.37
vn -0.123218 0.204407 -0.9711
v -38.6884 -131.151 1455.87
vn -0.427436 0.277459 -0.860416
v -38.4884 -131.751 1455.68
vn 0.238164 0.139012 -0.961225
v -38.4884 -131.351 1455.89
vn -0.394977 0.295541 -0.869856
v -38.6884 -130.724 1455.97
vn 0.136083 0.193265 -0.971664
v -38.4868 -130.751 1455.97
vn 0.883116 -0.00922222 0.469065
v -39.718 -131.151 1458.97
vn -0.151364 -0.165345 -0.974551
v -39.2884 -129.751 1456.94
vn -0.117128 -0.0471359 -0.991998
v -39.2884 -129.151 1456.81
vn 0.75137 0.250408 -0.610523
v -39.1555 -129.151 1456.97
vn 0.956889 0.235498 0.17001
v -39.0024 -130.151 1456.97
vn -0.616655 0.498276 -0.609473
v -39.0761 -129.951 1456.77
vn 0.106509 0.701695 -0.704471
v -39.0712 -129.751 1456.97
vn 0.927957 0.0983353 0.359481
v -39.2118 -130.351 1457.97
vn 0.946341 0.0844586 0.311938
v -39.8274 -128.951 1459.17
vn -0.308528 0.273761 -0.91097
v -39.6884 -127.265 1457.57
vn 0.0430025 -0.978395 -0.202222
v -38.0884 -144.951 1466.8
vn 0.291039 -0.933393 -0.209938
v -37.8884 -145.134 1467.97
vn 0.777756 -0.622938 -0.0839302
v -37.6462 -144.951 1467.97
vn 0.530433 -0.844047 -0.0789049
v -38.2884 -145.899 1470.17
vn -0.042637 -0.949806 -0.30992
v -38.2884 -145.677 1469.17
vn 0.800913 -0.597872 0.0329619
v -37.8587 -145.551 1470.17
vn 0.991197 -0.0490078 0.122993
v -37.7118 -145.151 1469.97
vn 0.768589 -0.639596 -0.0137175
v -38.1587 -145.951 1471.77
vn 0.847236 -0.525031 0.0808358
v -37.9587 -145.551 1470.57
vn 0.958124 -0.25115 0.137559
v -37.8962 -145.351 1470.77
vn 0.98137 -0.166899 0.0951669
v -37.9212 -145.351 1471.17
vn 0.975113 0.146453 0.166451
v -37.9087 -145.151 1470.97
vn 0.973632 0.0379304 0.224947
v -38.2118 -145.551 1472.97
vn -0.0841937 -0.982297 -0.167343
v -37.4884 -143.255 1458.37
vn 0.18218 -0.959588 -0.214478
v -37.0884 -143.224 1458.57
vn -0.155802 -0.972093 -0.17539
v -37.6884 -143.502 1460.17
vn 0.408564 -0.907615 -0.0964916
v -37.2884 -143.455 1460.17
vn 0.0774393 -0.984602 -0.156726
v -37.0884 -143.421 1459.17
vn -0.411645 -0.892638 -0.183702
v -38.0884 -143.709 1461.57
vn 0.0855892 -0.987326 -0.133645
v -37.6884 -143.868 1461.57
vn 0.682161 -0.728688 -0.0605802
v -37.0939 -143.551 1461.37
vn 0.899899 -0.434977 -0.0312486
v -37.0118 -143.351 1462.17
vn -0.332777 -0.921069 -0.202218
v -38.0884 -143.837 1462.37
vn -0.0074256 -0.966903 -0.255035
v -37.8884 -144.099 1462.97
vn 0.165463 -0.963397 -0.21092
v -37.6884 -143.89 1462.37
vn 0.579513 -0.794949 -0.179502
v -37.2884 -143.949 1462.97
vn 0.569075 -0.811845 -0.130621
v -37.2884 -143.705 1462.37
vn -0.245561 -0.939086 -0.240453
v -38.2884 -144.337 1464.37
vn 0.289275 -0.935205 -0.204234
v -37.6884 -144.351 1464.44
vn 0.608277 -0.776268 -0.165552
v -37.4884 -144.405 1464.97
vn 0.730404 -0.671377 -0.125551
v -37.3803 -144.151 1464.57
vn 0.953351 -0.301528 0.0142607
v -37.2399 -143.951 1464.77
vn 0.839494 0.488326 0.238301
v -38.0884 -144.751 1471.05
vn -0.717886 -0.593166 -0.364408
v -36.7774 -142.151 1452.97
vn -0.555892 -0.790281 -0.25776
v -37.8884 -142.543 1455.57
vn -0.715042 -0.558665 -0.420249
v -37.7305 -142.151 1454.37
vn -0.381933 -0.902473 -0.199174
v -37.4884 -142.818 1455.77
vn -0.650107 -0.742677 -0.160597
v -38.2884 -142.615 1456.97
vn -0.360612 -0.922097 -0.140342
v -37.6884 -142.999 1456.97
vn 0.00254615 -0.99271 -0.120504
v -37.0884 -143.002 1456.17
vn 0.0504036 -0.994861 -0.0878096
v -37.0884 -143.151 1456.87
vn -0.48189 -0.86052 -0.165186
v -38.0884 -142.862 1457.77
vn -0.00791833 -0.997757 -0.0664692
v -37.2884 -143.127 1457.57
vn 0.192666 -0.980913 -0.0262587
v -37.0884 -143.099 1457.57
vn 0.876275 -0.480934 -0.0290591
v -36.8884 -142.995 1458.77
vn 0.86748 -0.497317 -0.0124068
v -36.9368 -143.151 1460.17
vn 0.882733 0.421145 0.208372
v -37.193 -142.551 1462.97
vn -0.786074 -0.121767 -0.60602
v -36.8712 -141.551 1452.37
vn -0.699476 -0.00858921 -0.714604
v -36.8212 -140.751 1452.37
vn -0.786763 -0.326883 -0.523595
v -37.6368 -140.151 1453.37
vn -0.832013 -0.333358 -0.443427
v -37.1399 -141.551 1452.97
vn -0.838013 -0.150177 -0.524577
v -37.2055 -141.151 1452.97
vn -0.756875 -0.218223 -0.616051
v -37.218 -140.551 1452.77
vn 0.83572 0.475142 0.275339
v -37.1384 -140.151 1457.37
vn -0.665267 -0.116188 -0.737509
v -37.0619 -139.951 1452.37
vn -0.644004 -0.386978 -0.65993
v -38.0884 -139.751 1453.51
vn -0.723731 -0.128528 -0.678008
v -37.9044 -139.351 1453.17
vn -0.70278 -0.355979 -0.615937
v -37.7368 -139.751 1453.17
vn -0.800841 -0.237754 -0.549661
v -37.5962 -139.751 1452.97
vn -0.641961 0.121621 -0.75703
v -37.6884 -138.751 1452.99
vn -0.706284 -0.0573861 -0.705599
v -37.4884 -139.517 1452.77
vn 0.890197 0.351443 0.289892
v -36.7649 -139.551 1455.77
vn 0.902184 0.274986 0.332334
v -37.3837 -139.151 1456.97
vn 0.86213 0.426964 0.272825
v -37.7368 -139.751 1458.37
vn 0.878891 0.365448 0.306592
v -37.7743 -138.951 1457.97
vn 0.904814 0.2694 0.329751
v -37.6149 -139.551 1457.57
vn 0.866341 0.396703 0.303448
v -37.593 -138.351 1456.17
vn -0.533872 0.219865 -0.816481
v -38.0884 -136.551 1454.01
vn -0.380318 0.0936657 -0.9201
v -37.2884 -135.751 1453.86
vn -0.592635 0.304673 -0.745626
v -37.0609 -136.551 1453.17
vn 0.961104 0.124248 0.24666
v -37.0524 -135.751 1453.97
vn 0.929194 0.128685 0.346466
v -37.1805 -135.951 1454.57
vn -0.413729 0.175783 -0.893268
v -38.0884 -135.151 1454.03
vn -0.301936 0.452309 -0.839196
v -37.4884 -134.151 1454.26
vn -0.28201 0.0858036 -0.955567
v -37.2884 -134.951 1453.81
vn 0.949844 0.127851 0.285395
v -37.1618 -134.751 1453.97
vn -0.341226 0.39269 -0.854025
v -37.2884 -134.551 1453.91
vn -0.322111 0.420204 -0.848336
v -37.8117 -134.151 1454.37
vn 0.747459 0.549019 -0.37401
v -37.3993 -134.151 1454.37
vn -0.406637 0.359306 -0.839967
v -38.2884 -131.951 1455.45
vn 0.465583 0.43038 -0.773308
v -38.2868 -131.751 1455.77
vn -0.731206 -0.485611 -0.479082
v -36.568 -142.151 1452.37
vn -0.461839 -0.773501 -0.434053
v -36.0884 -142.534 1452.37
vn -0.562136 -0.570952 -0.598346
v -36.0884 -142.151 1451.86
vn 0.962677 0.177237 0.204547
v -35.8884 -141.751 1452.64
vn -0.2853 -0.81986 -0.49642
v -35.6884 -142.351 1451.74
vn 0.925823 -0.363474 -0.103625
v -35.6399 -142.351 1452.17
vn -0.687935 -0.173456 -0.70474
v -35.6884 -141.641 1451.17
vn 0.559536 -0.517344 -0.647514
v -35.5587 -141.751 1451.37
vn -0.373079 -0.884613 -0.279772
v -36.0884 -142.777 1452.97
vn 0.12916 -0.985315 -0.111681
v -35.754 -142.751 1452.97
vn 0.367423 -0.929936 -0.0148326
v -36.6884 -142.994 1456.97
vn 0.280448 -0.955188 -0.0946783
v -36.6884 -142.909 1456.17
vn 0.898237 -0.394448 0.193859
v -36.6618 -142.751 1457.37
vn 0.975771 -0.148493 0.160687
v -36.3555 -142.351 1456.37
vn -0.67902 0.439722 -0.587858
v -36.0884 -140.351 1451.83
vn 0.980005 0.131166 0.14962
v -35.9618 -140.351 1451.97
vn -0.699848 -0.0585781 -0.711886
v -35.8297 -141.351 1451.37
vn 0 0 -1
v -35.8284 -141.151 1451.37
vn -0.708024 -0.0204791 -0.705891
v -35.8884 -141.061 1451.37
vn -0.719307 0.196456 -0.666335
v -35.8884 -140.551 1451.45
vn 0.956926 0.144643 0.251737
v -35.6884 -141.342 1451.57
vn -0.513653 0.410694 0.75332
v -35.6884 -141.151 1451.47
vn -0.626548 0.211709 -0.750078
v -35.6884 -140.932 1451.37
vn 0.797376 -0.239753 -0.553814
v -35.6884 -140.951 1451.4
vn 0.916185 0.313534 0.249602
v -36.6274 -140.951 1456.57
vn 0.988044 0.0454718 0.147312
v -36.4368 -141.551 1456.57
vn -0.541318 0.0440119 -0.839665
v -36.4884 -139.351 1452.07
vn 0.951908 0.217158 0.216131
v -36.2884 -139.751 1453.2
vn 0.107815 0.321659 -0.940697
v -36.4884 -138.151 1452.26
vn 0.962292 0.131415 0.238169
v -36.2884 -137.951 1452.35
vn 0.95755 0.155894 0.242476
v -36.58 -137.151 1452.97
vn 0.545564 -0.831281 -0.106448
v -61.0884 -133.592 1510.17
vn 0.9043 -0.340238 -0.257836
v -61.0884 -133.592 1510.17
vn 0.545564 -0.831281 -0.106448
v -61.0884 -133.643 1510.57
vn 0.366995 -0.559194 -0.743382
v -61.0884 -133.643 1510.57
vn -0.772327 -0.477004 0.419497
v -61.0884 -133.643 1510.57
vn -0.697524 -0.507205 0.506165
v -60.8474 -133.751 1510.77
vn 0.888647 -0.295849 0.3504
v -60.8474 -133.751 1510.77
vn -0.404206 -0.882672 0.239808
v -60.985 -132.751 1508.37
vn -0.832844 -0.529442 -0.161437
v -61.0884 -132.649 1508.57
vn -0.0905214 -0.493752 0.864878
v -61.0884 -132.649 1508.57
vn -0.404206 -0.882672 0.239808
v -61.0884 -132.649 1508.57
vn -0.150823 -0.822671 -0.548146
v -61.0884 -132.649 1508.57
vn -0.150823 -0.822671 -0.548146
v -61.0884 -132.751 1508.73
vn 0.958322 -0.222984 -0.178599
v -61.0884 -132.751 1508.73
vn 0.601472 -0.592393 0.536005
v -61.0884 -132.751 1508.73
vn -0.924448 -0.380256 0.0282892
v -61.0734 -132.551 1508.17
vn -0.910793 -0.196319 0.363202
v -60.8884 -133.199 1508.37
vn 0.659109 -0.57367 -0.486289
v -60.8884 -133.199 1508.37
vn 0.957731 -0.127118 0.258053
v -60.8884 -133.199 1508.37
vn 0.659109 -0.57367 -0.486289
v -60.8884 -133.029 1508.17
vn 0.141296 -0.98428 -0.10596
v -60.8884 -133.029 1508.17
vn 0.714335 -0.621737 0.3212
v -60.8884 -133.029 1508.17
vn 0.863619 -0.357095 0.355874
v -60.8198 -132.951 1508.17
vn -0.0905214 -0.493752 0.864878
v -60.8884 -132.751 1508.54
vn -0.404206 -0.882672 0.239808
v -60.8884 -132.751 1508.54
vn 0.946991 -0.131858 0.292953
v -60.8884 -132.751 1508.54
vn -0.150823 -0.822671 -0.548146
v -60.8884 -132.686 1508.57
vn 0.97715 -0.158312 0.141831
v -60.8884 -132.686 1508.57
vn 0.692276 -0.53927 0.479522
v -60.8884 -132.686 1508.57
vn -0.927236 -0.341287 0.154132
v -61.2029 -133.551 1510.37
vn 0.715589 -0.385527 -0.582496
v -60.9479 -133.551 1510.57
vn 0.923593 -0.148979 0.353245
v -60.8884 -133.163 1511.37
vn -0.475112 0.727937 -0.494345
v -61.0524 -131.351 1508.37
vn -0.222121 0.440777 0.8697
v -61.0524 -131.351 1508.37
vn -0.739723 -0.202694 -0.641658
v -60.7024 -130.751 1508.57
vn -0.739723 -0.202694 -0.641658
v -60.8212 -130.951 1508.77
vn -0.423064 0.739882 0.52306
v -60.8884 -130.419 1509.57
vn -0.247859 0.937073 -0.245885
v -60.8884 -130.419 1509.57
vn -0.75873 0.431612 0.487893
v -60.993 -130.951 1510.37
vn 0.958219 0.0232564 0.28509
v -60.8884 -131.951 1511.4
vn 0.745351 0.438425 0.50223
v -60.8884 -131.951 1511.4
vn 0.848267 -0.377844 0.371047
v -60.7837 -130.951 1510.37
vn 0.776808 0.421819 0.467587
v -60.7837 -130.951 1510.37
vn 0.246406 0.736871 0.629527
v -60.7837 -130.951 1510.37
vn -0.247859 0.937073 -0.245885
v -60.8884 -130.315 1509.97
vn 0.776808 0.421819 0.467587
v -60.8884 -130.315 1509.97
vn -0.713863 0.46215 0.526134
v -60.8884 -130.315 1509.97
vn 0.0400816 -0.997898 0.0509303
v -59.6884 -136.962 1507.97
vn 0 0 1
v -59.6884 -136.962 1507.97
vn 0.0400816 -0.997898 0.0509303
v -59.6884 -136.951 1508.19
vn 0.582111 -0.337695 0.739668
v -59.6884 -136.951 1508.19
vn 0.785556 0.0662015 0.615239
v -59.4118 -136.951 1507.97
vn 0 0 1
v -59.4118 -136.951 1507.97
vn 0 0 1
v -59.2884 -137.402 1507.97
vn 0.814307 0.235925 0.530324
v -59.2884 -137.402 1507.97
vn 0.365021 -0.487577 0.793113
v -59.2884 -137.402 1507.97
vn -0.762244 0.294169 0.576584
v -60.3337 -135.751 1508.57
vn 0 0.634013 0.773323
v -60.3305 -135.351 1508.37
vn -0.989883 0.0695516 0.123673
v -60.3305 -135.351 1508.37
vn 0.628727 0.477034 0.614117
v -60.2374 -135.351 1508.37
vn 0.0115985 -0.182119 0.983208
v -60.0071 -136.551 1508.57
vn -0.289308 -0.953848 0.0804713
v -59.7743 -136.751 1507.97
vn -0.289308 -0.953848 0.0804713
v -59.8884 -136.682 1508.37
vn 0.311772 -0.292279 0.904086
v -59.8884 -136.682 1508.37
vn 0.729045 -0.683464 -0.0370314
v -59.8884 -136.682 1508.37
vn -0.123268 -0.102723 0.987042
v -59.8884 -136.693 1508.57
vn 0.729045 -0.683464 -0.0370314
v -59.8884 -136.693 1508.57
vn 0.865854 -0.0517873 0.49761
v -59.8884 -136.693 1508.57
vn 0.729045 -0.683464 -0.0370314
v -59.7649 -136.551 1508.37
vn 0.848871 0.0649205 0.524599
v -59.7649 -136.551 1508.37
vn 0.846317 0.154166 0.509883
v -59.8884 -136.351 1508.61
vn 0.669852 -0.184682 0.719159
v -59.6884 -136.751 1508.28
vn -0.289308 -0.953848 0.0804713
v -59.6884 -136.751 1508.28
vn 0.311772 -0.292279 0.904086
v -59.6884 -136.751 1508.28
vn 0 0.55472 0.832037
v -60.2595 -135.951 1508.77
vn -0.928746 -0.357772 0.0971074
v -60.2595 -135.951 1508.77
vn 0.700722 0.382953 0.601943
v -60.2595 -135.951 1508.77
vn 0.146181 -0.257052 0.955278
v -60.2595 -135.951 1508.77
vn -0.988917 0.0295535 0.1455
v -60.6024 -134.751 1508.17
vn -0.969033 0.13 0.209939
v -60.573 -134.751 1508.37
vn 0.184226 0.538706 0.822105
v -60.573 -134.751 1508.37
vn 0.590594 -0.590594 0.549907
v -60.573 -134.751 1508.37
vn 0.717443 0.197555 0.668018
v -60.573 -134.751 1508.37
vn -0.98744 0.131479 0.0876105
v -60.6493 -134.351 1507.77
vn -0.705727 -0.666557 -0.240108
v -60.3524 -134.951 1507.97
vn 0 0.707134 0.70708
v -60.3524 -134.951 1507.97
vn 0.54455 -0.54455 0.637911
v -60.3524 -134.951 1507.97
vn 0 -0.707242 0.706972
v -60.3524 -134.951 1507.97
vn 0.568424 -0.568424 0.594801
v -60.4884 -134.852 1508.17
vn 0 -0.707242 0.706972
v -60.3868 -134.751 1508.17
vn 0.770585 0.256114 0.583613
v -60.3868 -134.751 1508.17
vn 0.78431 0.257356 0.564469
v -60.4884 -134.551 1508.22
vn 0 -0.707242 0.706972
v -60.2029 -134.951 1507.97
vn 0 0.707134 0.70708
v -60.2029 -134.951 1507.97
vn -0.791531 -0.517855 -0.324506
v -59.9649 -133.351 1504.37
vn 0.184226 0.538706 0.822105
v -60.5118 -133.551 1507.57
vn 0.776546 0.34465 0.52744
v -60.5118 -133.551 1507.57
vn -0.824229 -0.0515188 0.563907
v -60.5118 -133.551 1507.57
vn 0.527552 -0.177945 0.830677
v -60.5118 -133.551 1507.57
vn 0.141296 -0.98428 -0.10596
v -60.6884 -132.915 1507.37
vn -0.824229 -0.0515188 0.563907
v -60.6884 -132.915 1507.37
vn -0.784035 -0.619496 0.0389009
v -60.6884 -132.915 1507.37
vn -0.784035 -0.619496 0.0389009
v -60.64 -132.951 1507.77
vn 0.559501 -0.107101 0.821881
v -60.64 -132.951 1507.77
vn 0.762686 -0.548362 0.342941
v -60.64 -132.951 1507.77
vn -0.824229 -0.0515188 0.563907
v -60.4884 -133.151 1507.64
vn -0.784035 -0.619496 0.0389009
v -60.4884 -133.151 1507.64
vn 0.592299 0.460104 0.661427
v -60.6555 -131.151 1508.37
vn -0.222121 0.440777 0.8697
v -60.6555 -131.151 1508.37
vn -0.33861 0.671938 -0.658667
v -60.6555 -131.151 1508.37
vn -0.169374 -0.621906 0.764555
v -60.6884 -130.951 1508.26
vn 0.592299 0.460104 0.661427
v -60.6884 -130.951 1508.26
vn -0.222121 0.440777 0.8697
v -60.6884 -130.951 1508.26
vn -0.220756 -0.549982 0.805473
v -60.6884 -130.79 1508.37
vn 0.441093 -0.653485 -0.615138
v -60.6884 -130.79 1508.37
vn -0.369599 -0.920801 0.124586
v -60.6884 -130.79 1508.37
vn -0.964326 -0.264239 -0.0159277
v -60.6476 -130.951 1508.57
vn -0.739723 -0.202694 -0.641658
v -60.6476 -130.951 1508.57
vn 0.979127 -0.125632 -0.159769
v -60.6476 -130.951 1508.57
vn 0.485794 -0.719709 -0.496008
v -60.6476 -130.951 1508.57
vn 0.592299 0.460104 0.661427
v -60.4884 -131.079 1508.17
vn 0.806997 -0.340228 0.482702
v -60.4884 -131.079 1508.17
vn -0.369599 -0.920801 0.124586
v -60.4884 -130.87 1508.37
vn 0.781837 -0.557611 0.278929
v -60.4884 -130.87 1508.37
vn -0.369599 -0.920801 0.124586
v -60.4884 -130.843 1508.57
vn 0.754142 -0.650781 0.0880521
v -60.4884 -130.843 1508.57
vn 0.78539 -0.192612 0.588272
v -60.4884 -130.843 1508.57
vn 0.94769 -0.30212 -0.102994
v -60.4884 -130.843 1508.57
vn 0.520498 -0.771124 -0.366673
v -60.5212 -131.151 1509.17
vn -0.578446 0.58883 0.564516
v -60.4962 -129.351 1508.37
vn -0.768682 0.381541 0.513376
v -60.4774 -128.951 1507.97
vn 0.497785 0.359956 0.789077
v -60.2884 -129.351 1508.55
vn 0.226686 0.419983 0.878765
v -60.2884 -128.951 1508.26
vn 0.970259 -0.232465 0.0675073
v -60.0884 -129.551 1508.46
vn 0.246406 0.736871 0.629527
v -60.0884 -129.551 1508.46
vn 0.80635 0.404173 0.431791
v -60.6884 -130.351 1509.63
vn -0.414406 0.74063 0.5289
v -60.6884 -130.351 1509.63
vn 0.246406 0.736871 0.629527
v -60.6884 -130.351 1509.63
vn 0.669412 0.407428 0.6212
v -60.6884 -130.351 1509.63
vn -0.89003 0.444157 0.102812
v -60.2884 -128.326 1507.97
vn -0.109377 0.304374 0.946252
v -60.2884 -128.326 1507.97
vn 0.0137044 0.0755775 0.997046
v -60.0884 -128.551 1508.07
vn 0.492717 -0.0436125 0.869096
v -60.0884 -128.551 1508.07
vn -0.802357 0.449913 0.392174
v -60.0023 -127.951 1507.97
vn -0.534331 0.206859 0.819573
v -59.77 -127.351 1507.97
vn -0.038354 0.054372 0.997784
v -59.77 -127.351 1507.97
vn 0.47905 -0.184365 0.858208
v -59.6884 -127.551 1507.99
vn -0.0902912 0.0329947 0.995369
v -59.2884 -126.751 1508
vn 0.430502 -0.225916 0.873859
v -59.2884 -126.751 1508
vn 0.889035 -0.123145 0.440967
v -59.2884 -126.751 1508
vn 0.0504185 0.924255 0.378433
v -59.2884 -126.751 1508
vn 0.731465 0.506424 0.456612
v -59.2884 -126.751 1508
vn -0.028537 -0.839402 0.542762
v -58.027 -138.951 1506.57
vn 0.659634 -0.36913 0.654695
v -58.027 -138.951 1506.57
vn 0.845727 0.266165 0.462495
v -57.9368 -138.751 1506.57
vn 0.451363 -0.0877064 0.88802
v -58.0884 -138.751 1506.82
vn 0.794879 -0.35849 0.489542
v -58.0884 -138.751 1506.82
vn 0.79104 0.246251 0.560015
v -58.0884 -138.751 1506.82
vn 0.446287 -0.385707 0.807501
v -57.8884 -139.085 1506.37
vn -0.802792 -0.596232 -0.0057085
v -57.8884 -139.085 1506.37
vn 0.843358 0.255195 0.472887
v -57.7767 -138.951 1506.37
vn 0.797882 0.236984 0.554277
v -58.4884 -138.151 1507.08
vn 0.820671 0.241529 0.517844
v -58.7174 -137.951 1507.37
vn 0.464609 -0.33971 0.817762
v -58.6884 -138.254 1507.17
vn -0.85451 -0.517201 -0.0481223
v -58.6884 -138.254 1507.17
vn -0.244014 -0.169417 0.954859
v -57.8884 -132.951 1505.94
vn 0.935116 0.0802127 0.345143
v -57.6337 -130.351 1506.57
vn 0.952599 0.178049 0.246684
v -57.5618 -129.151 1506.37
vn 0.229292 -0.609064 0.759253
v -58.7641 -129.551 1507.77
vn 0.130723 0.712397 0.689494
v -58.0884 -129.351 1507.61
vn 0.716532 0.0671305 0.694317
v -58.0884 -129.351 1507.61
vn 0.577895 0.814475 0.0516507
v -57.6884 -129.112 1507.17
vn 0.205858 0.835801 0.508979
v -57.6884 -129.112 1507.17
vn -0.88021 0.462805 -0.105084
v -57.7743 -128.551 1497.17
vn 0.0478336 0.876869 0.478344
v -58.6884 -125.627 1505.17
vn 0.677924 0.501844 0.537188
v -58.2884 -125.649 1505.17
vn 0.121038 0.728633 0.674125
v -58.4884 -125.359 1504.77
vn 0.243059 0.668423 0.702946
v -57.9312 -125.351 1504.57
vn 0.790125 -0.122963 0.600485
v -57.9312 -125.351 1504.57
vn -0.753469 0.299291 0.585414
v -56.1024 -141.951 1504.57
vn -0.425091 -0.468274 0.774608
v -56.0024 -142.151 1504.57
vn -0.253695 -0.934475 0.249792
v -56.8837 -140.751 1505.17
vn -0.253695 -0.934475 0.249792
v -56.6884 -140.751 1505.37
vn -0.00069221 -0.399892 0.916562
v -56.6884 -140.751 1505.37
vn 0.602229 -0.0486593 0.796839
v -56.6884 -140.751 1505.37
vn -0.00069221 -0.399892 0.916562
v -56.4884 -141.206 1505.17
vn 0 0 1
v -57.0884 -140.314 1505.57
vn 0.0797636 -0.792632 0.604461
v -57.0884 -140.314 1505.57
vn -0.471266 0.332137 0.817064
v -57.0884 -140.151 1505.79
vn 0.0797636 -0.792632 0.604461
v -57.0884 -140.151 1505.79
vn 0.783953 0.233786 0.575119
v -57.0884 -140.151 1505.79
vn -0.253695 -0.934475 0.249792
v -56.8884 -140.643 1505.57
vn 0.688577 -0.0272528 0.724651
v -56.8884 -140.643 1505.57
vn 0 0 1
v -56.8884 -140.643 1505.57
vn 0.0797636 -0.792632 0.604461
v -56.8884 -140.294 1505.57
vn 0.7645 0.160716 0.624268
v -56.8884 -140.294 1505.57
vn 0.336045 -0.486855 0.806254
v -56.2884 -138.551 1504.09
vn -0.028537 -0.839402 0.542762
v -57.4884 -139.616 1505.57
vn -0.802792 -0.596232 -0.0057085
v -57.4884 -139.616 1505.57
vn -0.616521 -0.330228 0.714739
v -57.4884 -139.616 1505.57
vn 0.31706 -0.948362 -0.00907991
v -57.4884 -139.616 1505.57
vn 0.562442 -0.318208 0.763153
v -57.4884 -139.619 1505.97
vn 0.31706 -0.948362 -0.00907991
v -57.4884 -139.619 1505.97
vn -0.471266 0.332137 0.817064
v -57.2884 -139.951 1505.59
vn -0.616521 -0.330228 0.714739
v -57.2884 -139.951 1505.59
vn 0.256004 -0.405446 0.87754
v -57.2884 -139.951 1505.59
vn 0.31706 -0.948362 -0.00907991
v -57.2884 -139.551 1505.78
vn 0.788349 0.010277 0.615143
v -57.2884 -139.551 1505.78
vn 0.256004 -0.405446 0.87754
v -57.2884 -139.551 1505.78
vn 0.781074 0.243004 0.575215
v -57.0884 -139.751 1505.62
vn 0.256004 -0.405446 0.87754
v -57.0884 -139.751 1505.62
vn -0.287962 -0.215059 0.933181
v -57.4884 -135.751 1505.42
vn 0.4932 -0.268395 0.827477
v -57.4884 -135.751 1505.42
vn -0.201087 0.51151 0.835417
v -56.8884 -135.951 1505.11
vn -0.208301 -0.388112 0.897764
v -56.8884 -135.951 1505.11
vn -0.281556 -0.439394 0.853029
v -56.6348 -135.951 1505.17
vn 0.510412 -0.421226 0.749699
v -56.6884 -135.551 1504.92
vn -0.166985 0.420951 0.891581
v -56.6884 -135.551 1504.92
vn -0.138049 0.202365 0.969531
v -56.4884 -135.351 1504.92
vn 0.360109 0.558591 0.747194
v -56.4884 -135.351 1504.92
vn 0.931421 0.138979 0.336361
v -56.4884 -135.351 1504.92
vn 0.810256 0.388825 0.43852
v -56.1124 -135.951 1505.17
vn -0.353205 0.442427 0.824321
v -56.2884 -135.951 1505.32
vn 0.559476 -0.4973 0.663083
v -56.2884 -135.951 1505.32
vn 0.596624 0.379519 0.707111
v -56.2884 -135.951 1505.32
vn -0.0611012 0.203939 0.977075
v -56.2884 -135.553 1504.97
vn 0.597885 0.557615 0.575847
v -56.2884 -135.553 1504.97
vn 0.672689 0.527002 0.519383
v -56.2884 -135.674 1505.17
vn 0.882663 0.414861 0.220897
v -56.2837 -133.951 1503.77
vn 0.925778 0.229353 0.300554
v -56.9337 -133.951 1505.57
vn 0.454844 -0.15716 0.876594
v -57.4884 -133.351 1505.97
vn 0.389351 -0.254625 0.885196
v -57.4884 -131.351 1506.22
vn 0.954821 0.0330989 0.295334
v -57.4884 -131.351 1506.22
vn 0.496113 -0.108988 0.86139
v -57.4884 -131.351 1506.22
vn -0.88158 0.459353 -0.108684
v -57.1962 -127.951 1494.97
vn 0.254001 0.787674 0.561297
v -57.1346 -124.151 1502.97
vn 0.799662 0.227983 0.555486
v -57.4884 -124.534 1503.97
vn -0.893218 0.237451 -0.381809
v -56.0337 -123.551 1494.17
vn 0.643323 0.432893 0.631458
v -56.6884 -123.351 1502.01
vn -0.739318 -0.634696 0.224878
v -54.6884 -144.106 1503.97
vn 0.812684 0.257552 0.522696
v -54.6884 -144.106 1503.97
vn 0.398709 -0.565803 0.721732
v -54.6884 -144.106 1503.97
vn -0.572379 -0.499625 0.650198
v -55.7821 -142.351 1504.57
vn 0.568457 -0.577467 0.585994
v -55.7821 -142.351 1504.57
vn 0.641977 -0.652153 0.40319
v -55.8884 -142.252 1504.77
vn -0.753469 0.299291 0.585414
v -55.8884 -142.194 1504.97
vn 0.686994 -0.697883 0.202484
v -55.8884 -142.194 1504.97
vn 0.837631 0.248651 0.486362
v -55.8884 -142.194 1504.97
vn 0.641977 -0.652153 0.40319
v -55.7852 -142.151 1504.77
vn 0.836042 0.332182 0.436679
v -55.7852 -142.151 1504.77
vn 0.250901 -0.356104 0.900133
v -55.7852 -142.151 1504.77
vn -0.00069221 -0.399892 0.916562
v -55.8884 -141.951 1504.85
vn 0.501638 -0.0421209 0.864052
v -55.8884 -141.951 1504.85
vn 0.823739 0.245006 0.511299
v -55.8884 -141.951 1504.85
vn -0.585995 -0.670312 0.455293
v -55.8884 -141.951 1504.85
vn -0.777966 -0.570707 0.262796
v -55.4855 -142.951 1504.37
vn -0.572379 -0.499625 0.650198
v -55.4855 -142.951 1504.37
vn 0.839703 0.368164 0.399193
v -55.2884 -142.751 1504.4
vn 0.207568 -0.682116 0.701165
v -55.2884 -139.351 1503.22
vn 4.68369e-006 -0.184171 0.982894
v -55.2884 -139.351 1503.22
vn -0.49058 -0.607627 0.624596
v -55.2884 -139.351 1503.22
vn 0.979744 -0.0416293 0.195878
v -55.2884 -138.777 1503.77
vn -0.520313 -0.601302 0.606391
v -55.2884 -138.777 1503.77
vn 0.67992 0.399852 0.614677
v -55.2884 -138.777 1503.77
vn 0.186173 -0.27009 0.944665
v -55.0884 -139.551 1503.18
vn 0.616967 0.575939 0.536326
v -54.8884 -139.151 1503.77
vn 0.407507 -0.447782 0.795883
v -54.8884 -139.151 1503.77
vn 0.700269 0.0465774 0.712358
v -54.8884 -139.151 1503.77
vn -0.0507909 0.393497 0.917922
v -55.8884 -136.951 1504.76
vn -0.432449 -0.344139 0.8334
v -55.6884 -137.76 1504.57
vn 0.236318 0.227865 0.94458
v -55.6884 -137.151 1504.86
vn 0.158659 0.340859 0.92663
v -55.6346 -136.951 1504.77
vn 0.796623 0.406394 0.447477
v -55.6346 -136.951 1504.77
vn 0.958174 0.0135763 0.285865
v -55.3962 -137.551 1504.57
vn -0.282093 -0.404064 0.870147
v -55.4884 -137.469 1504.77
vn 0.906044 -0.0133638 0.422973
v -55.4884 -137.469 1504.77
vn 0.374856 -0.00552899 0.927067
v -55.4884 -137.469 1504.77
vn 0.892687 0.26181 0.366831
v -55.4837 -137.151 1504.77
vn -0.849111 0.477621 -0.225587
v -55.6024 -125.751 1491.37
vn -0.911693 0.0193814 -0.410414
v -55.8884 -125.351 1492.83
vn 0.622024 0.481999 0.61706
v -55.0884 -121.124 1498.77
vn -0.0675609 -0.733255 0.676589
v -53.043 -146.951 1502.17
vn 0.156403 -0.426499 0.890863
v -52.8884 -147.351 1502.35
vn 0.644677 0.0707704 0.761172
v -52.8884 -147.351 1502.35
vn -0.191279 -0.739891 0.64496
v -53.2419 -146.551 1502.57
vn 0.432208 -0.644196 0.631037
v -53.2419 -146.551 1502.57
vn 0.816431 0.171025 0.551535
v -52.9815 -146.751 1502.37
vn 0.0572622 -0.714629 0.697156
v -52.9815 -146.751 1502.37
vn 0.398709 -0.565803 0.721732
v -54.0884 -144.959 1502.97
vn -0.30331 0.430424 0.85014
v -54.0884 -144.959 1502.97
vn -0.444601 -0.800178 0.402547
v -53.7462 -145.951 1502.97
vn -0.740924 0.0316746 0.670841
v -53.7462 -145.951 1502.97
vn -0.740924 0.0316746 0.670841
v -53.565 -145.951 1503.17
vn 0.644809 -0.240651 0.725471
v -53.565 -145.951 1503.17
vn 0.568052 0.518508 0.639113
v -53.565 -145.951 1503.17
vn -0.388314 -0.698875 0.600654
v -53.6884 -145.882 1503.17
vn -0.30331 0.430424 0.85014
v -53.6884 -145.551 1503.42
vn -0.311572 -0.560757 0.767121
v -53.6884 -145.551 1503.42
vn 0.644809 -0.240651 0.725471
v -53.6884 -145.551 1503.42
vn 0.863329 0.325997 0.385213
v -53.6884 -145.551 1503.42
vn 0.469326 -0.69952 0.538893
v -53.4884 -146.324 1502.97
vn -0.740924 0.0316746 0.670841
v -53.4884 -146.151 1503.27
vn 0.500376 -0.745799 0.439781
v -53.4884 -146.151 1503.27
vn 0.713758 0.356799 0.602697
v -53.4884 -146.151 1503.27
vn 0.644809 -0.240651 0.725471
v -53.3399 -145.951 1502.97
vn 0.469326 -0.69952 0.538893
v -53.2884 -146.19 1502.97
vn 0.874662 0.128345 0.467433
v -53.2884 -146.19 1502.97
vn -0.30331 0.430424 0.85014
v -53.793 -144.751 1502.97
vn 0.829059 0.317871 0.460021
v -53.793 -144.751 1502.97
vn -0.308911 -0.582232 0.752051
v -54.2884 -140.88 1502.17
vn 0.612407 -0.440822 0.656227
v -53.2884 -140.951 1501.98
vn -0.438332 -0.674034 0.594595
v -54.2884 -140.151 1502.6
vn 0.934216 0.319386 0.158846
v -53.443 -140.551 1502.57
vn 0.0823333 -0.544638 0.83462
v -53.443 -140.551 1502.57
vn 0.619323 0.0599886 0.782841
v -53.443 -140.551 1502.57
vn 0.308066 -0.402549 0.862003
v -54.212 -139.951 1502.97
vn 0.660763 0.0533611 0.748695
v -54.0884 -139.751 1503.02
vn 0.660763 0.0533611 0.748695
v -54.0649 -139.351 1502.97
vn 0.083269 0.820553 0.565472
v -53.0024 -119.351 1495.37
vn 0.870615 -0.166444 0.462953
v -53.0024 -119.351 1495.37
vn 0.620092 0.48117 0.619647
v -53.0024 -119.351 1495.37
vn 0.926927 -0.0869891 0.365021
v -53.8524 -120.751 1496.97
vn -0.0513295 0.563534 0.824497
v -53.6884 -119.951 1496.08
vn 0.54314 0.356642 0.760135
v -53.6884 -119.734 1495.97
vn 0.912487 -0.0872893 0.399684
v -53.4884 -120.151 1496.03
vn 0.240847 0.865353 0.439497
v -54.2884 -120.751 1497.62
vn -0.435054 -0.879739 0.191799
v -51.2884 -150.151 1500.23
vn 0.56564 -0.786045 -0.249369
v -51.2884 -150.151 1500.23
vn 0.947372 -0.0488231 0.31639
v -51.1363 -150.151 1500.57
vn 0.56564 -0.786045 -0.249369
v -51.1363 -150.151 1500.57
vn 0.757611 -0.545442 0.358495
v -51.1363 -150.151 1500.57
vn -0.865972 -0.49243 -0.0872046
v -51.6529 -149.951 1501.17
vn -0.796646 -0.297834 0.525975
v -51.6529 -149.951 1501.17
vn -0.796646 -0.297834 0.525975
v -51.5209 -149.951 1501.37
vn 0.622475 0.301794 0.722112
v -51.5209 -149.951 1501.37
vn -0.493398 0.085387 0.865602
v -51.5209 -149.951 1501.37
vn 0.850499 -0.466147 0.243635
v -51.2884 -150.324 1500.77
vn 0.56564 -0.786045 -0.249369
v -51.2884 -150.324 1500.77
vn -0.356031 -0.849256 0.389881
v -51.2884 -150.324 1500.77
vn 0.562392 0.192697 0.804104
v -51.2884 -150.115 1501.17
vn -0.220578 -0.864422 0.451797
v -51.2884 -150.115 1501.17
vn 0.156403 -0.426499 0.890863
v -52.2884 -148.336 1501.77
vn 0.359741 -0.909571 0.208008
v -52.2884 -148.336 1501.77
vn 0.82989 -0.0936716 0.550007
v -52.2884 -148.336 1501.77
vn 0.359741 -0.909571 0.208008
v -52.0884 -148.394 1501.17
vn -0.970114 -0.239774 -0.0372553
v -52.0884 -148.394 1501.17
vn 0 0 1
v -52.0884 -148.394 1501.17
vn -0.796646 -0.297834 0.525975
v -51.8024 -149.551 1501.17
vn -0.282427 0.0212425 0.959053
v -51.8024 -149.551 1501.17
vn 0.885916 0.174749 0.42967
v -51.8884 -148.315 1501.17
vn 0.359741 -0.909571 0.208008
v -51.8884 -148.315 1501.17
vn -0.169219 -0.0117657 0.985508
v -51.8884 -148.315 1501.17
vn 0.404706 0.225105 0.886307
v -51.6884 -149.351 1501.22
vn -0.8769 -0.46606 -0.11762
v -52.1805 -147.151 1495.57
vn 0.830989 0.136474 0.539289
v -52.3774 -147.951 1501.97
vn 0.742543 0.0228933 0.669407
v -51.2555 -143.751 1498.97
vn 0.946846 -0.23475 0.219942
v -52.0703 -143.351 1499.97
vn 0.971477 -0.0556508 0.230513
v -51.8884 -142.951 1498.57
vn 0.939507 0.092146 0.329904
v -51.6532 -142.951 1497.97
vn 0.732451 0.661235 0.162121
v -51.9743 -143.151 1499.77
vn 0.987912 -0.105715 0.113374
v -51.9743 -143.151 1499.77
vn 0.981786 0.147679 0.119528
v -51.968 -142.751 1500.17
vn -0.486168 0.869816 -0.0840303
v -51.5661 -136.151 1482.57
vn -0.898469 -0.0462205 -0.436597
v -51.2884 -136.015 1482.37
vn -0.643241 0.581169 -0.498481
v -51.2884 -136.015 1482.37
vn -0.914937 -0.0262309 -0.402744
v -51.5087 -128.351 1483.17
vn 0.611845 0.436339 0.659738
v -51.4884 -117.696 1492.57
vn -0.957758 0.264629 0.112565
v -50.4212 -151.351 1498.97
vn -0.309386 -0.948511 0.0678789
v -50.4212 -151.351 1498.97
vn -0.932311 -0.321333 0.165953
v -50.1743 -151.751 1498.57
vn 0.140901 -0.749024 -0.647387
v -50.1743 -151.751 1498.57
vn 0 -1 0
v -49.8963 -152.351 1498.97
vn -0.992133 0.0922645 -0.0846135
v -49.8963 -152.351 1498.97
vn 0.631198 -0.148337 0.761305
v -49.8963 -152.351 1498.97
vn 0.970633 -0.228107 -0.0764137
v -49.8963 -152.351 1498.97
vn -0.884873 -0.360239 -0.295344
v -49.7923 -152.351 1498.57
vn -0.580738 0.758358 -0.296035
v -49.7923 -152.351 1498.57
vn -0.748552 -0.273233 0.604163
v -49.7923 -152.351 1498.57
vn -0.673595 -0.493776 -0.549959
v -49.8884 -152.351 1498.76
vn 0.495117 -0.580443 -0.646487
v -49.8884 -152.351 1498.76
vn -0.580738 0.758358 -0.296035
v -49.8884 -152.351 1498.76
vn -0.753562 0.619546 -0.219789
v -49.807 -152.151 1498.37
vn 0.738861 -0.628697 0.242537
v -49.807 -152.151 1498.37
vn 0.935317 -0.191408 -0.297566
v -49.807 -152.151 1498.37
vn -0.152079 -0.98659 -0.0592655
v -49.807 -152.151 1498.37
vn -0.748552 -0.273233 0.604163
v -49.8653 -152.151 1498.57
vn -0.753562 0.619546 -0.219789
v -49.8653 -152.151 1498.57
vn 0 0.209483 0.977812
v -49.8653 -152.151 1498.57
vn 0 0.97836 0.206909
v -49.8653 -152.151 1498.57
vn 0.495117 -0.580443 -0.646487
v -49.8884 -152.151 1498.58
vn -0.152079 -0.98659 -0.0592655
v -49.8884 -152.151 1498.58
vn 0.970633 -0.228107 -0.0764137
v -49.8493 -152.151 1498.97
vn -0.666968 0.333484 0.66629
v -49.8884 -152.151 1499.1
vn -0.915488 -0.186488 0.356515
v -49.8884 -152.151 1499.1
vn 0.140901 -0.749024 -0.647387
v -49.8884 -152.151 1499.1
vn 0.953863 0.141681 0.26471
v -49.8884 -152.151 1499.1
vn 0.778967 -0.596062 0.194731
v -49.8884 -152.151 1499.1
vn 0.935317 -0.191408 -0.297566
v -49.7024 -151.951 1498.57
vn 0.822581 0.381491 0.421693
v -49.7024 -151.951 1498.57
vn 0.884324 -0.0335388 0.465667
v -49.6884 -152.492 1498.77
vn 0.774896 -0.584811 -0.239859
v -49.6884 -152.492 1498.77
vn -0.767159 -0.565182 -0.303376
v -49.6884 -152.246 1498.17
vn 0.750475 -0.598672 -0.279961
v -49.6884 -152.246 1498.17
vn -0.580738 0.758358 -0.296035
v -49.6884 -152.193 1498.77
vn -0.748552 -0.273233 0.604163
v -49.6884 -152.193 1498.77
vn 0.875762 0.159025 0.455799
v -49.6884 -152.193 1498.77
vn 0.935317 -0.191408 -0.297566
v -49.6884 -152.193 1498.77
vn -0.152079 -0.98659 -0.0592655
v -49.6884 -152.193 1498.77
vn 0 0.97836 0.206909
v -49.6884 -152.193 1498.77
vn -0.224355 -0.967948 0.112873
v -49.6884 -152.046 1497.77
vn 0.653578 -0.551463 0.518387
v -49.6884 -152.141 1497.97
vn 0.724257 -0.611099 -0.319391
v -49.6884 -152.141 1497.97
vn 0 0.209483 0.977812
v -49.6524 -152.151 1498.57
vn 0 0.97836 0.206909
v -49.6524 -152.151 1498.57
vn 0.937952 0.00854246 0.34666
v -49.5274 -151.951 1497.97
vn 0.738861 -0.628697 0.242537
v -49.6884 -151.951 1498.53
vn 0.908844 0.314327 0.274227
v -49.6884 -151.951 1498.53
vn 0 0.209483 0.977812
v -49.6884 -151.951 1498.53
vn 0.81173 -0.559758 0.16663
v -50.6884 -151.468 1500.57
vn -0.332983 -0.860658 -0.385215
v -50.6884 -151.468 1500.57
vn 0.850539 0.389988 0.352835
v -50.6073 -151.351 1500.57
vn -0.838982 0.444079 0.314488
v -50.6884 -151.351 1500.77
vn 0.779306 -0.537398 0.322313
v -50.6884 -151.351 1500.77
vn 0.813214 0.474932 0.336337
v -50.6884 -151.351 1500.77
vn -0.872193 0.0245398 0.488547
v -50.3134 -152.351 1500.37
vn 0.325016 -0.888439 0.324101
v -50.3134 -152.351 1500.37
vn 0.663777 -0.0870501 0.742848
v -50.3134 -152.351 1500.37
vn -0.948195 0.0869814 0.30555
v -50.4197 -152.151 1500.17
vn -0.99822 0.0460999 0.0378363
v -50.431 -151.951 1499.77
vn -0.445759 0.710614 0.544359
v -50.4142 -151.751 1499.97
vn 0.823221 -0.567682 0.00664948
v -50.4884 -151.188 1499.77
vn 0.913072 0.238023 0.331126
v -50.4884 -151.188 1499.77
vn 0.442193 -0.40996 0.797745
v -50.4884 -151.188 1499.77
vn -0.249343 0.681585 0.687946
v -50.2884 -152.415 1500.17
vn 0.325016 -0.888439 0.324101
v -50.2884 -152.415 1500.17
vn -0.730208 -0.649241 0.212796
v -50.109 -152.551 1500.37
vn -0.249343 0.681585 0.687946
v -50.109 -152.551 1500.37
vn 0.825589 0.345043 0.446485
v -50.109 -152.551 1500.37
vn 0.663777 -0.0870501 0.742848
v -50.2884 -151.951 1500.4
vn 0.884594 0.367329 0.287337
v -50.2884 -151.951 1500.4
vn -0.514176 0.707084 0.485444
v -50.2884 -151.951 1500.4
vn -0.445759 0.710614 0.544359
v -50.2884 -151.551 1499.81
vn 0.351495 0.714942 0.604408
v -50.2884 -151.551 1499.81
vn -0.309386 -0.948511 0.0678789
v -50.2884 -151.351 1499.58
vn 0.828629 0.367618 0.422173
v -50.2884 -151.351 1499.58
vn 0.442193 -0.40996 0.797745
v -50.2884 -151.351 1499.58
vn -0.373703 0.708343 0.598829
v -50.2884 -151.351 1499.58
vn 0.351495 0.714942 0.604408
v -50.2884 -151.351 1499.58
vn 0.902421 -0.395312 0.171358
v -50.0477 -152.751 1499.97
vn -0.257646 -0.841596 -0.474695
v -50.0477 -152.751 1499.97
vn 0.920919 0.282021 0.269022
v -50.0009 -152.551 1500.17
vn -0.992133 0.0922645 -0.0846135
v -49.9134 -152.351 1499.17
vn -0.666968 0.333484 0.66629
v -49.9134 -152.351 1499.17
vn -0.52291 0.261455 -0.811299
v -49.9134 -152.351 1499.17
vn 0.140901 -0.749024 -0.647387
v -50.0884 -152.351 1499.29
vn -0.257646 -0.841596 -0.474695
v -50.0884 -152.351 1499.29
vn 0 -1 0
v -50.0884 -152.351 1499.29
vn -0.121689 0.969245 0.213908
v -50.0884 -152.351 1499.29
vn -0.52291 0.261455 -0.811299
v -50.0884 -152.351 1499.29
vn 0.392198 0.138905 -0.909333
v -50.0884 -152.351 1499.29
vn 0.778967 -0.596062 0.194731
v -50.0884 -152.351 1499.29
vn 0.325016 -0.888439 0.324101
v -50.0884 -152.341 1500.17
vn 0.663777 -0.0870501 0.742848
v -50.0884 -152.341 1500.17
vn 0.839771 0.406121 0.360346
v -50.0884 -152.341 1500.17
vn 0.778967 -0.596062 0.194731
v -49.9571 -152.151 1499.37
vn 0.970542 0.156257 0.183388
v -49.9571 -152.151 1499.37
vn 0.970633 -0.228107 -0.0764137
v -49.8805 -152.351 1499.17
vn 0.984343 0.0370717 0.17232
v -49.8805 -152.351 1499.17
vn -0.257646 -0.841596 -0.474695
v -49.8805 -152.351 1499.17
vn 0.974332 0.15223 0.16584
v -49.8884 -152.301 1499.17
vn -0.121689 0.969245 0.213908
v -49.8884 -152.301 1499.17
vn -0.52291 0.261455 -0.811299
v -49.8884 -152.301 1499.17
vn 0.392198 0.138905 -0.909333
v -49.8884 -152.345 1499.37
vn 0.920908 0.326158 0.213422
v -49.8884 -152.345 1499.37
vn 0.987686 -0.148841 0.0481962
v -49.8884 -152.345 1499.37
vn 0.351495 0.714942 0.604408
v -50.1868 -150.551 1498.57
vn -0.868953 0.328499 0.370148
v -50.9016 -150.551 1500.37
vn 0.500613 -0.855721 0.130874
v -50.9016 -150.551 1500.37
vn 0.953339 0.170378 0.249229
v -50.9016 -150.551 1500.37
vn -0.680022 -0.694978 -0.233614
v -50.9964 -150.351 1499.97
vn -0.905403 -0.411508 0.104433
v -50.9964 -150.351 1499.97
vn -0.868953 0.328499 0.370148
v -50.9964 -150.351 1499.97
vn 0.757611 -0.545442 0.358495
v -50.9964 -150.351 1499.97
vn -0.332983 -0.860658 -0.385215
v -50.8149 -151.151 1499.97
vn -0.309386 -0.948511 0.0678789
v -50.8149 -151.151 1499.97
vn 0.442193 -0.40996 0.797745
v -50.8149 -151.151 1499.97
vn 0.575933 -0.588613 0.567306
v -50.8412 -150.751 1499.77
vn 0.581355 -0.568754 0.581847
v -50.8884 -150.604 1499.97
vn 0.622263 -0.778029 0.0863668
v -50.8884 -150.604 1499.97
vn 0.729716 -0.682586 0.039889
v -50.8384 -150.551 1499.97
vn 0.700535 -0.0478067 0.712015
v -50.8384 -150.551 1499.97
vn 0.992035 0.113694 0.0542283
v -50.8384 -150.551 1499.97
vn 0.977925 0.142801 0.152546
v -50.8493 -150.551 1500.17
vn 0.757611 -0.545442 0.358495
v -50.8884 -150.151 1500.05
vn 0.84538 0.176039 0.504323
v -50.8884 -150.151 1500.05
vn 0.977925 0.142801 0.152546
v -50.8884 -150.151 1500.05
vn 0.728964 0.524469 0.439935
v -50.6884 -151.07 1500.37
vn 0.581355 -0.568754 0.581847
v -50.6884 -150.551 1499.83
vn 0.829993 0.295473 0.473082
v -50.6884 -150.551 1499.83
vn 0.808811 0.549382 0.20977
v -49.6884 -145.951 1497.33
vn -0.912676 0.208003 -0.351792
v -50.4884 -134.751 1480.6
vn -0.877412 0.4206 -0.230748
v -49.9368 -131.951 1478.17
vn -0.715663 0.0640722 -0.6955
v -49.9368 -131.951 1478.17
vn 0.723993 0.394858 0.565616
v -51.0884 -117.551 1492.15
vn 0.216277 -0.975205 0.0469032
v -48.6884 -151.599 1495.37
vn -0.0189775 -0.835668 0.548907
v -48.6884 -151.599 1495.37
vn 0.895545 0.0359428 0.443518
v -48.6884 -151.551 1495.85
vn -0.725813 -0.615096 -0.307982
v -48.4884 -151.735 1495.17
vn 0.259496 -0.863544 -0.432381
v -48.4884 -151.735 1495.17
vn 0.773142 -0.530103 0.348198
v -48.4884 -151.735 1495.17
vn -0.00156897 -0.999181 0.0404302
v -48.4884 -151.551 1494.81
vn 0.259496 -0.863544 -0.432381
v -48.4884 -151.551 1494.81
vn -0.0189775 -0.835668 0.548907
v -48.4884 -151.551 1495.45
vn 0.908552 0.0473733 0.415077
v -48.4884 -151.551 1495.45
vn 0.773142 -0.530103 0.348198
v -48.4884 -151.551 1495.45
vn 0.259496 -0.863544 -0.432381
v -48.2884 -151.575 1494.97
vn 0.773142 -0.530103 0.348198
v -48.2884 -151.575 1494.97
vn 0.875977 -0.058924 0.478741
v -48.2884 -151.575 1494.97
vn 0.30631 -0.909847 -0.279915
v -49.2884 -151.802 1496.77
vn 0.127766 -0.903159 0.409854
v -49.2884 -151.802 1496.77
vn 0.127766 -0.903159 0.409854
v -49.0884 -151.865 1496.57
vn 0.660702 -0.660724 -0.356254
v -49.0884 -151.865 1496.57
vn 0.67328 -0.673303 0.305545
v -49.0884 -151.865 1496.57
vn -0.593002 -0.693064 -0.409891
v -49.0884 -151.649 1496.17
vn 0.738405 -0.572694 -0.35606
v -49.0884 -151.649 1496.17
vn 0.67328 -0.673303 0.305545
v -48.9743 -151.751 1496.57
vn 0.924498 0.144444 0.352761
v -48.9743 -151.751 1496.57
vn 0.923109 0.0623739 0.379447
v -49.0884 -151.751 1496.82
vn 0.127766 -0.903159 0.409854
v -49.0884 -151.751 1496.82
vn 0.67328 -0.673303 0.305545
v -49.0884 -151.751 1496.82
vn 0.746856 -0.66051 0.0770226
v -49.0884 -151.751 1496.82
vn 0.93802 -0.00158295 0.346578
v -48.943 -151.551 1496.37
vn 0.805928 -0.476769 -0.350957
v -48.943 -151.551 1496.37
vn -0.224355 -0.967948 0.112873
v -49.4884 -152.116 1497.57
vn 0.30631 -0.909847 -0.279915
v -49.4884 -152.116 1497.57
vn 0.746856 -0.66051 0.0770226
v -49.4884 -152.116 1497.57
vn 0.815055 -0.385607 0.432426
v -49.4884 -152.092 1497.77
vn -0.204751 -0.883366 -0.421594
v -49.4884 -152.092 1497.77
vn 0.746856 -0.66051 0.0770226
v -49.4884 -152.092 1497.77
vn 0.236014 -0.511423 0.826283
v -48.8884 -147.751 1496.48
vn -0.742851 -0.44852 -0.496994
v -48.3305 -138.151 1475.57
vn 0.848058 0.331786 0.413178
v -48.6884 -116.136 1487.77
vn 0.784031 0.509282 0.354863
v -48.4884 -115.707 1486.97
vn -0.154246 0.966578 0.204782
v -48.4884 -115.707 1486.97
vn 0.068566 -0.988826 0.132368
v -46.6884 -151.693 1492.17
vn 0.78365 -0.25457 0.566646
v -46.4884 -151.652 1492.37
vn 0.283176 -0.641381 0.713051
v -47.4884 -150.192 1494.57
vn -0.872017 0.477784 -0.106342
v -46.4212 -129.351 1469.97
vn 0.832994 -0.534639 0.142419
v -47.068 -116.951 1483.77
vn 0.730116 0.615619 0.296554
v -46.4884 -114.553 1481.57
vn -0.282544 -0.890767 -0.355953
v -46.0884 -151.724 1491.77
vn 0.813848 -0.522379 0.254501
v -45.0884 -150.351 1492.74
vn 0.907641 0.320707 0.270804
v -45.3255 -150.351 1493.17
vn 0.837757 -0.241151 0.489908
v -45.3255 -150.351 1493.17
vn 0.976766 0.21333 0.0204663
v -45.8743 -149.151 1493.57
vn 0.821189 0.524779 0.224177
v -45.8368 -148.951 1492.97
vn 0.912138 0.409869 0.00341751
v -45.6884 -149.551 1494.19
vn 0.64343 0.715816 0.271303
v -45.6884 -149.551 1494.19
vn 0.650395 0.3143 0.691521
v -45.6884 -149.551 1494.19
vn 0.659107 0.318509 0.681271
v -46.0984 -149.551 1494.57
vn -0.604002 -0.634439 -0.482358
v -45.0884 -137.63 1467.57
vn -0.642834 -0.675228 -0.361705
v -44.8524 -137.551 1467.17
vn -0.95323 -0.28674 -0.095563
v -44.8524 -137.551 1467.17
vn -0.954241 0.207734 -0.215108
v -45.6024 -138.151 1470.17
vn -0.878319 -0.371405 -0.301023
v -45.2868 -138.151 1468.77
vn -0.896276 -0.443472 0.00466715
v -44.7493 -131.951 1464.77
vn -0.909178 -0.273225 -0.314233
v -45.0118 -127.551 1465.97
vn 0.394944 0.881711 0.258078
v -45.0884 -115.155 1476.37
vn 0.690727 0.719079 0.0763029
v -45.2884 -115.109 1477.17
vn 0.688133 0.71083 0.145582
v -45.8884 -114.555 1479.57
vn 0.615275 0.788125 -0.0171893
v -45.6884 -114.699 1478.57
vn -0.198782 -0.917576 -0.344297
v -44.4884 -150.871 1488.37
vn 0.708697 0.612048 0.350922
v -44.5524 -148.551 1490.17
vn -0.689047 -0.360299 -0.628807
v -43.3868 -125.751 1461.37
vn 0.88168 0.344959 0.321938
v -44.2884 -114.951 1475.13
vn 0.156175 0.981182 0.113536
v -44.4884 -114.924 1475.17
vn 0.907635 -0.301661 0.29189
v -42.2709 -149.551 1484.17
vn 0.900581 -0.333706 0.278559
v -41.6337 -148.951 1483.17
vn -0.561383 -0.774919 -0.290431
v -43.0368 -143.951 1469.97
vn 0.819855 0.451164 0.352548
v -42.0884 -142.877 1474.97
vn -0.690805 0.0674455 -0.719888
v -42.8805 -125.351 1460.57
vn -0.397744 -0.197656 -0.895953
v -41.6884 -123.351 1460.05
vn -0.0804265 0.996703 -0.0107517
v -41.6884 -115.98 1465.97
vn 0.775046 0.569452 -0.273912
v -41.6884 -115.98 1465.97
vn 0.984605 -0.101601 0.142234
v -42.2274 -116.351 1469.57
vn 0.556678 0.806797 0.19796
v -42.4884 -115.587 1468.57
vn 0.555526 0.339489 0.759037
v -42.4884 -115.587 1468.57
vn 0.832571 -0.369912 0.412299
v -42.2884 -115.751 1468.5
vn 0.734351 0.64176 0.221072
v -42.2884 -115.751 1468.5
vn 0.555526 0.339489 0.759037
v -42.2884 -115.751 1468.5
vn 0.555526 0.339489 0.759037
v -41.6618 -115.151 1467.77
vn -0.413775 0.895457 -0.164155
v -41.6618 -115.151 1467.77
vn 0.775046 0.569452 -0.273912
v -41.6618 -115.151 1467.77
vn 0.114079 0.989669 -0.0868417
v -43.0884 -115.351 1470.25
vn 0.297036 0.95352 -0.0506853
v -42.6884 -115.584 1468.97
vn 0.874113 0.45015 0.182459
v -42.6884 -115.468 1469.57
vn 0.795542 -0.596804 0.104588
v -40.4884 -148.146 1479.17
vn -0.0748274 0.957776 0.277606
v -41.4884 -142.249 1472.97
vn 0.538606 0.788117 0.297953
v -40.4884 -141.012 1468.97
vn 0.573294 0.741189 0.349246
v -41.4618 -141.551 1471.57
vn 0.776964 0.262135 -0.572374
v -40.0884 -125.751 1458.13
vn 0.953134 0.14662 -0.264647
v -40.0884 -124.951 1458.31
vn 0.129148 0.467762 -0.874368
v -40.0884 -124.951 1458.31
vn 0.129148 0.467762 -0.874368
v -40.4884 -123.351 1459.1
vn -0.113769 0.84214 -0.527122
v -40.4884 -123.351 1459.1
vn 0.769783 0.541056 -0.338664
v -40.4884 -123.351 1459.1
vn 0.129148 0.467762 -0.874368
v -40.2884 -123.751 1458.92
vn 0.769783 0.541056 -0.338664
v -40.2884 -123.751 1458.92
vn -0.113769 0.84214 -0.527122
v -40.6884 -123.083 1459.57
vn -0.595317 -0.114557 0.795283
v -40.6884 -123.083 1459.57
vn 0.496846 0.438688 -0.748797
v -40.6884 -123.083 1459.57
vn -0.202395 -0.247066 -0.947626
v -40.6884 -122.951 1459.68
vn 0.361579 0.588253 -0.723338
v -40.6884 -122.951 1459.68
vn 0.412775 -0.384378 -0.825755
v -40.6884 -122.951 1459.68
vn 0.496846 0.438688 -0.748797
v -40.504 -122.951 1459.77
vn 0.412775 -0.384378 -0.825755
v -40.504 -122.951 1459.77
vn 0.997701 -0.0609568 0.0296038
v -40.504 -122.951 1459.77
vn -0.595317 -0.114557 0.795283
v -40.4884 -123.151 1459.71
vn 0.611586 0.270998 -0.743319
v -40.4884 -123.151 1459.71
vn -0.595317 -0.114557 0.795283
v -40.4884 -122.951 1459.74
vn 0.769783 0.541056 -0.338664
v -40.4884 -122.951 1459.74
vn 0.961629 -0.0391157 0.271551
v -40.4884 -122.951 1459.74
vn 0.412775 -0.384378 -0.825755
v -40.4884 -122.351 1459.5
vn 0.976951 -0.108595 -0.183778
v -40.4884 -122.351 1459.5
vn 0.427861 0.0984741 -0.898464
v -40.4884 -122.351 1459.5
vn 0.427861 0.0984741 -0.898464
v -40.4305 -121.951 1459.57
vn 0.504096 0.623349 -0.597765
v -40.4765 -121.751 1459.57
vn 0.427861 0.0984741 -0.898464
v -40.4765 -121.751 1459.57
vn 0.959961 0.220939 -0.172221
v -40.4765 -121.751 1459.57
vn 0.572747 0.459005 -0.679172
v -40.6884 -120.751 1460.44
vn 0.661303 0.395283 -0.637518
v -40.5272 -120.751 1460.57
vn 0.776037 0.24591 -0.580771
v -40.6478 -119.951 1460.77
vn 0.83871 0.254856 -0.481264
v -40.6884 -119.551 1460.87
vn 0.855421 0.25901 -0.448518
v -40.5743 -119.351 1461.17
vn 0.768466 0.334947 -0.545225
v -40.7337 -118.751 1461.97
vn 0.827058 0.511737 0.232594
v -40.7337 -118.751 1461.97
vn 0.584032 0.361366 -0.726857
v -40.8884 -118.501 1461.97
vn 0.527657 0.832686 -0.167964
v -40.8884 -118.501 1461.97
vn 0.827058 0.511737 0.232594
v -40.8884 -118.501 1461.97
vn 0.753832 0.400043 -0.521252
v -40.8884 -117.951 1462.25
vn 0.86789 0.291569 -0.402188
v -40.6884 -118.751 1461.36
vn 0.527657 0.832686 -0.167964
v -40.6884 -118.751 1461.36
vn 0.9184 0.2666 -0.292345
v -40.6212 -118.751 1461.57
vn 0.527657 0.832686 -0.167964
v -40.6212 -118.751 1461.57
vn 0.827058 0.511737 0.232594
v -40.6212 -118.751 1461.57
vn -0.712226 0.607421 -0.351816
v -40.8644 -117.151 1463.17
vn 0.768594 0.395705 -0.502674
v -40.8644 -117.151 1463.17
vn 0.289294 0.627798 -0.722619
v -40.8644 -117.151 1463.17
vn 0.818519 0.361293 -0.446648
v -40.7337 -117.151 1463.37
vn 0.227866 0.704249 -0.672392
v -40.8884 -116.449 1463.77
vn 0.576561 -0.0103722 0.816988
v -41.0993 -116.551 1464.97
vn 0.227866 0.704249 -0.672392
v -40.6024 -116.351 1463.97
vn 0.98307 -0.181282 0.026661
v -40.6024 -116.351 1463.97
vn 0.801274 0.512657 -0.308452
v -40.6024 -116.351 1463.97
vn -0.0804265 0.996703 -0.0107517
v -41.0884 -115.943 1464.97
vn 0.982579 -0.0176764 0.185003
v -41.0884 -115.943 1464.97
vn 0.458097 -0.213732 0.862824
v -41.0884 -115.943 1464.97
vn 0.337165 0.289956 0.895682
v -41.0884 -115.943 1464.97
vn -0.511538 0.789536 -0.339061
v -40.6884 -115.855 1464.57
vn 0.774313 0.577357 -0.259032
v -40.6884 -115.855 1464.57
vn 0.774313 0.577357 -0.259032
v -40.5504 -115.951 1464.77
vn 0.373214 -0.482221 0.792575
v -40.5504 -115.951 1464.77
vn 0.337165 0.289956 0.895682
v -40.5504 -115.951 1464.77
vn 0.741657 0.637811 -0.207707
v -40.6884 -115.79 1464.77
vn 0.337165 0.289956 0.895682
v -40.6884 -115.79 1464.77
vn 0.869763 -0.336076 0.361338
v -41.4274 -115.951 1466.77
vn 0.775046 0.569452 -0.273912
v -41.4274 -115.951 1466.77
vn 0.928156 -0.321747 0.187096
v -38.8555 -146.751 1474.57
vn 0.954426 -0.236824 0.18162
v -38.4368 -146.151 1473.37
vn 0.465583 0.43038 -0.773308
v -38.6884 -131.151 1455.87
vn 0.383663 0.385659 -0.839089
v -38.4884 -131.751 1455.68
vn 0.232932 0.828384 -0.509434
v -38.4884 -131.751 1455.68
vn 0.541433 0.469491 -0.697444
v -38.4884 -131.351 1455.89
vn 0.851313 0.309525 0.423627
v -38.4884 -131.351 1455.89
vn 0.996467 0.00952311 -0.0834377
v -38.4884 -131.351 1455.89
vn 0.0970129 0.738612 -0.667114
v -38.6884 -130.724 1455.97
vn 0.962718 0.217947 0.160228
v -38.4868 -130.751 1455.97
vn 0.0970129 0.738612 -0.667114
v -38.4868 -130.751 1455.97
vn 0.106509 0.701695 -0.704471
v -39.2884 -129.751 1456.94
vn 0.75137 0.250408 -0.610523
v -39.2884 -129.151 1456.81
vn 0.948417 0.157122 0.275351
v -39.1555 -129.151 1456.97
vn -0.478841 0.205025 -0.853625
v -39.0761 -129.951 1456.77
vn 0.106509 0.701695 -0.704471
v -39.0761 -129.951 1456.77
vn 0.943324 0.331489 -0.0159365
v -39.0761 -129.951 1456.77
vn 0.0970129 0.738612 -0.667114
v -39.0761 -129.951 1456.77
vn 0.771515 0.108496 -0.626892
v -39.0712 -129.751 1456.97
vn 0.146144 -0.210424 -0.966625
v -39.0712 -129.751 1456.97
vn 0.974616 0.169325 0.146471
v -39.0712 -129.751 1456.97
vn 0.715588 0.387108 -0.581448
v -39.6884 -127.265 1457.57
vn 0.965588 0.132654 0.223704
v -39.6884 -127.265 1457.57
vn 0.654797 0.407559 -0.636503
v -39.6884 -127.265 1457.57
vn 0.604245 -0.780185 -0.161863
v -38.2884 -145.677 1469.17
vn 0.800452 -0.585282 -0.12931
v -37.0884 -143.224 1458.57
vn 0.80465 -0.592881 -0.0321144
v -37.0884 -143.421 1459.17
vn 0.713644 -0.696014 0.0792231
v -37.0884 -143.099 1457.57
vn 0.424922 -0.0556974 -0.903515
v -37.2884 -135.751 1453.86
vn 0.316276 0.669113 -0.6725
v -37.2884 -135.751 1453.86
vn 0.461046 0.639024 -0.615698
v -37.0609 -136.551 1453.17
vn -0.0729323 0.473644 -0.877692
v -37.0609 -136.551 1453.17
vn 0.590316 0.0124022 -0.807077
v -37.0524 -135.751 1453.97
vn 0.41214 0.642057 -0.646454
v -37.0524 -135.751 1453.97
vn 0.632708 0.604177 -0.484407
v -37.4884 -134.151 1454.26
vn 0.611948 0.0706472 -0.787736
v -37.2884 -134.951 1453.81
vn 0.690958 0.132289 -0.710688
v -37.1618 -134.751 1453.97
vn 0.853914 0.476896 -0.208328
v -37.1618 -134.751 1453.97
vn 0.734806 0.589794 -0.334966
v -37.2884 -134.551 1453.91
vn 0.646795 0.183864 -0.740169
v -37.2884 -134.551 1453.91
vn 0.931045 0.149326 0.332952
v -37.3993 -134.151 1454.37
vn 0.757499 0.506948 -0.411338
v -38.2884 -131.951 1455.45
vn 0.232932 0.828384 -0.509434
v -38.2884 -131.951 1455.45
vn 0.895224 0.229887 0.381741
v -38.2868 -131.751 1455.77
vn 0.232932 0.828384 -0.509434
v -38.2868 -131.751 1455.77
vn 0.825624 0.479126 -0.297965
v -38.2868 -131.751 1455.77
vn 0.559536 -0.517344 -0.647514
v -35.6884 -142.351 1451.74
vn 0.925823 -0.363474 -0.103625
v -35.6884 -142.351 1451.74
vn 0.965574 0.174562 0.192859
v -35.6399 -142.351 1452.17
vn 0.559536 -0.517344 -0.647514
v -35.6884 -141.641 1451.17
vn 0.863776 0.136871 -0.48493
v -35.6884 -141.641 1451.17
vn 0.956265 -0.272215 -0.107032
v -35.5587 -141.751 1451.37
vn 0.951829 0.166183 0.257692
v -35.5587 -141.751 1451.37
vn 0.863776 0.136871 -0.48493
v -35.5587 -141.751 1451.37
vn 0.886802 -0.451365 -0.0992571
v -35.754 -142.751 1452.97
vn 0.984316 0.0547157 0.167717
v -35.754 -142.751 1452.97
vn 0.805446 -0.555043 0.207807
v -35.754 -142.751 1452.97
vn 0.848682 -0.507141 0.150154
v -36.6884 -142.994 1456.97
vn 0.843605 -0.531272 0.0779789
v -36.6884 -142.909 1456.17
vn -0.585559 -0.0352182 -0.809865
v -36.0884 -140.351 1451.83
vn 0.339259 0.894335 -0.291665
v -36.0884 -140.351 1451.83
vn -0.0797358 0.207676 -0.974943
v -36.0884 -140.351 1451.83
vn 0.742625 0.202234 -0.638443
v -36.0884 -140.351 1451.83
vn 0.339259 0.894335 -0.291665
v -35.9618 -140.351 1451.97
vn 0.742625 0.202234 -0.638443
v -35.9618 -140.351 1451.97
vn 0 0 -1
v -35.8297 -141.351 1451.37
vn 0.797376 -0.239753 -0.553814
v -35.8297 -141.351 1451.37
vn -0.816607 0.00563843 0.577167
v -35.8297 -141.351 1451.37
vn 0.135458 0.0273821 -0.990405
v -35.8297 -141.351 1451.37
vn -0.513653 0.410694 0.75332
v -35.8284 -141.151 1451.37
vn -0.816607 0.00563843 0.577167
v -35.8284 -141.151 1451.37
vn -0.527384 -0.351612 0.773457
v -35.8284 -141.151 1451.37
vn -0.0449407 0.0699915 -0.996535
v -35.8884 -141.061 1451.37
vn 0.135458 0.0273821 -0.990405
v -35.8884 -141.061 1451.37
vn -0.527384 -0.351612 0.773457
v -35.8884 -141.061 1451.37
vn -0.300162 0.295098 0.907094
v -35.8884 -141.061 1451.37
vn 0.919928 0.30332 0.248452
v -35.8884 -140.551 1451.45
vn 0.339259 0.894335 -0.291665
v -35.8884 -140.551 1451.45
vn -0.0895699 0.139498 -0.986163
v -35.8884 -140.551 1451.45
vn 0.797376 -0.239753 -0.553814
v -35.6884 -141.342 1451.57
vn -0.513653 0.410694 0.75332
v -35.6884 -141.342 1451.57
vn -0.816607 0.00563843 0.577167
v -35.6884 -141.342 1451.57
vn -0.527384 -0.351612 0.773457
v -35.6884 -141.151 1451.47
vn -0.300162 0.295098 0.907094
v -35.6884 -141.151 1451.47
vn 0.926416 0.144951 0.347481
v -35.6884 -141.151 1451.47
vn -0.0299489 0.046643 -0.998463
v -35.6884 -140.932 1451.37
vn 0.941763 0.2876 0.174264
v -35.6884 -140.932 1451.37
vn 0.863776 0.136871 -0.48493
v -35.6884 -140.932 1451.37
vn 0.931524 0.238985 0.274136
v -35.6884 -140.951 1451.4
vn 0.135458 0.0273821 -0.990405
v -35.6884 -140.951 1451.4
vn -0.300162 0.295098 0.907094
v -35.6884 -140.951 1451.4
vn 0.102944 0.182167 -0.977864
v -36.4884 -139.351 1452.07
vn -0.573648 0.181542 -0.79873
v -36.4884 -138.151 1452.26
vn 0.0442735 0.284472 -0.957662
v -36.2884 -137.951 1452.35
vn 0.742625 0.202234 -0.638443
v -36.2884 -137.951 1452.35
vn 0.553745 0.626619 -0.548376
v -36.2884 -137.951 1452.35
vn 0.529159 0.617956 -0.581482
v -36.58 -137.151 1452.97
f 1//1 16//16 14//14
f 1//1 2//2 16//16
f 1412//1412 1410//1410 20//20
f 3//3 1413//1413 1440//1440
f 21//21 3//3 1440//1440
f 22//22 3//3 21//21
f 6//6 7//7 14//14
f 25//25 6//6 14//14
f 10//10 9//9 8//8
f 1425//1425 1426//1426 5//5
f 1426//1426 12//12 5//5
f 5//5 1418//1418 1425//1425
f 1433//1433 13//13 1419//1419
f 1434//1434 1420//1420 1417//1417
f 1422//1422 1421//1421 1436//1436
f 25//25 8//8 6//6
f 1429//1429 11//11 1427//1427
f 1428//1428 1432//1432 84//84
f 1428//1428 84//84 1435//1435
f 8//8 4//4 73//73
f 1509//1509 74//74 1430//1430
f 10//10 8//8 73//73
f 1437//1437 1435//1435 84//84
f 14//14 15//15 28//28
f 7//7 1//1 14//14
f 15//15 19//19 28//28
f 1411//1411 1423//1423 21//21
f 1411//1411 21//21 1440//1440
f 1423//1423 39//39 21//21
f 1451//1451 1424//1424 1438//1438
f 1451//1451 1438//1438 31//31
f 31//31 1437//1437 84//84
f 17//17 15//15 14//14
f 1415//1415 17//17 1414//1414
f 1414//1414 17//17 1439//1439
f 1415//1415 23//23 17//17
f 1439//1439 17//17 14//14
f 23//23 18//18 17//17
f 17//17 18//18 15//15
f 15//15 18//18 19//19
f 18//18 38//38 19//19
f 1416//1416 22//22 1441//1441
f 21//21 39//39 22//22
f 22//22 39//39 24//24
f 22//22 24//24 1441//1441
f 1441//1441 24//24 1449//1449
f 23//23 38//38 18//18
f 24//24 39//39 1449//1449
f 25//25 28//28 26//26
f 28//28 32//32 26//26
f 86//86 25//25 26//26
f 88//88 1442//1442 32//32
f 33//33 88//88 32//32
f 87//87 1526//1526 27//27
f 1527//1527 1445//1445 1444//1444
f 86//86 87//87 114//114
f 87//87 27//27 114//114
f 25//25 14//14 28//28
f 19//19 36//36 28//28
f 36//36 29//29 28//28
f 30//30 32//32 29//29
f 32//32 28//28 29//29
f 29//29 37//37 30//30
f 40//40 30//30 37//37
f 84//84 94//94 31//31
f 30//30 33//33 32//32
f 33//33 30//30 27//27
f 30//30 103//103 27//27
f 34//34 103//103 30//30
f 1539//1539 1446//1446 105//105
f 30//30 40//40 34//34
f 111//111 1447//1447 1454//1454
f 1545//1545 1455//1455 1452//1452
f 36//36 19//19 35//35
f 19//19 38//38 35//35
f 36//36 35//35 29//29
f 29//29 35//35 37//37
f 1456//1456 1448//1448 35//35
f 35//35 38//38 1456//1456
f 1452//1452 1455//1455 1450//1450
f 1546//1546 105//105 1446//1446
f 51//51 41//41 42//42
f 136//136 41//41 51//51
f 42//42 56//56 51//51
f 1457//1457 43//43 1459//1459
f 1460//1460 1461//1461 1481//1481
f 44//44 41//41 136//136
f 1463//1463 1462//1462 1458//1458
f 1464//1464 140//140 1461//1461
f 58//58 136//136 47//47
f 58//58 47//47 45//45
f 1466//1466 57//57 46//46
f 1467//1467 1484//1484 48//48
f 45//45 47//47 1485//1485
f 60//60 1469//1469 1486//1486
f 58//58 45//45 65//65
f 1469//1469 60//60 69//69
f 52//52 53//53 50//50
f 49//49 52//52 50//50
f 1470//1470 1475//1475 55//55
f 47//47 51//51 49//49
f 50//50 47//47 49//49
f 55//55 1487//1487 1470//1470
f 1485//1485 47//47 50//50
f 1486//1486 1480//1480 60//60
f 1472//1472 1471//1471 1482//1482
f 1483//1483 54//54 1473//1473
f 1476//1476 1474//1474 1478//1478
f 1480//1480 1477//1477 1479//1479
f 47//47 136//136 51//51
f 51//51 52//52 49//49
f 1479//1479 60//60 1480//1480
f 1481//1481 1461//1461 1479//1479
f 1479//1479 1461//1461 60//60
f 140//140 60//60 1461//1461
f 70//70 58//58 59//59
f 58//58 70//70 215//215
f 1504//1504 61//61 64//64
f 72//72 70//70 1493//1493
f 61//61 1504//1504 1494//1494
f 58//58 65//65 59//59
f 65//65 70//70 59//59
f 217//217 71//71 60//60
f 1494//1494 66//66 62//62
f 61//61 1494//1494 62//62
f 62//62 66//66 63//63
f 61//61 62//62 64//64
f 72//72 1493//1493 1489//1489
f 1489//1489 1493//1493 1488//1488
f 1490//1490 68//68 1505//1505
f 1468//1468 65//65 45//45
f 1467//1467 48//48 1495//1495
f 1496//1496 67//67 1498//1498
f 1497//1497 1502//1502 1499//1499
f 1491//1491 1498//1498 67//67
f 1501//1501 1500//1500 1506//1506
f 1500//1500 1501//1501 1492//1492
f 48//48 1503//1503 1495//1495
f 1500//1500 69//69 60//60
f 1500//1500 60//60 1506//1506
f 70//70 72//72 4//4
f 70//70 4//4 80//80
f 60//60 71//71 75//75
f 93//93 71//71 82//82
f 1507//1507 1515//1515 1510//1510
f 73//73 4//4 72//72
f 1512//1512 1511//1511 1516//1516
f 75//75 76//76 1513//1513
f 1432//1432 1431//1431 1514//1514
f 1432//1432 1514//1514 76//76
f 84//84 1432//1432 76//76
f 75//75 1508//1508 60//60
f 93//93 75//75 71//71
f 75//75 93//93 76//76
f 77//77 80//80 78//78
f 4//4 81//81 80//80
f 102//102 81//81 100//100
f 80//80 77//77 70//70
f 78//78 80//80 79//79
f 80//80 81//81 79//79
f 79//79 81//81 102//102
f 8//8 25//25 100//100
f 4//4 8//8 100//100
f 100//100 81//81 4//4
f 93//93 82//82 92//92
f 82//82 109//109 92//92
f 143//143 149//149 82//82
f 82//82 149//149 109//109
f 76//76 83//83 84//84
f 76//76 92//92 83//83
f 84//84 83//83 85//85
f 84//84 85//85 94//94
f 89//89 90//90 1520//1520
f 1530//1530 1521//1521 1517//1517
f 1531//1531 85//85 83//83
f 1443//1443 1518//1518 1522//1522
f 1442//1442 88//88 1519//1519
f 85//85 1528//1528 94//94
f 94//94 1528//1528 95//95
f 90//90 1523//1523 1520//1520
f 1529//1529 1524//1524 91//91
f 1525//1525 1532//1532 1534//1534
f 1529//1529 91//91 1538//1538
f 114//114 25//25 86//86
f 27//27 103//103 114//114
f 92//92 1531//1531 83//83
f 108//108 1531//1531 92//92
f 1533//1533 1531//1531 108//108
f 1535//1535 1533//1533 108//108
f 108//108 107//107 1536//1536
f 1543//1543 95//95 1537//1537
f 93//93 92//92 76//76
f 109//109 108//108 92//92
f 31//31 94//94 95//95
f 1451//1451 31//31 95//95
f 1547//1547 1453//1453 1544//1544
f 1451//1451 95//95 1543//1543
f 99//99 97//97 96//96
f 116//116 97//97 101//101
f 25//25 116//116 101//101
f 98//98 102//102 97//97
f 102//102 101//101 97//97
f 97//97 99//99 98//98
f 112//112 97//97 116//116
f 78//78 79//79 98//98
f 79//79 102//102 98//98
f 96//96 97//97 112//112
f 98//98 99//99 148//148
f 100//100 25//25 101//101
f 100//100 101//101 102//102
f 25//25 114//114 116//116
f 103//103 104//104 114//114
f 1539//1539 105//105 106//106
f 1539//1539 106//106 1540//1540
f 114//114 104//104 117//117
f 106//106 118//118 1540//1540
f 157//157 1542//1542 1541//1541
f 107//107 157//157 1541//1541
f 157//157 119//119 1542//1542
f 108//108 110//110 107//107
f 110//110 157//157 107//107
f 109//109 110//110 108//108
f 156//156 157//157 110//110
f 109//109 1578//1578 110//110
f 124//124 157//157 159//159
f 1548//1548 107//107 1541//1541
f 171//171 96//96 112//112
f 171//171 112//112 170//170
f 113//113 170//170 112//112
f 172//172 170//170 113//113
f 172//172 113//113 173//173
f 116//116 113//113 112//112
f 116//116 115//115 113//113
f 114//114 115//115 116//116
f 126//126 115//115 114//114
f 115//115 126//126 174//174
f 113//113 115//115 173//173
f 174//174 173//173 115//115
f 126//126 114//114 117//117
f 1549//1549 120//120 117//117
f 117//117 104//104 1549//1549
f 1542//1542 119//119 1550//1550
f 121//121 1550//1550 119//119
f 120//120 127//127 117//117
f 1549//1549 1553//1553 120//120
f 1553//1553 122//122 120//120
f 121//121 119//119 1554//1554
f 120//120 122//122 127//127
f 1551//1551 123//123 1555//1555
f 124//124 119//119 157//157
f 125//125 1552//1552 124//124
f 124//124 176//176 125//125
f 1552//1552 125//125 1556//1556
f 117//117 127//127 180//180
f 180//180 127//127 128//128
f 181//181 180//180 128//128
f 127//127 122//122 128//128
f 1555//1555 123//123 1557//1557
f 125//125 1558//1558 1556//1556
f 1559//1559 125//125 185//185
f 130//130 136//136 208//208
f 208//208 136//136 129//129
f 133//133 139//139 130//130
f 1565//1565 137//137 1573//1573
f 131//131 133//133 130//130
f 1607//1607 134//134 1562//1562
f 131//131 130//130 208//208
f 132//132 1563//1563 135//135
f 1563//1563 132//132 1566//1566
f 140//140 1570//1570 213//213
f 1570//1570 140//140 1564//1564
f 1564//1564 140//140 1567//1567
f 1568//1568 210//210 135//135
f 1568//1568 135//135 1563//1563
f 1608//1608 209//209 1569//1569
f 1568//1568 1611//1611 210//210
f 213//213 1570//1570 210//210
f 136//136 215//215 129//129
f 215//215 136//136 58//58
f 1574//1574 136//136 130//130
f 1567//1567 140//140 1571//1571
f 140//140 213//213 207//207
f 207//207 217//217 140//140
f 136//136 1574//1574 44//44
f 1573//1573 138//138 1465//1465
f 140//140 1464//1464 1572//1572
f 1573//1573 137//137 138//138
f 1571//1571 140//140 1572//1572
f 140//140 217//217 60//60
f 217//217 141//141 71//71
f 217//217 142//142 141//141
f 1621//1621 240//240 1575//1575
f 142//142 143//143 141//141
f 240//240 241//241 1575//1575
f 215//215 70//70 232//232
f 70//70 77//77 145//145
f 146//146 145//145 77//77
f 146//146 77//77 78//78
f 232//232 70//70 145//145
f 82//82 141//141 143//143
f 71//71 141//141 82//82
f 149//149 143//143 142//142
f 142//142 144//144 149//149
f 1641//1641 152//152 142//142
f 152//152 144//144 142//142
f 245//245 1576//1576 1642//1642
f 168//168 146//146 147//147
f 168//168 145//145 146//146
f 147//147 171//171 168//168
f 232//232 145//145 168//168
f 232//232 168//168 248//248
f 78//78 147//147 146//146
f 148//148 78//78 98//98
f 148//148 147//147 78//78
f 99//99 96//96 171//171
f 148//148 99//99 171//171
f 148//148 171//171 147//147
f 175//175 150//150 176//176
f 176//176 150//150 155//155
f 151//151 154//154 166//166
f 1576//1576 245//245 151//151
f 144//144 152//152 151//151
f 245//245 153//153 151//151
f 154//154 151//151 153//153
f 154//154 1577//1577 167//167
f 150//150 1581//1581 155//155
f 149//149 1578//1578 109//109
f 157//157 158//158 159//159
f 156//156 158//158 157//157
f 124//124 159//159 175//175
f 1578//1578 149//149 160//160
f 160//160 149//149 144//144
f 1578//1578 160//160 161//161
f 161//161 162//162 156//156
f 162//162 158//158 156//156
f 163//163 159//159 162//162
f 162//162 159//159 158//158
f 159//159 163//163 175//175
f 165//165 162//162 161//161
f 164//164 163//163 162//162
f 1579//1579 164//164 162//162
f 164//164 175//175 163//163
f 160//160 144//144 166//166
f 166//166 161//161 160//160
f 166//166 165//165 161//161
f 164//164 1579//1579 1582//1582
f 1582//1582 150//150 164//164
f 150//150 175//175 164//164
f 144//144 151//151 166//166
f 166//166 167//167 1580//1580
f 154//154 167//167 166//166
f 168//168 171//171 169//169
f 169//169 170//170 172//172
f 170//170 169//169 171//171
f 184//184 185//185 176//176
f 155//155 250//250 176//176
f 176//176 124//124 175//175
f 176//176 185//185 125//125
f 169//169 178//178 177//177
f 178//178 169//169 172//172
f 178//178 172//172 179//179
f 178//178 179//179 177//177
f 179//179 174//174 186//186
f 172//172 173//173 179//179
f 173//173 174//174 179//179
f 186//186 126//126 187//187
f 174//174 126//126 186//186
f 117//117 187//187 126//126
f 180//180 181//181 189//189
f 1586//1586 1584//1584 182//182
f 1585//1585 183//183 190//190
f 184//184 255//255 183//183
f 255//255 190//190 183//183
f 1584//1584 1560//1560 182//182
f 1561//1561 183//183 1585//1585
f 185//185 183//183 1559//1559
f 185//185 184//184 183//183
f 179//179 186//186 177//177
f 187//187 117//117 180//180
f 188//188 180//180 191//191
f 191//191 260//260 188//188
f 260//260 191//191 263//263
f 182//182 1587//1587 1586//1586
f 180//180 189//189 191//191
f 1587//1587 263//263 1586//1586
f 191//191 1586//1586 263//263
f 192//192 1588//1588 255//255
f 192//192 262//262 1646//1646
f 1588//1588 192//192 1646//1646
f 272//272 186//186 187//187
f 269//269 187//187 180//180
f 284//284 285//285 195//195
f 195//195 285//285 286//286
f 194//194 193//193 195//195
f 195//195 286//286 194//194
f 288//288 1589//1589 1655//1655
f 204//204 292//292 193//193
f 193//193 194//194 196//196
f 196//196 208//208 129//129
f 200//200 211//211 196//196
f 211//211 208//208 196//196
f 196//196 202//202 200//200
f 194//194 199//199 196//196
f 199//199 197//197 196//196
f 1592//1592 1601//1601 1591//1591
f 1661//1661 1593//1593 1595//1595
f 1662//1662 198//198 1594//1594
f 1594//1594 198//198 1602//1602
f 377//377 198//198 1663//1663
f 213//213 198//198 377//377
f 1664//1664 199//199 194//194
f 200//200 201//201 211//211
f 1613//1613 1598//1598 214//214
f 1603//1603 203//203 1596//1596
f 1597//1597 1604//1604 1599//1599
f 1605//1605 198//198 1619//1619
f 1600//1600 1605//1605 1619//1619
f 1602//1602 198//198 1605//1605
f 216//216 204//204 205//205
f 204//204 206//206 205//205
f 216//216 205//205 129//129
f 205//205 206//206 129//129
f 206//206 204//204 193//193
f 206//206 193//193 129//129
f 295//295 1606//1606 294//294
f 196//196 129//129 193//193
f 213//213 1619//1619 198//198
f 207//207 213//213 294//294
f 212//212 1609//1609 1614//1614
f 1616//1616 1612//1612 1610//1610
f 210//210 1611//1611 1617//1617
f 213//213 210//210 1617//1617
f 1620//1620 1618//1618 1615//1615
f 1619//1619 213//213 1617//1617
f 215//215 216//216 129//129
f 218//218 217//217 220//220
f 217//217 207//207 220//220
f 220//220 207//207 307//307
f 226//226 220//220 307//307
f 215//215 320//320 216//216
f 320//320 215//215 232//232
f 217//217 218//218 222//222
f 219//219 1622//1622 1626//1626
f 1622//1622 219//219 236//236
f 221//221 1627//1627 1623//1623
f 219//219 1626//1626 225//225
f 220//220 223//223 1624//1624
f 1625//1625 223//223 228//228
f 1625//1625 1624//1624 223//223
f 1627//1627 221//221 224//224
f 1627//1627 224//224 1628//1628
f 236//236 219//219 225//225
f 226//226 223//223 220//220
f 226//226 228//228 223//223
f 224//224 221//221 230//230
f 224//224 230//230 229//229
f 221//221 1632//1632 230//230
f 1635//1635 1628//1628 224//224
f 1636//1636 234//234 1629//1629
f 1630//1630 1638//1638 1639//1639
f 226//226 227//227 1633//1633
f 231//231 1637//1637 1631//1631
f 1631//1631 1637//1637 1634//1634
f 1637//1637 231//231 1636//1636
f 231//231 234//234 1636//1636
f 310//310 226//226 307//307
f 226//226 310//310 227//227
f 325//325 320//320 232//232
f 237//237 235//235 323//323
f 233//233 1638//1638 235//235
f 235//235 234//234 231//231
f 236//236 1640//1640 1622//1622
f 239//239 1642//1642 1639//1639
f 1639//1639 1638//1638 239//239
f 239//239 1638//1638 233//233
f 236//236 1643//1643 1640//1640
f 238//238 233//233 237//237
f 237//237 328//328 238//238
f 329//329 239//239 328//328
f 233//233 235//235 237//237
f 233//233 238//238 239//239
f 238//238 328//328 239//239
f 1642//1642 239//239 329//329
f 329//329 330//330 1642//1642
f 330//330 245//245 1642//1642
f 246//246 232//232 248//248
f 242//242 243//243 245//245
f 244//244 250//250 1577//1577
f 243//243 153//153 245//245
f 244//244 153//153 243//243
f 244//244 243//243 250//250
f 245//245 330//330 242//242
f 153//153 244//244 154//154
f 244//244 1577//1577 154//154
f 247//247 333//333 248//248
f 333//333 246//246 248//248
f 248//248 168//168 247//247
f 1644//1644 1583//1583 338//338
f 250//250 335//335 184//184
f 242//242 249//249 243//243
f 243//243 249//249 250//250
f 250//250 249//249 335//335
f 176//176 250//250 184//184
f 254//254 251//251 339//339
f 338//338 1688//1688 1644//1644
f 254//254 1689//1689 338//338
f 254//254 168//168 169//169
f 252//252 254//254 169//169
f 254//254 338//338 168//168
f 253//253 252//252 177//177
f 251//251 253//253 177//177
f 254//254 252//252 253//253
f 251//251 254//254 253//253
f 169//169 177//177 252//252
f 335//335 334//334 184//184
f 334//334 255//255 184//184
f 251//251 256//256 264//264
f 177//177 257//257 256//256
f 177//177 256//256 251//251
f 256//256 257//257 264//264
f 257//257 177//177 186//186
f 352//352 258//258 259//259
f 352//352 261//261 258//258
f 262//262 192//192 255//255
f 262//262 258//258 1646//1646
f 261//261 1646//1646 258//258
f 1645//1645 260//260 263//263
f 255//255 259//259 262//262
f 262//262 259//259 258//258
f 251//251 264//264 345//345
f 257//257 265//265 264//264
f 264//264 343//343 345//345
f 264//264 266//266 343//343
f 266//266 264//264 267//267
f 267//267 264//264 265//265
f 257//257 267//267 265//265
f 1647//1647 268//268 344//344
f 272//272 268//268 186//186
f 257//257 268//268 1647//1647
f 186//186 268//268 257//257
f 269//269 272//272 187//187
f 350//350 269//269 271//271
f 188//188 260//260 271//271
f 269//269 180//180 188//188
f 269//269 188//188 271//271
f 271//271 260//260 270//270
f 1648//1648 261//261 352//352
f 351//351 271//271 270//270
f 352//352 1690//1690 1648//1648
f 1645//1645 270//270 260//260
f 269//269 349//349 272//272
f 349//349 348//348 272//272
f 272//272 348//348 268//268
f 354//354 269//269 350//350
f 273//273 363//363 275//275
f 363//363 276//276 275//275
f 274//274 282//282 280//280
f 193//193 282//282 276//276
f 282//282 274//274 276//276
f 376//376 273//273 274//274
f 283//283 193//193 276//276
f 273//273 275//275 274//274
f 275//275 276//276 274//274
f 276//276 365//365 283//283
f 365//365 277//277 283//283
f 278//278 291//291 290//290
f 1649//1649 1665//1665 277//277
f 281//281 279//279 391//391
f 281//281 274//274 279//279
f 281//281 376//376 274//274
f 274//274 280//280 279//279
f 282//282 292//292 280//280
f 292//292 282//282 193//193
f 193//193 283//283 195//195
f 283//283 289//289 195//195
f 277//277 289//289 283//283
f 1666//1666 1652//1652 1590//1590
f 1666//1666 287//287 1652//1652
f 1653//1653 1658//1658 1654//1654
f 1656//1656 1654//1654 1658//1658
f 1663//1663 1657//1657 1659//1659
f 377//377 1663//1663 1659//1659
f 377//377 1659//1659 1667//1667
f 1665//1665 195//195 289//289
f 291//291 1660//1660 290//290
f 1665//1665 289//289 277//277
f 377//377 1667//1667 1650//1650
f 293//293 292//292 204//204
f 305//305 292//292 293//293
f 305//305 391//391 292//292
f 391//391 280//280 292//292
f 279//279 280//280 391//391
f 297//297 213//213 507//507
f 294//294 213//213 297//297
f 507//507 213//213 377//377
f 507//507 381//381 297//297
f 381//381 385//385 297//297
f 1721//1721 396//396 300//300
f 204//204 216//216 293//293
f 294//294 298//298 295//295
f 299//299 295//295 1668//1668
f 311//311 296//296 299//299
f 296//296 295//295 299//299
f 294//294 297//297 298//298
f 297//297 1674//1674 1669//1669
f 1671//1671 306//306 1683//1683
f 1672//1672 1670//1670 300//300
f 300//300 301//301 1672//1672
f 306//306 1673//1673 397//397
f 1674//1674 297//297 385//385
f 1675//1675 397//397 1673//1673
f 1675//1675 399//399 397//397
f 1606//1606 295//295 296//296
f 411//411 303//303 315//315
f 304//304 303//303 302//302
f 302//302 305//305 293//293
f 304//304 302//302 293//293
f 304//304 315//315 303//303
f 316//316 315//315 304//304
f 302//302 405//405 305//305
f 293//293 316//316 304//304
f 216//216 316//316 293//293
f 397//397 407//407 306//306
f 407//407 319//319 306//306
f 311//311 308//308 1606//1606
f 307//307 207//207 1679//1679
f 1679//1679 309//309 307//307
f 1680//1680 1681//1681 1678//1678
f 311//311 1606//1606 296//296
f 311//311 312//312 308//308
f 1684//1684 309//309 1679//1679
f 1681//1681 1680//1680 313//313
f 1685//1685 1683//1683 1687//1687
f 1686//1686 313//313 1680//1680
f 306//306 1687//1687 1683//1683
f 319//319 1687//1687 306//306
f 1682//1682 1687//1687 319//319
f 416//416 314//314 321//321
f 416//416 411//411 314//314
f 315//315 314//314 411//411
f 314//314 216//216 321//321
f 321//321 216//216 320//320
f 314//314 315//315 316//316
f 314//314 316//316 216//216
f 407//407 322//322 317//317
f 318//318 319//319 317//317
f 407//407 317//317 319//319
f 319//319 318//318 231//231
f 324//324 231//231 318//318
f 318//318 317//317 324//324
f 319//319 1631//1631 1682//1682
f 319//319 231//231 1631//1631
f 321//321 424//424 416//416
f 321//321 325//325 424//424
f 321//321 320//320 325//325
f 421//421 322//322 419//419
f 317//317 421//421 427//427
f 427//427 324//324 317//317
f 327//327 323//323 324//324
f 324//324 427//427 327//327
f 322//322 421//421 317//317
f 231//231 324//324 235//235
f 323//323 235//235 324//324
f 427//427 326//326 327//327
f 323//323 326//326 237//237
f 237//237 326//326 328//328
f 326//326 323//323 327//327
f 430//430 330//330 329//329
f 328//328 430//430 329//329
f 430//430 436//436 330//330
f 232//232 246//246 553//553
f 553//553 246//246 435//435
f 436//436 434//434 330//330
f 434//434 331//331 330//330
f 335//335 249//249 242//242
f 330//330 335//335 242//242
f 331//331 335//335 330//330
f 246//246 332//332 435//435
f 333//333 337//337 332//332
f 336//336 332//332 337//337
f 333//333 332//332 246//246
f 334//334 331//331 434//434
f 331//331 334//334 335//335
f 336//336 337//337 440//440
f 337//337 338//338 340//340
f 339//339 251//251 341//341
f 338//338 1689//1689 341//341
f 1688//1688 338//338 337//337
f 259//259 255//255 334//334
f 340//340 338//338 450//450
f 345//345 342//342 251//251
f 341//341 451//451 338//338
f 451//451 341//341 251//251
f 451//451 251//251 342//342
f 338//338 451//451 450//450
f 343//343 346//346 345//345
f 343//343 266//266 344//344
f 266//266 267//267 344//344
f 268//268 347//347 344//344
f 343//343 344//344 346//346
f 452//452 259//259 334//334
f 452//452 352//352 259//259
f 456//456 346//346 347//347
f 348//348 456//456 347//347
f 348//348 349//349 456//456
f 347//347 346//346 344//344
f 268//268 348//348 347//347
f 350//350 271//271 351//351
f 350//350 351//351 356//356
f 470//470 1690//1690 352//352
f 349//349 458//458 456//456
f 269//269 458//458 349//349
f 458//458 269//269 354//354
f 458//458 354//354 353//353
f 353//353 354//354 459//459
f 354//354 350//350 356//356
f 354//354 356//356 355//355
f 463//463 355//355 356//356
f 459//459 354//354 355//355
f 463//463 459//459 355//355
f 1735//1735 356//356 351//351
f 493//493 376//376 491//491
f 493//493 357//357 376//376
f 493//493 358//358 357//357
f 358//358 360//360 359//359
f 358//358 359//359 357//357
f 360//360 362//362 359//359
f 358//358 493//493 483//483
f 483//483 360//360 358//358
f 1751//1751 495//495 1692//1692
f 1693//1693 1764//1764 1696//1696
f 359//359 361//361 357//357
f 1691//1691 374//374 1694//1694
f 371//371 357//357 361//361
f 1695//1695 1715//1715 1710//1710
f 1691//1691 1697//1697 374//374
f 1716//1716 1696//1696 494//494
f 498//498 499//499 375//375
f 499//499 376//376 375//375
f 273//273 376//376 364//364
f 364//364 376//376 357//357
f 273//273 364//364 363//363
f 364//364 365//365 363//363
f 371//371 364//364 357//357
f 1716//1716 494//494 373//373
f 377//377 373//373 494//494
f 377//377 494//494 507//507
f 1698//1698 378//378 1651//1651
f 277//277 365//365 1649//1649
f 364//364 367//367 365//365
f 364//364 371//371 366//366
f 369//369 367//367 366//366
f 366//366 367//367 364//364
f 369//369 370//370 367//367
f 365//365 367//367 370//370
f 1706//1706 1717//1717 1699//1699
f 377//377 1718//1718 373//373
f 366//366 371//371 372//372
f 1700//1700 368//368 1705//1705
f 1701//1701 1711//1711 1702//1702
f 1705//1705 368//368 1707//1707
f 1708//1708 1703//1703 1714//1714
f 1718//1718 1709//1709 373//373
f 1715//1715 1712//1712 1710//1710
f 373//373 1713//1713 1716//1716
f 1713//1713 373//373 1704//1704
f 375//375 376//376 281//281
f 379//379 375//375 281//281
f 507//507 508//508 517//517
f 365//365 276//276 363//363
f 1718//1718 377//377 1650//1650
f 383//383 517//517 519//519
f 281//281 390//390 389//389
f 389//389 379//379 281//281
f 390//390 281//281 391//391
f 380//380 395//395 384//384
f 381//381 507//507 517//517
f 386//386 1719//1719 517//517
f 386//386 1721//1721 1719//1719
f 383//383 386//386 517//517
f 1720//1720 387//387 383//383
f 1722//1722 384//384 382//382
f 386//386 396//396 1721//1721
f 1725//1725 386//386 398//398
f 386//386 383//383 1723//1723
f 386//386 1723//1723 398//398
f 388//388 539//539 389//389
f 388//388 403//403 539//539
f 405//405 391//391 305//305
f 388//388 390//390 391//391
f 401//401 388//388 391//391
f 389//389 390//390 388//388
f 394//394 406//406 393//393
f 394//394 395//395 392//392
f 392//392 406//406 394//394
f 527//527 406//406 392//392
f 527//527 392//392 395//395
f 382//382 394//394 393//393
f 395//395 394//394 382//382
f 384//384 395//395 382//382
f 382//382 397//397 399//399
f 382//382 393//393 397//397
f 396//396 301//301 300//300
f 1725//1725 398//398 1676//1676
f 1727//1727 1677//1677 1726//1726
f 1726//1726 1724//1724 1727//1727
f 382//382 399//399 1722//1722
f 404//404 400//400 539//539
f 402//402 539//539 400//400
f 401//401 405//405 400//400
f 403//403 388//388 401//401
f 403//403 401//401 404//404
f 401//401 400//400 404//404
f 302//302 402//402 405//405
f 402//402 400//400 405//405
f 404//404 539//539 403//403
f 405//405 401//401 391//391
f 412//412 414//414 527//527
f 406//406 407//407 393//393
f 527//527 407//407 406//406
f 414//414 407//407 527//527
f 393//393 407//407 397//397
f 302//302 303//303 410//410
f 411//411 410//410 303//303
f 416//416 410//410 411//411
f 409//409 302//302 408//408
f 408//408 302//302 410//410
f 402//402 302//302 409//409
f 414//414 412//412 413//413
f 413//413 412//412 420//420
f 422//422 407//407 413//413
f 414//414 413//413 407//407
f 422//422 322//322 407//407
f 408//408 410//410 415//415
f 410//410 417//417 415//415
f 544//544 408//408 415//415
f 545//545 544//544 415//415
f 545//545 415//415 417//417
f 416//416 424//424 417//417
f 417//417 410//410 416//416
f 543//543 420//420 412//412
f 418//418 546//546 547//547
f 547//547 426//426 419//419
f 419//419 426//426 421//421
f 418//418 422//422 420//420
f 419//419 422//422 418//418
f 547//547 419//419 418//418
f 420//420 546//546 418//418
f 419//419 322//322 422//422
f 427//427 421//421 426//426
f 413//413 420//420 422//422
f 325//325 425//425 424//424
f 423//423 417//417 424//424
f 425//425 423//423 424//424
f 430//430 427//427 426//426
f 325//325 433//433 428//428
f 429//429 325//325 428//428
f 428//428 433//433 432//432
f 550//550 429//429 428//428
f 428//428 431//431 550//550
f 425//425 325//325 429//429
f 427//427 430//430 326//326
f 433//433 553//553 432//432
f 432//432 431//431 428//428
f 325//325 232//232 433//433
f 232//232 553//553 433//433
f 430//430 328//328 326//326
f 435//435 336//336 562//562
f 332//332 336//336 435//435
f 437//437 434//434 436//436
f 438//438 434//434 437//437
f 560//560 438//438 437//437
f 438//438 704//704 439//439
f 434//434 439//439 445//445
f 434//434 438//438 439//439
f 444//444 334//334 434//434
f 434//434 445//445 444//444
f 334//334 444//444 452//452
f 440//440 337//337 446//446
f 446//446 337//337 449//449
f 441//441 562//562 336//336
f 336//336 440//440 441//441
f 449//449 337//337 340//340
f 563//563 442//442 443//443
f 443//443 442//442 445//445
f 443//443 445//445 439//439
f 439//439 563//563 443//443
f 442//442 563//563 568//568
f 452//452 442//442 568//568
f 445//445 442//442 444//444
f 442//442 452//452 444//444
f 449//449 448//448 447//447
f 706//706 447//447 448//448
f 446//446 449//449 447//447
f 342//342 345//345 453//453
f 340//340 450//450 448//448
f 449//449 340//340 448//448
f 448//448 450//450 453//453
f 453//453 450//450 451//451
f 453//453 451//451 342//342
f 568//568 566//566 454//454
f 452//452 568//568 454//454
f 452//452 454//454 352//352
f 569//569 453//453 345//345
f 454//454 461//461 352//352
f 352//352 462//462 470//470
f 352//352 461//461 1731//1731
f 455//455 569//569 345//345
f 457//457 569//569 455//455
f 455//455 345//345 346//346
f 455//455 346//346 457//457
f 346//346 456//456 457//457
f 457//457 456//456 569//569
f 353//353 459//459 472//472
f 459//459 468//468 472//472
f 467//467 469//469 1733//1733
f 469//469 460//460 1733//1733
f 1728//1728 472//472 468//468
f 461//461 1729//1729 1734//1734
f 459//459 464//464 465//465
f 464//464 459//459 463//463
f 1735//1735 463//463 356//356
f 462//462 463//463 470//470
f 463//463 466//466 464//464
f 465//465 466//466 1732//1732
f 466//466 465//465 464//464
f 468//468 459//459 465//465
f 468//468 465//465 1732//1732
f 466//466 462//462 469//469
f 463//463 462//462 466//466
f 469//469 467//467 466//466
f 1731//1731 461//461 1734//1734
f 458//458 573//573 456//456
f 574//574 578//578 573//573
f 573//573 458//458 353//353
f 573//573 353//353 574//574
f 574//574 353//353 471//471
f 471//471 353//353 472//472
f 576//576 574//574 471//471
f 576//576 471//471 472//472
f 1728//1728 575//575 472//472
f 473//473 474//474 479//479
f 476//476 474//474 473//473
f 475//475 1736//1736 629//629
f 480//480 1746//1746 1738//1738
f 474//474 476//476 1889//1889
f 1747//1747 1737//1737 1739//1739
f 1749//1749 486//486 488//488
f 643//643 1759//1759 480//480
f 1748//1748 478//478 477//477
f 1741//1741 473//473 479//479
f 485//485 473//473 1741//1741
f 1743//1743 1757//1757 1742//1742
f 488//488 1744//1744 1749//1749
f 478//478 1748//1748 1750//1750
f 481//481 473//473 1763//1763
f 481//481 482//482 473//473
f 476//476 473//473 482//482
f 484//484 483//483 491//491
f 485//485 1763//1763 473//473
f 643//643 494//494 1759//1759
f 1760//1760 1752//1752 1754//1754
f 1759//1759 1764//1764 1753//1753
f 485//485 1755//1755 1763//1763
f 1756//1756 1758//1758 1761//1761
f 1759//1759 494//494 1764//1764
f 1758//1758 1745//1745 487//487
f 487//487 1761//1761 1758//1758
f 488//488 1762//1762 1744//1744
f 488//488 486//486 1762//1762
f 489//489 492//492 497//497
f 489//489 490//490 481//481
f 1763//1763 489//489 481//481
f 490//490 641//641 481//481
f 490//490 647//647 641//641
f 489//489 491//491 492//492
f 491//491 499//499 492//492
f 643//643 507//507 494//494
f 491//491 483//483 493//493
f 1696//1696 1764//1764 496//496
f 494//494 1696//1696 496//496
f 496//496 1764//1764 494//494
f 497//497 500//500 490//490
f 490//490 489//489 497//497
f 497//497 499//499 498//498
f 499//499 497//497 492//492
f 491//491 376//376 499//499
f 654//654 510//510 655//655
f 512//512 501//501 502//502
f 504//504 512//512 503//503
f 654//654 500//500 501//501
f 510//510 654//654 501//501
f 503//503 512//512 502//502
f 505//505 503//503 502//502
f 504//504 503//503 505//505
f 512//512 510//510 501//501
f 500//500 497//497 501//501
f 497//497 505//505 501//501
f 501//501 505//505 502//502
f 504//504 375//375 379//379
f 497//497 498//498 505//505
f 504//504 498//498 375//375
f 504//504 505//505 498//498
f 514//514 506//506 516//516
f 652//652 1765//1765 740//740
f 740//740 1765//1765 518//518
f 506//506 514//514 1769//1769
f 1770//1770 1771//1771 1766//1766
f 507//507 740//740 508//508
f 740//740 518//518 508//508
f 379//379 389//389 511//511
f 389//389 520//520 511//511
f 509//509 511//511 520//520
f 520//520 521//521 509//509
f 512//512 511//511 509//509
f 510//510 512//512 509//509
f 509//509 521//521 510//510
f 511//511 512//512 504//504
f 379//379 511//511 504//504
f 523//523 515//515 660//660
f 660//660 516//516 506//506
f 515//515 1768//1768 660//660
f 1768//1768 515//515 1767//1767
f 513//513 1767//1767 515//515
f 513//513 515//515 523//523
f 517//517 508//508 519//519
f 384//384 1771//1771 523//523
f 1767//1767 513//513 1770//1770
f 1770//1770 513//513 1771//1771
f 513//513 523//523 1771//1771
f 519//519 1720//1720 383//383
f 667//667 520//520 670//670
f 660//660 671//671 524//524
f 660//660 524//524 522//522
f 380//380 524//524 395//395
f 524//524 380//380 523//523
f 523//523 522//522 524//524
f 523//523 660//660 522//522
f 380//380 384//384 523//523
f 526//526 524//524 671//671
f 520//520 528//528 525//525
f 672//672 670//670 520//520
f 528//528 677//677 525//525
f 520//520 525//525 672//672
f 525//525 677//677 672//672
f 389//389 539//539 528//528
f 389//389 528//528 520//520
f 528//528 539//539 529//529
f 673//673 543//543 526//526
f 527//527 524//524 526//526
f 526//526 543//543 527//527
f 524//524 527//527 395//395
f 528//528 676//676 677//677
f 531//531 676//676 528//528
f 409//409 680//680 541//541
f 530//530 528//528 529//529
f 533//533 530//530 529//529
f 531//531 528//528 530//530
f 529//529 542//542 533//533
f 542//542 541//541 533//533
f 532//532 535//535 531//531
f 532//532 531//531 534//534
f 531//531 1772//1772 534//534
f 537//537 1773//1773 533//533
f 1774//1774 530//530 533//533
f 535//535 532//532 536//536
f 534//534 536//536 532//532
f 537//537 533//533 541//541
f 680//680 538//538 537//537
f 541//541 680//680 537//537
f 676//676 531//531 535//535
f 1773//1773 537//537 536//536
f 535//535 536//536 538//538
f 537//537 538//538 536//536
f 540//540 539//539 402//402
f 402//402 541//541 540//540
f 540//540 542//542 539//539
f 541//541 542//542 540//540
f 541//541 402//402 409//409
f 529//529 539//539 542//542
f 527//527 543//543 412//412
f 409//409 408//408 544//544
f 680//680 681//681 538//538
f 420//420 543//543 546//546
f 544//544 686//686 409//409
f 409//409 686//686 680//680
f 544//544 545//545 693//693
f 423//423 545//545 417//417
f 548//548 545//545 423//423
f 750//750 547//547 546//546
f 750//750 430//430 547//547
f 548//548 423//423 695//695
f 423//423 425//425 695//695
f 425//425 429//429 695//695
f 547//547 430//430 426//426
f 695//695 549//549 698//698
f 551//551 549//549 695//695
f 550//550 431//431 549//549
f 554//554 431//431 432//432
f 549//549 551//551 550//550
f 555//555 554//554 432//432
f 555//555 432//432 553//553
f 429//429 550//550 551//551
f 695//695 429//429 551//551
f 554//554 556//556 431//431
f 430//430 762//762 702//702
f 431//431 552//552 549//549
f 552//552 697//697 549//549
f 552//552 557//557 697//697
f 1775//1775 558//558 697//697
f 554//554 555//555 556//556
f 555//555 553//553 556//556
f 558//558 1775//1775 556//556
f 556//556 553//553 558//558
f 556//556 552//552 431//431
f 552//552 556//556 557//557
f 430//430 702//702 436//436
f 700//700 558//558 701//701
f 558//558 553//553 701//701
f 553//553 559//559 701//701
f 701//701 559//559 561//561
f 562//562 561//561 559//559
f 562//562 559//559 553//553
f 435//435 562//562 553//553
f 560//560 702//702 704//704
f 704//704 438//438 560//560
f 702//702 437//437 436//436
f 560//560 437//437 702//702
f 561//561 562//562 564//564
f 563//563 439//439 703//703
f 703//703 439//439 704//704
f 440//440 564//564 441//441
f 446//446 564//564 440//440
f 564//564 446//446 706//706
f 441//441 564//564 562//562
f 447//447 706//706 446//446
f 705//705 565//565 563//563
f 563//563 703//703 705//705
f 568//568 563//563 565//565
f 566//566 565//565 567//567
f 565//565 566//566 568//568
f 706//706 448//448 453//453
f 454//454 566//566 570//570
f 570//570 461//461 454//454
f 453//453 569//569 706//706
f 570//570 710//710 571//571
f 710//710 572//572 571//571
f 710//710 570//570 707//707
f 566//566 707//707 570//570
f 571//571 461//461 570//570
f 1729//1729 461//461 572//572
f 461//461 571//571 572//572
f 456//456 711//711 569//569
f 573//573 711//711 456//456
f 714//714 573//573 578//578
f 578//578 574//574 576//576
f 577//577 576//576 575//575
f 575//575 719//719 577//577
f 1729//1729 710//710 709//709
f 1730//1730 709//709 1776//1776
f 709//709 1913//1913 1776//1776
f 576//576 472//472 575//575
f 710//710 1729//1729 572//572
f 715//715 573//573 716//716
f 573//573 714//714 716//716
f 576//576 577//577 578//578
f 719//719 720//720 577//577
f 714//714 578//578 720//720
f 720//720 578//578 577//577
f 608//608 616//616 611//611
f 581//581 728//728 579//579
f 728//728 736//736 580//580
f 579//579 728//728 580//580
f 582//582 583//583 619//619
f 579//579 583//583 582//582
f 1779//1779 586//586 584//584
f 1781//1781 623//623 618//618
f 589//589 1788//1788 583//583
f 1861//1861 591//591 1782//1782
f 1862//1862 624//624 1802//1802
f 584//584 1803//1803 1779//1779
f 1780//1780 1804//1804 1864//1864
f 583//583 587//587 589//589
f 593//593 622//622 1805//1805
f 580//580 583//583 579//579
f 595//595 594//594 585//585
f 586//586 585//585 594//594
f 1809//1809 590//590 1783//1783
f 594//594 584//584 586//586
f 1876//1876 1784//1784 1801//1801
f 598//598 1811//1811 580//580
f 580//580 1811//1811 587//587
f 1811//1811 1785//1785 587//587
f 1785//1785 588//588 587//587
f 1799//1799 596//596 1789//1789
f 1790//1790 1813//1813 1786//1786
f 1787//1787 1814//1814 1795//1795
f 1815//1815 590//590 1809//1809
f 1805//1805 1879//1879 1877//1877
f 1805//1805 1877//1877 590//590
f 597//597 598//598 580//580
f 587//587 583//583 580//580
f 1796//1796 601//601 1791//1791
f 592//592 1792//1792 1825//1825
f 1807//1807 1816//1816 1793//1793
f 1808//1808 590//590 1815//1815
f 1817//1817 1800//1800 1794//1794
f 1805//1805 590//590 593//593
f 590//590 1808//1808 593//593
f 1826//1826 593//593 1808//1808
f 1812//1812 600//600 1810//1810
f 1809//1809 1824//1824 599//599
f 1815//1815 1809//1809 599//599
f 597//597 580//580 736//736
f 1819//1819 1943//1943 737//737
f 1824//1824 1820//1820 1946//1946
f 1947//1947 598//598 597//597
f 1821//1821 600//600 1812//1812
f 1827//1827 1797//1797 1822//1822
f 1826//1826 599//599 1824//1824
f 1823//1823 1798//1798 1818//1818
f 1824//1824 593//593 1826//1826
f 603//603 605//605 602//602
f 603//603 602//602 630//630
f 602//602 1831//1831 638//638
f 1828//1828 604//604 1832//1832
f 1893//1893 610//610 1829//1829
f 1828//1828 1840//1840 604//604
f 1830//1830 1906//1906 1833//1833
f 611//611 607//607 608//608
f 611//611 606//606 607//607
f 1837//1837 1834//1834 613//613
f 1777//1777 1838//1838 609//609
f 1838//1838 1837//1837 609//609
f 609//609 615//615 1777//1777
f 1837//1837 613//613 609//609
f 630//630 632//632 582//582
f 1778//1778 1853//1853 1894//1894
f 640//640 1841//1841 1854//1854
f 1895//1895 1855//1855 1842//1842
f 1858//1858 617//617 612//612
f 616//616 1845//1845 611//611
f 1865//1865 1878//1878 1859//1859
f 619//619 616//616 608//608
f 1846//1846 620//620 1843//1843
f 1844//1844 1871//1871 1835//1835
f 1836//1836 1872//1872 1848//1848
f 619//619 608//608 582//582
f 622//622 593//593 1873//1873
f 593//593 1849//1849 1873//1873
f 593//593 614//614 1849//1849
f 1839//1839 1850//1850 1851//1851
f 593//593 627//627 614//614
f 1856//1856 1839//1839 1851//1851
f 1857//1857 1852//1852 1885//1885
f 1854//1854 627//627 640//640
f 623//623 1866//1866 618//618
f 1860//1860 1873//1873 1847//1847
f 1880//1880 1867//1867 625//625
f 1881//1881 1863//1863 1868//1868
f 1882//1882 1869//1869 621//621
f 1874//1874 1870//1870 1806//1806
f 1883//1883 1875//1875 1860//1860
f 1875//1875 1805//1805 622//622
f 1875//1875 622//622 1860//1860
f 622//622 1873//1873 1860//1860
f 617//617 1858//1858 1884//1884
f 1884//1884 1858//1858 1877//1877
f 1884//1884 1877//1877 1879//1879
f 642//642 646//646 626//626
f 626//626 646//646 645//645
f 626//626 645//645 581//581
f 725//725 581//581 645//645
f 626//626 581//581 579//579
f 582//582 626//626 579//579
f 627//627 593//593 735//735
f 632//632 476//476 626//626
f 632//632 633//633 476//476
f 482//482 626//626 476//476
f 626//626 582//582 632//632
f 627//627 643//643 640//640
f 735//735 643//643 627//627
f 476//476 633//633 1890//1890
f 633//633 634//634 1890//1890
f 634//634 628//628 1890//1890
f 1886//1886 637//637 1891//1891
f 1903//1903 1740//1740 1892//1892
f 1904//1904 643//643 1738//1738
f 1738//1738 643//643 480//480
f 630//630 631//631 632//632
f 630//630 602//602 631//631
f 632//632 631//631 633//633
f 631//631 602//602 633//633
f 602//602 639//639 633//633
f 635//635 1897//1897 1907//1907
f 1896//1896 1907//1907 1897//1897
f 1899//1899 636//636 1898//1898
f 602//602 638//638 639//639
f 1898//1898 636//636 1887//1887
f 1908//1908 1904//1904 1900//1900
f 1901//1901 1905//1905 1902//1902
f 1902//1902 1905//1905 1888//1888
f 1908//1908 643//643 1904//1904
f 640//640 1830//1830 1841//1841
f 1830//1830 1908//1908 1906//1906
f 640//640 1908//1908 1830//1830
f 640//640 643//643 1908//1908
f 647//647 646//646 641//641
f 642//642 641//641 646//646
f 482//482 481//481 641//641
f 626//626 641//641 642//642
f 626//626 482//482 641//641
f 643//643 735//735 738//738
f 644//644 651//651 645//645
f 647//647 490//490 644//644
f 646//646 647//647 644//644
f 644//644 645//645 646//646
f 507//507 643//643 738//738
f 740//740 507//507 738//738
f 648//648 742//742 741//741
f 500//500 656//656 649//649
f 648//648 650//650 656//656
f 648//648 741//741 651//651
f 644//644 649//649 650//650
f 650//650 649//649 656//656
f 650//650 648//648 651//651
f 644//644 650//650 651//651
f 490//490 649//649 644//644
f 500//500 649//649 490//490
f 743//743 657//657 1909//1909
f 506//506 1909//1909 657//657
f 648//648 653//653 742//742
f 742//742 653//653 659//659
f 659//659 653//653 656//656
f 500//500 654//654 656//656
f 656//656 654//654 659//659
f 648//648 656//656 653//653
f 657//657 671//671 660//660
f 657//657 743//743 671//671
f 506//506 657//657 660//660
f 742//742 659//659 658//658
f 655//655 510//510 521//521
f 655//655 521//521 665//665
f 654//654 655//655 659//659
f 659//659 655//655 665//665
f 663//663 659//659 665//665
f 665//665 661//661 663//663
f 665//665 666//666 661//661
f 661//661 666//666 662//662
f 664//664 661//661 662//662
f 662//662 668//668 664//664
f 745//745 663//663 661//661
f 663//663 1950//1950 659//659
f 667//667 521//521 520//520
f 666//666 665//665 521//521
f 666//666 521//521 667//667
f 670//670 668//668 667//667
f 662//662 666//666 668//668
f 666//666 667//667 668//668
f 746//746 745//745 669//669
f 669//669 668//668 670//670
f 664//664 668//668 669//669
f 669//669 670//670 746//746
f 661//661 664//664 745//745
f 664//664 669//669 745//745
f 673//673 671//671 744//744
f 746//746 670//670 748//748
f 673//673 526//526 671//671
f 678//678 674//674 677//677
f 677//677 674//674 675//675
f 672//672 675//675 748//748
f 748//748 675//675 674//674
f 748//748 670//670 672//672
f 672//672 677//677 675//675
f 676//676 678//678 677//677
f 681//681 676//676 535//535
f 535//535 538//538 681//681
f 748//748 674//674 749//749
f 678//678 749//749 674//674
f 749//749 678//678 679//679
f 679//679 680//680 687//687
f 683//683 681//681 680//680
f 678//678 676//676 679//679
f 676//676 682//682 679//679
f 676//676 681//681 682//682
f 1910//1910 682//682 681//681
f 1910//1910 679//679 682//682
f 680//680 679//679 683//683
f 546//546 543//543 750//750
f 679//679 687//687 685//685
f 753//753 684//684 688//688
f 689//689 686//686 690//690
f 689//689 1911//1911 686//686
f 684//684 687//687 688//688
f 686//686 687//687 680//680
f 687//687 686//686 688//688
f 754//754 1911//1911 691//691
f 754//754 753//753 1912//1912
f 754//754 691//691 692//692
f 754//754 692//692 756//756
f 756//756 692//692 548//548
f 757//757 756//756 548//548
f 694//694 690//690 693//693
f 692//692 690//690 694//694
f 1911//1911 689//689 691//691
f 690//690 686//686 693//693
f 689//689 690//690 691//691
f 690//690 692//692 691//691
f 686//686 544//544 693//693
f 694//694 693//693 545//545
f 694//694 545//545 548//548
f 548//548 692//692 694//694
f 759//759 430//430 750//750
f 757//757 548//548 695//695
f 696//696 758//758 698//698
f 698//698 699//699 696//696
f 760//760 761//761 696//696
f 699//699 760//760 696//696
f 757//757 695//695 758//758
f 695//695 698//698 758//758
f 761//761 758//758 696//696
f 697//697 700//700 698//698
f 700//700 699//699 698//698
f 558//558 700//700 697//697
f 549//549 697//697 698//698
f 764//764 701//701 766//766
f 706//706 766//766 701//701
f 561//561 706//706 701//701
f 706//706 561//561 564//564
f 704//704 702//702 767//767
f 706//706 768//768 766//766
f 703//703 704//704 770//770
f 705//705 703//703 770//770
f 704//704 771//771 770//770
f 565//565 705//705 567//567
f 965//965 768//768 706//706
f 566//566 567//567 707//707
f 567//567 705//705 707//707
f 707//707 705//705 775//775
f 706//706 569//569 965//965
f 708//708 707//707 776//776
f 965//965 569//569 969//969
f 969//969 569//569 711//711
f 783//783 710//710 708//708
f 707//707 708//708 710//710
f 709//709 710//710 721//721
f 721//721 1913//1913 709//709
f 573//573 715//715 713//713
f 713//713 715//715 712//712
f 712//712 715//715 780//780
f 715//715 716//716 780//780
f 781//781 713//713 712//712
f 718//718 780//780 717//717
f 716//716 714//714 717//717
f 714//714 720//720 717//717
f 721//721 718//718 720//720
f 718//718 717//717 720//720
f 780//780 716//716 717//717
f 710//710 783//783 721//721
f 783//783 718//718 721//721
f 721//721 720//720 1913//1913
f 725//725 722//722 581//581
f 1914//1914 726//726 731//731
f 581//581 722//722 1933//1933
f 731//731 726//726 723//723
f 723//723 734//734 731//731
f 724//724 1922//1922 1915//1915
f 1917//1917 722//722 725//725
f 1923//1923 738//738 1916//1916
f 1916//1916 738//738 1941//1941
f 1920//1920 789//789 727//727
f 1925//1925 1918//1918 1921//1921
f 1919//1919 1926//1926 1924//1924
f 1923//1923 1927//1927 738//738
f 738//738 1927//1927 1955//1955
f 730//730 729//729 728//728
f 728//728 729//729 736//736
f 1944//1944 1928//1928 733//733
f 1937//1937 735//735 593//593
f 1929//1929 1930//1930 1938//1938
f 730//730 728//728 1933//1933
f 728//728 581//581 1933//1933
f 732//732 1931//1931 1934//1934
f 1939//1939 1932//1932 1935//1935
f 1934//1934 1942//1942 732//732
f 1936//1936 1941//1941 735//735
f 735//735 1937//1937 1936//1936
f 1948//1948 1945//1945 1940//1940
f 1946//1946 1937//1937 1824//1824
f 1824//1824 1937//1937 593//593
f 1941//1941 738//738 735//735
f 645//645 888//888 725//725
f 651//651 741//741 645//645
f 791//791 645//645 741//741
f 739//739 889//889 743//743
f 739//739 743//743 1909//1909
f 740//740 739//739 652//652
f 742//742 890//890 741//741
f 743//743 744//744 671//671
f 658//658 890//890 742//742
f 658//658 659//659 1950//1950
f 806//806 673//673 744//744
f 808//808 804//804 1950//1950
f 745//745 746//746 748//748
f 745//745 748//748 747//747
f 747//747 748//748 812//812
f 673//673 809//809 818//818
f 812//812 748//748 811//811
f 748//748 749//749 811//811
f 750//750 543//543 818//818
f 673//673 818//818 543//543
f 749//749 685//685 819//819
f 749//749 679//679 685//685
f 684//684 753//753 687//687
f 685//685 687//687 755//755
f 687//687 753//753 755//755
f 685//685 824//824 819//819
f 831//831 751//751 753//753
f 755//755 824//824 685//685
f 824//824 755//755 752//752
f 755//755 751//751 752//752
f 751//751 755//755 753//753
f 754//754 831//831 753//753
f 823//823 752//752 831//831
f 754//754 756//756 831//831
f 831//831 752//752 751//751
f 761//761 757//757 758//758
f 759//759 829//829 762//762
f 762//762 430//430 759//759
f 757//757 831//831 756//756
f 700//700 760//760 699//699
f 761//761 760//760 757//757
f 700//700 701//701 760//760
f 760//760 701//701 763//763
f 762//762 829//829 834//834
f 836//836 760//760 763//763
f 763//763 701//701 764//764
f 762//762 834//834 837//837
f 765//765 762//762 837//837
f 702//702 762//762 765//765
f 702//702 765//765 767//767
f 840//840 764//764 766//766
f 763//763 764//764 840//840
f 766//766 846//846 840//840
f 766//766 768//768 846//846
f 949//949 767//767 765//765
f 767//767 949//949 960//960
f 704//704 767//767 771//771
f 846//846 768//768 965//965
f 848//848 771//771 767//767
f 769//769 770//770 848//848
f 772//772 769//769 848//848
f 772//772 773//773 769//769
f 771//771 848//848 770//770
f 773//773 705//705 769//769
f 775//775 705//705 773//773
f 769//769 705//705 770//770
f 774//774 707//707 775//775
f 773//773 774//774 775//775
f 856//856 860//860 776//776
f 774//774 857//857 707//707
f 776//776 707//707 857//857
f 776//776 857//857 856//856
f 860//860 783//783 776//776
f 776//776 783//783 708//708
f 862//862 711//711 573//573
f 781//781 778//778 787//787
f 777//777 783//783 861//861
f 1952//1952 1951//1951 785//785
f 785//785 777//777 861//861
f 785//785 1951//1951 777//777
f 783//783 860//860 861//861
f 712//712 780//780 781//781
f 782//782 718//718 779//779
f 718//718 782//782 780//780
f 782//782 781//781 780//780
f 1951//1951 782//782 779//779
f 783//783 777//777 779//779
f 1951//1951 779//779 777//777
f 782//782 778//778 781//781
f 783//783 779//779 718//718
f 786//786 868//868 784//784
f 868//868 786//786 785//785
f 573//573 713//713 784//784
f 713//713 781//781 784//784
f 784//784 781//781 1953//1953
f 1952//1952 786//786 784//784
f 786//786 1952//1952 785//785
f 788//788 725//725 888//888
f 789//789 1920//1920 1954//1954
f 1955//1955 790//790 738//738
f 738//738 790//790 740//740
f 1956//1956 886//886 1949//1949
f 886//886 1956//1956 874//874
f 887//887 792//792 739//739
f 879//879 887//887 883//883
f 879//879 878//878 887//887
f 792//792 887//887 878//878
f 887//887 739//739 740//740
f 740//740 1969//1969 887//887
f 890//890 888//888 791//791
f 888//888 645//645 791//791
f 792//792 889//889 739//739
f 741//741 890//890 791//791
f 794//794 743//743 793//793
f 889//889 794//794 793//793
f 793//793 743//743 889//889
f 794//794 744//744 743//743
f 894//894 796//796 800//800
f 658//658 795//795 796//796
f 801//801 796//796 795//795
f 800//800 796//796 801//801
f 796//796 890//890 658//658
f 892//892 744//744 794//794
f 796//796 894//894 893//893
f 894//894 800//800 895//895
f 800//800 802//802 895//895
f 803//803 895//895 802//802
f 797//797 895//895 803//803
f 803//803 805//805 797//797
f 890//890 796//796 893//893
f 658//658 804//804 805//805
f 804//804 658//658 1950//1950
f 798//798 799//799 658//658
f 805//805 798//798 658//658
f 799//799 801//801 795//795
f 798//798 801//801 799//799
f 803//803 798//798 805//805
f 802//802 800//800 801//801
f 801//801 803//803 802//802
f 798//798 803//803 801//801
f 799//799 795//795 658//658
f 910//910 797//797 805//805
f 910//910 805//805 808//808
f 805//805 804//804 808//808
f 806//806 809//809 673//673
f 919//919 808//808 807//807
f 919//919 915//915 808//808
f 807//807 808//808 745//745
f 807//807 745//745 747//747
f 919//919 807//807 810//810
f 810//810 815//815 816//816
f 810//810 807//807 814//814
f 815//815 810//810 814//814
f 813//813 811//811 819//819
f 807//807 747//747 814//814
f 812//812 814//814 747//747
f 811//811 815//815 812//812
f 813//813 815//815 811//811
f 814//814 812//812 815//815
f 813//813 819//819 816//816
f 819//819 820//820 816//816
f 813//813 816//816 815//815
f 819//819 811//811 749//749
f 817//817 925//925 818//818
f 925//925 933//933 818//818
f 821//821 818//818 933//933
f 821//821 750//750 818//818
f 819//819 824//824 930//930
f 930//930 820//820 819//819
f 824//824 752//752 823//823
f 825//825 750//750 821//821
f 930//930 824//824 822//822
f 934//934 1957//1957 824//824
f 827//827 823//823 831//831
f 824//824 823//823 934//934
f 823//823 827//827 934//934
f 829//829 825//825 828//828
f 936//936 828//828 825//825
f 825//825 829//829 750//750
f 830//830 826//826 831//831
f 827//827 831//831 826//826
f 943//943 826//826 830//830
f 833//833 829//829 832//832
f 829//829 944//944 832//832
f 759//759 750//750 829//829
f 835//835 830//830 831//831
f 831//831 757//757 760//760
f 760//760 836//836 831//831
f 833//833 832//832 945//945
f 834//834 833//833 945//945
f 945//945 838//838 834//834
f 833//833 834//834 829//829
f 835//835 836//836 947//947
f 835//835 831//831 836//836
f 836//836 763//763 839//839
f 948//948 837//837 838//838
f 838//838 837//837 834//834
f 836//836 839//839 947//947
f 840//840 843//843 839//839
f 839//839 763//763 840//840
f 837//837 959//959 841//841
f 837//837 841//841 842//842
f 841//841 959//959 842//842
f 837//837 842//842 949//949
f 837//837 949//949 765//765
f 951//951 947//947 950//950
f 950//950 947//947 844//844
f 844//844 947//947 839//839
f 843//843 844//844 839//839
f 843//843 954//954 844//844
f 844//844 953//953 950//950
f 954//954 843//843 952//952
f 952//952 843//843 840//840
f 955//955 840//840 846//846
f 845//845 846//846 849//849
f 958//958 845//845 849//849
f 850//850 847//847 960//960
f 960//960 847//847 767//767
f 853//853 848//848 847//847
f 853//853 772//772 848//848
f 767//767 847//847 848//848
f 960//960 962//962 850//850
f 962//962 961//961 850//850
f 847//847 851//851 852//852
f 851//851 847//847 850//850
f 851//851 963//963 852//852
f 851//851 850//850 961//961
f 851//851 961//961 963//963
f 847//847 852//852 853//853
f 854//854 852//852 963//963
f 963//963 857//857 854//854
f 773//773 772//772 853//853
f 854//854 774//774 773//773
f 852//852 854//854 773//773
f 773//773 853//853 852//852
f 774//774 854//854 857//857
f 965//965 849//849 846//846
f 965//965 1051//1051 849//849
f 855//855 856//856 857//857
f 785//785 859//859 858//858
f 867//867 858//858 855//855
f 858//858 867//867 785//785
f 860//860 856//856 1958//1958
f 856//856 855//855 1958//1958
f 858//858 859//859 855//855
f 859//859 785//785 861//861
f 860//860 1958//1958 861//861
f 969//969 711//711 974//974
f 711//711 862//862 974//974
f 862//862 573//573 864//864
f 862//862 975//975 974//974
f 864//864 863//863 862//862
f 976//976 975//975 862//862
f 862//862 863//863 976//976
f 863//863 866//866 977//977
f 864//864 866//866 863//863
f 573//573 784//784 864//864
f 864//864 784//784 866//866
f 855//855 865//865 867//867
f 868//868 866//866 784//784
f 865//865 981//981 868//868
f 868//868 981//981 1959//1959
f 867//867 868//868 785//785
f 868//868 867//867 865//865
f 869//869 983//983 870//870
f 983//983 984//984 870//870
f 1954//1954 869//869 789//789
f 1960//1960 788//788 888//888
f 870//870 789//789 869//869
f 1960//1960 888//888 1981//1981
f 984//984 873//873 870//870
f 871//871 870//870 873//873
f 871//871 789//789 870//870
f 872//872 880//880 875//875
f 880//880 872//872 985//985
f 987//987 880//880 985//985
f 871//871 873//873 1961//1961
f 872//872 873//873 985//985
f 874//874 1956//1956 789//789
f 789//789 876//876 874//874
f 886//886 874//874 885//885
f 877//877 1966//1966 1962//1962
f 874//874 1963//1963 885//885
f 877//877 875//875 1966//1966
f 789//789 871//871 876//876
f 872//872 877//877 1962//1962
f 875//875 877//877 872//872
f 876//876 871//871 1961//1961
f 889//889 878//878 879//879
f 884//884 882//882 880//880
f 882//882 875//875 880//880
f 880//880 881//881 884//884
f 879//879 1965//1965 881//881
f 879//879 881//881 989//989
f 875//875 882//882 1966//1966
f 1966//1966 882//882 1964//1964
f 882//882 884//884 1964//1964
f 883//883 1965//1965 879//879
f 1967//1967 883//883 887//887
f 1968//1968 887//887 1969//1969
f 990//990 888//888 890//890
f 878//878 889//889 792//792
f 995//995 994//994 890//890
f 890//890 994//994 1070//1070
f 890//890 891//891 995//995
f 1095//1095 892//892 998//998
f 998//998 892//892 794//794
f 891//891 893//893 897//897
f 890//890 893//893 891//891
f 909//909 897//897 893//893
f 896//896 894//894 895//895
f 895//895 797//797 896//896
f 896//896 797//797 906//906
f 909//909 893//893 894//894
f 909//909 894//894 896//896
f 1973//1973 909//909 896//896
f 1095//1095 744//744 892//892
f 897//897 901//901 904//904
f 898//898 1971//1971 903//903
f 1001//1001 897//897 1003//1003
f 904//904 1003//1003 897//897
f 1972//1972 898//898 1003//1003
f 1003//1003 898//898 912//912
f 912//912 907//907 910//910
f 907//907 899//899 908//908
f 912//912 910//910 914//914
f 901//901 897//897 899//899
f 897//897 909//909 899//899
f 899//899 900//900 902//902
f 907//907 900//900 899//899
f 912//912 902//902 900//900
f 900//900 907//907 912//912
f 903//903 912//912 898//898
f 901//901 899//899 902//902
f 904//904 901//901 902//902
f 902//902 912//912 903//903
f 1971//1971 1970//1970 903//903
f 911//911 910//910 907//907
f 911//911 905//905 906//906
f 905//905 911//911 907//907
f 899//899 1974//1974 908//908
f 907//907 908//908 906//906
f 908//908 1974//1974 906//906
f 905//905 907//907 906//906
f 911//911 906//906 797//797
f 911//911 797//797 910//910
f 915//915 910//910 808//808
f 1101//1101 916//916 1004//1004
f 916//916 806//806 744//744
f 916//916 744//744 1004//1004
f 912//912 913//913 1003//1003
f 912//912 914//914 913//913
f 910//910 915//915 914//914
f 914//914 919//919 913//913
f 915//915 919//919 914//914
f 806//806 916//916 917//917
f 1007//1007 916//916 1101//1101
f 916//916 1007//1007 917//917
f 806//806 917//917 809//809
f 913//913 919//919 918//918
f 919//919 810//810 918//918
f 918//918 810//810 923//923
f 1009//1009 924//924 817//817
f 917//917 1009//1009 809//809
f 1009//1009 817//817 809//809
f 1009//1009 917//917 1007//1007
f 809//809 817//817 818//818
f 918//918 921//921 920//920
f 920//920 926//926 1018//1018
f 920//920 927//927 926//926
f 920//920 921//921 927//927
f 929//929 922//922 1016//1016
f 927//927 922//922 929//929
f 913//913 918//918 920//920
f 923//923 922//922 927//927
f 918//918 923//923 921//921
f 923//923 927//927 921//921
f 922//922 816//816 931//931
f 931//931 816//816 820//820
f 923//923 816//816 922//922
f 1016//1016 922//922 931//931
f 816//816 923//923 810//810
f 1020//1020 924//924 1009//1009
f 1020//1020 932//932 924//924
f 925//925 817//817 924//924
f 925//925 924//924 933//933
f 932//932 933//933 924//924
f 928//928 1018//1018 926//926
f 1975//1975 927//927 928//928
f 929//929 928//928 927//927
f 1018//1018 928//928 1015//1015
f 928//928 1016//1016 1015//1015
f 928//928 929//929 1016//1016
f 820//820 930//930 931//931
f 930//930 937//937 931//931
f 933//933 825//825 821//821
f 825//825 933//933 935//935
f 935//935 933//933 932//932
f 1020//1020 935//935 932//932
f 937//937 930//930 822//822
f 934//934 827//827 940//940
f 1020//1020 1116//1116 935//935
f 935//935 1022//1022 936//936
f 1022//1022 942//942 936//936
f 935//935 936//936 825//825
f 937//937 939//939 938//938
f 937//937 1957//1957 939//939
f 1957//1957 934//934 939//939
f 1976//1976 934//934 940//940
f 941//941 940//940 826//826
f 941//941 826//826 943//943
f 826//826 940//940 827//827
f 829//829 942//942 944//944
f 828//828 936//936 942//942
f 828//828 942//942 829//829
f 1027//1027 941//941 1028//1028
f 939//939 1027//1027 938//938
f 941//941 1027//1027 1976//1976
f 1041//1041 1040//1040 1028//1028
f 1041//1041 943//943 830//830
f 941//941 1976//1976 940//940
f 941//941 943//943 1028//1028
f 943//943 1041//1041 1028//1028
f 832//832 944//944 945//945
f 1041//1041 830//830 946//946
f 835//835 946//946 830//830
f 1046//1046 945//945 944//944
f 838//838 945//945 1046//1046
f 838//838 1046//1046 948//948
f 946//946 835//835 947//947
f 948//948 1046//1046 959//959
f 837//837 948//948 959//959
f 949//949 842//842 959//959
f 946//946 947//947 1049//1049
f 950//950 953//953 951//951
f 958//958 951//951 956//956
f 958//958 849//849 951//951
f 951//951 849//849 1051//1051
f 956//956 951//951 953//953
f 844//844 954//954 953//953
f 955//955 952//952 840//840
f 955//955 954//954 952//952
f 953//953 954//954 956//956
f 954//954 958//958 956//956
f 954//954 957//957 958//958
f 957//957 955//955 845//845
f 957//957 954//954 955//955
f 955//955 846//846 845//845
f 958//958 957//957 845//845
f 949//949 959//959 960//960
f 1049//1049 947//947 1051//1051
f 951//951 1051//1051 947//947
f 959//959 1046//1046 962//962
f 962//962 960//960 959//959
f 963//963 961//961 962//962
f 963//963 962//962 857//857
f 965//965 964//964 1051//1051
f 857//857 962//962 855//855
f 865//865 855//855 962//962
f 966//966 964//964 965//965
f 966//966 1056//1056 964//964
f 965//965 969//969 966//966
f 966//966 967//967 1056//1056
f 970//970 969//969 974//974
f 971//971 970//970 974//974
f 966//966 969//969 970//970
f 972//972 970//970 971//971
f 972//972 967//967 970//970
f 967//967 966//966 970//970
f 971//971 979//979 972//972
f 978//978 962//962 973//973
f 968//968 1977//1977 1978//1978
f 1978//1978 973//973 968//968
f 979//979 971//971 974//974
f 974//974 975//975 979//979
f 975//975 976//976 977//977
f 979//979 975//975 977//977
f 978//978 980//980 981//981
f 980//980 1978//1978 1980//1980
f 1979//1979 980//980 1980//1980
f 981//981 980//980 1979//1979
f 978//978 973//973 980//980
f 973//973 1978//1978 980//980
f 865//865 978//978 981//981
f 1959//1959 981//981 1979//1979
f 863//863 977//977 976//976
f 962//962 978//978 865//865
f 1057//1057 1981//1981 982//982
f 983//983 1057//1057 984//984
f 1059//1059 982//982 888//888
f 1059//1059 888//888 991//991
f 888//888 982//982 1981//1981
f 873//873 1064//1064 985//985
f 1064//1064 987//987 985//985
f 986//986 987//987 1064//1064
f 986//986 988//988 987//987
f 987//987 988//988 880//880
f 880//880 988//988 881//881
f 881//881 988//988 989//989
f 988//988 986//986 989//989
f 888//888 990//990 991//991
f 992//992 1153//1153 889//889
f 992//992 1065//1065 1153//1153
f 992//992 889//889 879//879
f 992//992 986//986 1064//1064
f 1064//1064 1065//1065 992//992
f 879//879 1982//1982 992//992
f 992//992 1982//1982 986//986
f 1070//1070 990//990 890//890
f 1074//1074 889//889 1075//1075
f 1153//1153 1075//1075 889//889
f 993//993 1069//1069 1070//1070
f 993//993 996//996 1073//1073
f 994//994 995//995 996//996
f 993//993 1070//1070 994//994
f 993//993 994//994 996//996
f 1080//1080 889//889 1989//1989
f 995//995 891//891 1072//1072
f 1072//1072 891//891 1071//1071
f 996//996 995//995 1072//1072
f 1080//1080 794//794 889//889
f 1087//1087 1079//1079 997//997
f 997//997 1071//1071 891//891
f 1080//1080 998//998 794//794
f 997//997 891//891 1087//1087
f 891//891 897//897 1001//1001
f 999//999 998//998 1000//1000
f 1095//1095 998//998 999//999
f 1095//1095 1004//1004 744//744
f 1001//1001 1092//1092 1002//1002
f 1001//1001 1002//1002 891//891
f 1001//1001 1003//1003 1099//1099
f 1094//1094 1004//1004 1095//1095
f 1094//1094 1101//1101 1004//1004
f 1003//1003 913//913 1006//1006
f 1101//1101 1009//1009 1007//1007
f 1006//1006 1099//1099 1003//1003
f 1103//1103 1006//1006 1005//1005
f 1008//1008 1103//1103 1005//1005
f 1099//1099 1006//1006 1103//1103
f 1005//1005 1006//1006 913//913
f 1005//1005 913//913 1011//1011
f 1008//1008 1104//1104 1103//1103
f 1011//1011 1008//1008 1005//1005
f 1011//1011 1105//1105 1008//1008
f 913//913 920//920 1011//1011
f 1011//1011 920//920 1017//1017
f 1018//1018 1017//1017 920//920
f 1009//1009 1101//1101 1106//1106
f 1012//1012 1109//1109 1010//1010
f 1110//1110 1111//1111 1010//1010
f 1109//1109 1110//1110 1010//1010
f 1109//1109 1012//1012 1013//1013
f 1017//1017 1012//1012 1011//1011
f 1105//1105 1011//1011 1010//1010
f 1012//1012 1010//1010 1011//1011
f 1017//1017 1013//1013 1012//1012
f 1014//1014 1013//1013 1017//1017
f 1014//1014 1114//1114 1013//1013
f 1017//1017 1018//1018 1015//1015
f 1017//1017 1015//1015 1016//1016
f 1016//1016 1014//1014 1017//1017
f 1009//1009 1019//1019 1020//1020
f 937//937 1021//1021 1016//1016
f 1021//1021 1014//1014 1016//1016
f 1014//1014 1021//1021 1115//1115
f 1016//1016 931//931 937//937
f 1024//1024 1021//1021 937//937
f 1021//1021 1024//1024 1119//1119
f 1033//1033 942//942 1022//1022
f 1033//1033 944//944 942//942
f 1116//1116 1033//1033 1022//1022
f 1116//1116 1022//1022 935//935
f 1119//1119 1024//1024 1118//1118
f 1024//1024 1023//1023 1118//1118
f 1026//1026 1023//1023 1024//1024
f 1118//1118 1023//1023 1120//1120
f 1023//1023 1026//1026 1122//1122
f 1120//1120 1023//1023 1122//1122
f 1025//1025 1032//1032 1030//1030
f 1034//1034 1983//1983 1030//1030
f 1032//1032 1026//1026 1024//1024
f 1025//1025 1026//1026 1032//1032
f 1024//1024 937//937 938//938
f 1027//1027 1028//1028 1031//1031
f 1028//1028 1040//1040 1031//1031
f 938//938 1032//1032 1024//1024
f 1029//1029 1027//1027 1030//1030
f 1027//1027 1029//1029 938//938
f 1034//1034 1030//1030 1031//1031
f 1030//1030 1027//1027 1031//1031
f 938//938 1029//1029 1032//1032
f 1032//1032 1029//1029 1030//1030
f 1116//1116 1046//1046 1033//1033
f 1046//1046 944//944 1033//1033
f 1031//1031 1035//1035 1034//1034
f 1983//1983 1034//1034 1035//1035
f 1038//1038 1035//1035 1036//1036
f 1036//1036 1039//1039 1038//1038
f 1127//1127 1038//1038 1039//1039
f 1983//1983 1035//1035 1037//1037
f 1123//1123 1037//1037 1124//1124
f 1124//1124 1035//1035 1038//1038
f 1124//1124 1037//1037 1035//1035
f 1039//1039 1044//1044 1127//1127
f 1025//1025 1123//1123 1026//1026
f 1123//1123 1983//1983 1037//1037
f 1038//1038 1127//1127 1124//1124
f 1039//1039 1040//1040 1041//1041
f 1036//1036 1031//1031 1040//1040
f 1041//1041 946//946 1042//1042
f 1036//1036 1040//1040 1039//1039
f 1041//1041 1042//1042 1039//1039
f 1036//1036 1035//1035 1031//1031
f 1042//1042 1043//1043 1045//1045
f 1044//1044 1039//1039 1042//1042
f 1045//1045 1044//1044 1042//1042
f 1044//1044 1125//1125 1127//1127
f 1044//1044 1045//1045 1125//1125
f 1043//1043 1128//1128 1045//1045
f 1042//1042 946//946 1043//1043
f 1043//1043 946//946 1047//1047
f 1047//1047 1128//1128 1043//1043
f 1047//1047 946//946 1049//1049
f 1049//1049 1048//1048 1047//1047
f 1129//1129 1050//1050 1046//1046
f 1132//1132 1049//1049 1051//1051
f 1046//1046 1050//1050 962//962
f 1141//1141 1132//1132 1051//1051
f 1050//1050 1240//1240 1052//1052
f 962//962 1052//1052 1054//1054
f 1050//1050 1052//1052 962//962
f 1141//1141 1051//1051 964//964
f 1052//1052 1140//1140 1054//1054
f 962//962 1054//1054 1055//1055
f 1146//1146 1141//1141 964//964
f 1146//1146 964//964 1056//1056
f 2003//2003 1985//1985 1053//1053
f 2003//2003 1053//1053 1148//1148
f 2005//2005 1984//1984 1054//1054
f 973//973 962//962 1055//1055
f 1055//1055 968//968 973//973
f 1053//1053 1977//1977 968//968
f 1054//1054 968//968 1055//1055
f 1984//1984 968//968 1054//1054
f 1977//1977 1053//1053 1985//1985
f 1058//1058 1057//1057 982//982
f 1058//1058 1060//1060 1057//1057
f 1062//1062 1057//1057 1060//1060
f 1057//1057 1062//1062 984//984
f 984//984 1062//1062 873//873
f 990//990 1059//1059 991//991
f 1150//1150 1061//1061 1059//1059
f 1059//1059 1058//1058 982//982
f 1059//1059 1060//1060 1058//1058
f 1061//1061 1060//1060 1059//1059
f 1063//1063 1986//1986 1987//1987
f 1063//1063 873//873 1062//1062
f 1063//1063 1065//1065 1064//1064
f 1063//1063 1062//1062 1986//1986
f 873//873 1063//1063 1064//1064
f 1067//1067 1988//1988 1155//1155
f 1066//1066 990//990 1070//1070
f 1067//1067 990//990 1066//1066
f 1067//1067 1066//1066 1070//1070
f 990//990 1067//1067 1250//1250
f 1256//1256 1158//1158 1153//1153
f 1153//1153 1158//1158 1075//1075
f 1069//1069 993//993 1068//1068
f 1988//1988 1068//1068 1155//1155
f 1068//1068 993//993 1073//1073
f 1070//1070 1988//1988 1067//1067
f 1076//1076 1156//1156 1068//1068
f 1068//1068 1156//1156 1155//1155
f 1071//1071 1076//1076 1068//1068
f 1068//1068 1073//1073 1072//1072
f 996//996 1072//1072 1073//1073
f 1072//1072 1071//1071 1068//1068
f 1080//1080 1989//1989 1166//1166
f 1157//1157 2009//2009 1074//1074
f 1157//1157 1074//1074 1158//1158
f 1074//1074 1075//1075 1158//1158
f 1076//1076 1078//1078 1077//1077
f 1076//1076 1077//1077 1087//1087
f 1077//1077 1079//1079 1087//1087
f 1077//1077 1078//1078 1079//1079
f 1071//1071 1079//1079 1078//1078
f 1079//1079 1071//1071 997//997
f 1076//1076 1071//1071 1078//1078
f 1000//1000 1080//1080 1088//1088
f 1086//1086 1087//1087 1085//1085
f 1086//1086 1167//1167 1076//1076
f 1087//1087 1086//1086 1076//1076
f 1167//1167 1086//1086 1081//1081
f 1092//1092 1083//1083 1084//1084
f 891//891 1002//1002 1084//1084
f 1002//1002 1092//1092 1084//1084
f 891//891 1085//1085 1087//1087
f 1082//1082 1085//1085 891//891
f 1083//1083 1085//1085 1082//1082
f 1083//1083 1082//1082 1084//1084
f 891//891 1084//1084 1082//1082
f 1086//1086 1083//1083 1081//1081
f 1086//1086 1085//1085 1083//1083
f 1089//1089 1088//1088 1093//1093
f 1088//1088 1161//1161 1093//1093
f 1088//1088 1089//1089 1000//1000
f 1000//1000 1089//1089 999//999
f 998//998 1080//1080 1000//1000
f 1090//1090 1081//1081 1083//1083
f 1090//1090 1172//1172 1091//1091
f 1091//1091 1081//1081 1090//1090
f 1083//1083 1092//1092 1090//1090
f 1179//1179 1095//1095 1093//1093
f 1089//1089 1093//1093 999//999
f 999//999 1093//1093 1095//1095
f 1096//1096 1090//1090 1092//1092
f 1176//1176 1090//1090 1096//1096
f 1096//1096 1177//1177 1176//1176
f 1001//1001 1099//1099 1092//1092
f 1092//1092 1099//1099 1096//1096
f 1097//1097 1179//1179 1101//1101
f 1095//1095 1097//1097 1094//1094
f 1097//1097 1101//1101 1094//1094
f 1097//1097 1095//1095 1179//1179
f 1098//1098 1181//1181 1096//1096
f 1178//1178 1177//1177 1096//1096
f 1099//1099 1098//1098 1096//1096
f 1100//1100 1101//1101 1179//1179
f 1183//1183 1181//1181 1098//1098
f 1183//1183 1102//1102 1104//1104
f 1108//1108 1183//1183 1104//1104
f 1105//1105 1108//1108 1104//1104
f 1098//1098 1099//1099 1102//1102
f 1099//1099 1103//1103 1102//1102
f 1098//1098 1102//1102 1183//1183
f 1103//1103 1104//1104 1102//1102
f 1008//1008 1105//1105 1104//1104
f 1101//1101 1100//1100 1107//1107
f 1100//1100 1106//1106 1107//1107
f 1106//1106 1100//1100 1019//1019
f 1101//1101 1107//1107 1106//1106
f 1106//1106 1019//1019 1009//1009
f 1105//1105 1010//1010 1108//1108
f 1010//1010 1111//1111 1108//1108
f 1113//1113 1112//1112 1111//1111
f 1189//1189 1108//1108 1111//1111
f 1110//1110 1113//1113 1111//1111
f 1013//1013 1113//1113 1109//1109
f 1114//1114 1113//1113 1013//1013
f 1109//1109 1113//1113 1110//1110
f 1113//1113 1114//1114 1112//1112
f 1115//1115 1112//1112 1114//1114
f 1115//1115 1119//1119 1112//1112
f 1111//1111 1112//1112 1189//1189
f 1112//1112 1119//1119 1193//1193
f 1114//1114 1014//1014 1115//1115
f 1019//1019 1116//1116 1020//1020
f 1115//1115 1021//1021 1119//1119
f 1117//1117 1193//1193 1119//1119
f 1119//1119 1121//1121 1117//1117
f 1118//1118 1121//1121 1119//1119
f 1046//1046 1116//1116 1201//1201
f 1121//1121 1198//1198 1117//1117
f 1123//1123 1990//1990 1122//1122
f 1124//1124 1990//1990 1123//1123
f 1121//1121 1118//1118 1120//1120
f 1124//1124 1127//1127 1126//1126
f 1120//1120 1204//1204 1121//1121
f 1124//1124 1126//1126 1990//1990
f 1121//1121 1202//1202 1198//1198
f 1202//1202 1121//1121 1204//1204
f 1026//1026 1123//1123 1122//1122
f 1991//1991 1127//1127 1125//1125
f 1128//1128 1211//1211 1125//1125
f 1204//1204 1990//1990 1126//1126
f 1045//1045 1128//1128 1125//1125
f 1199//1199 1224//1224 1046//1046
f 1211//1211 1128//1128 1212//1212
f 1128//1128 1047//1047 1048//1048
f 1225//1225 1128//1128 1227//1227
f 1048//1048 1227//1227 1128//1128
f 1227//1227 1048//1048 1235//1235
f 1129//1129 1240//1240 1050//1050
f 1130//1130 1237//1237 1049//1049
f 1132//1132 1130//1130 1049//1049
f 1131//1131 1130//1130 1132//1132
f 1131//1131 1132//1132 1134//1134
f 1245//1245 1131//1131 1134//1134
f 1141//1141 1134//1134 1132//1132
f 1138//1138 1240//1240 1133//1133
f 1240//1240 1241//1241 1133//1133
f 1249//1249 2064//2064 1992//1992
f 1145//1145 1133//1133 2075//2075
f 1052//1052 1240//1240 1136//1136
f 1138//1138 1136//1136 1240//1240
f 1138//1138 1133//1133 1143//1143
f 1145//1145 1997//1997 1133//1133
f 1135//1135 1137//1137 1140//1140
f 1136//1136 1135//1135 1052//1052
f 1136//1136 1137//1137 1135//1135
f 1139//1139 2005//2005 1054//1054
f 1138//1138 1137//1137 1136//1136
f 1137//1137 1994//1994 1054//1054
f 1137//1137 1138//1138 1994//1994
f 1138//1138 1143//1143 1994//1994
f 1998//1998 1149//1149 1139//1139
f 1139//1139 1149//1149 2005//2005
f 1135//1135 1140//1140 1052//1052
f 1054//1054 1140//1140 1137//1137
f 1144//1144 1141//1141 1142//1142
f 1147//1147 1142//1142 1141//1141
f 1995//1995 1149//1149 1998//1998
f 1996//1996 1999//1999 2000//2000
f 1144//1144 1142//1142 2001//2001
f 2001//2001 1134//1134 1144//1144
f 1134//1134 1141//1141 1144//1144
f 1993//1993 2002//2002 2076//2076
f 1141//1141 1146//1146 1147//1147
f 2004//2004 2003//2003 1148//1148
f 1995//1995 2004//2004 1149//1149
f 1149//1149 2004//2004 1148//1148
f 1987//1987 2006//2006 1152//1152
f 1250//1250 1059//1059 990//990
f 1251//1251 1150//1150 1059//1059
f 1252//1252 1150//1150 1251//1251
f 1256//1256 1153//1153 1151//1151
f 2077//2077 1152//1152 2006//2006
f 1253//1253 1256//1256 1151//1151
f 1154//1154 1987//1987 1152//1152
f 1154//1154 1151//1151 1153//1153
f 1151//1151 1154//1154 1152//1152
f 1154//1154 1063//1063 1987//1987
f 1065//1065 1063//1063 1154//1154
f 1154//1154 1153//1153 1065//1065
f 1155//1155 1250//1250 1067//1067
f 1262//1262 1258//1258 1155//1155
f 1262//1262 1155//1155 1156//1156
f 1160//1160 1159//1159 1076//1076
f 1156//1156 1076//1076 1159//1159
f 1161//1161 1267//1267 1271//1271
f 1080//1080 1161//1161 1088//1088
f 1080//1080 1162//1162 1161//1161
f 1161//1161 1164//1164 1163//1163
f 1267//1267 1161//1161 1163//1163
f 1161//1161 1162//1162 1166//1166
f 1166//1166 1162//1162 1080//1080
f 1164//1164 2009//2009 1157//1157
f 1164//1164 1161//1161 2009//2009
f 1163//1163 1164//1164 1165//1165
f 1157//1157 1158//1158 2008//2008
f 2007//2007 1165//1165 1164//1164
f 2008//2008 1267//1267 1163//1163
f 2008//2008 1158//1158 1267//1267
f 1168//1168 1076//1076 1167//1167
f 1169//1169 1160//1160 1076//1076
f 1169//1169 1171//1171 1160//1160
f 1170//1170 1076//1076 1168//1168
f 1173//1173 1168//1168 1167//1167
f 1169//1169 1170//1170 1171//1171
f 1168//1168 1171//1171 1170//1170
f 1171//1171 1168//1168 1173//1173
f 1076//1076 1170//1170 1169//1169
f 1269//1269 1274//1274 1161//1161
f 1173//1173 1174//1174 1276//1276
f 1175//1175 1172//1172 1167//1167
f 1172//1172 1090//1090 1176//1176
f 1172//1172 1173//1173 1167//1167
f 1174//1174 1172//1172 1176//1176
f 1176//1176 1276//1276 1174//1174
f 1173//1173 1172//1172 1174//1174
f 1167//1167 1081//1081 1175//1175
f 1175//1175 1091//1091 1172//1172
f 1081//1081 1091//1091 1175//1175
f 1279//1279 1093//1093 1274//1274
f 1093//1093 1279//1279 1179//1179
f 1274//1274 1093//1093 1161//1161
f 1277//1277 1276//1276 1177//1177
f 1177//1177 1276//1276 1176//1176
f 1177//1177 1178//1178 1277//1277
f 1096//1096 1180//1180 1178//1178
f 1280//1280 1019//1019 1179//1179
f 1019//1019 1100//1100 1179//1179
f 1181//1181 1183//1183 1184//1184
f 1180//1180 1096//1096 1181//1181
f 1181//1181 1182//1182 1180//1180
f 1186//1186 1181//1181 1184//1184
f 1186//1186 1182//1182 1181//1181
f 1277//1277 1180//1180 1281//1281
f 1178//1178 1180//1180 1277//1277
f 1180//1180 1182//1182 1281//1281
f 1019//1019 1280//1280 1188//1188
f 1185//1185 1187//1187 1189//1189
f 1185//1185 1189//1189 1190//1190
f 1184//1184 1187//1187 1185//1185
f 1187//1187 1184//1184 1108//1108
f 1189//1189 1187//1187 1108//1108
f 1183//1183 1108//1108 1184//1184
f 1288//1288 1188//1188 1280//1280
f 1188//1188 1116//1116 1019//1019
f 1191//1191 1190//1190 1189//1189
f 1185//1185 1190//1190 1192//1192
f 1289//1289 1185//1185 1192//1192
f 1189//1189 1112//1112 1193//1193
f 1191//1191 1189//1189 1193//1193
f 1188//1188 1295//1295 1296//1296
f 1116//1116 1188//1188 1196//1196
f 1194//1194 1297//1297 1193//1193
f 1193//1193 1297//1297 1191//1191
f 1196//1196 1188//1188 1296//1296
f 1193//1193 1117//1117 1198//1198
f 1195//1195 1193//1193 1198//1198
f 1193//1193 1195//1195 1194//1194
f 1297//1297 1194//1194 1195//1195
f 1296//1296 1197//1197 1196//1196
f 1201//1201 1116//1116 1196//1196
f 1197//1197 1203//1203 1200//1200
f 2011//2011 1197//1197 2010//2010
f 1197//1197 2011//2011 1203//1203
f 1201//1201 1196//1196 1200//1200
f 1200//1200 1199//1199 1201//1201
f 1196//1196 1197//1197 1200//1200
f 1046//1046 1201//1201 1199//1199
f 2013//2013 2016//2016 2012//2012
f 1205//1205 1991//1991 1125//1125
f 1211//1211 1205//1205 1125//1125
f 1204//1204 1206//1206 1202//1202
f 1204//1204 1126//1126 1207//1207
f 2021//2021 1991//1991 1205//1205
f 1213//1213 2021//2021 1205//1205
f 1213//1213 1205//1205 1211//1211
f 1206//1206 1204//1204 1207//1207
f 1209//1209 1208//1208 1200//1200
f 1200//1200 1208//1208 1199//1199
f 2014//2014 2018//2018 1210//1210
f 2029//2029 2019//2019 2027//2027
f 2022//2022 2024//2024 2020//2020
f 2028//2028 2020//2020 2024//2024
f 1213//1213 1215//1215 2021//2021
f 2025//2025 2023//2023 2032//2032
f 1216//1216 2026//2026 2033//2033
f 1216//1216 1226//1226 2026//2026
f 2026//2026 1226//1226 1214//1214
f 2026//2026 1214//1214 1222//1222
f 1200//1200 1203//1203 1209//1209
f 2015//2015 2030//2030 2017//2017
f 1209//1209 1203//1203 2031//2031
f 1199//1199 2026//2026 1222//1222
f 1211//1211 1212//1212 1217//1217
f 1212//1212 1128//1128 1225//1225
f 1217//1217 1212//1212 1225//1225
f 1217//1217 1213//1213 1211//1211
f 1215//1215 1213//1213 1217//1217
f 2036//2036 2039//2039 2040//2040
f 1226//1226 1219//1219 1214//1214
f 2037//2037 2035//2035 2034//2034
f 1216//1216 2038//2038 1226//1226
f 1218//1218 1224//1224 1199//1199
f 1218//1218 1199//1199 1222//1222
f 1223//1223 1218//1218 1222//1222
f 1220//1220 1218//1218 1223//1223
f 1219//1219 1223//1223 1214//1214
f 1219//1219 1221//1221 1223//1223
f 1223//1223 1221//1221 1220//1220
f 1220//1220 1221//1221 1232//1232
f 1221//1221 1219//1219 1232//1232
f 1220//1220 1232//1232 1218//1218
f 1218//1218 1232//1232 1224//1224
f 1222//1222 1214//1214 1223//1223
f 1232//1232 1046//1046 1224//1224
f 1225//1225 1228//1228 1229//1229
f 2041//2041 2040//2040 2039//2039
f 1227//1227 1228//1228 1225//1225
f 1228//1228 1230//1230 1229//1229
f 1228//1228 1227//1227 1230//1230
f 1226//1226 1231//1231 1232//1232
f 1235//1235 1230//1230 1227//1227
f 1219//1219 1226//1226 1232//1232
f 2040//2040 2041//2041 2043//2043
f 2041//2041 2042//2042 2043//2043
f 2050//2050 2043//2043 2042//2042
f 1129//1129 1046//1046 1232//1232
f 1232//1232 1238//1238 1129//1129
f 1233//1233 1235//1235 1048//1048
f 1233//1233 1048//1048 1234//1234
f 1232//1232 1231//1231 1236//1236
f 2044//2044 2046//2046 2049//2049
f 2044//2044 2049//2049 2058//2058
f 2043//2043 2050//2050 2052//2052
f 2053//2053 2051//2051 2047//2047
f 2054//2054 2048//2048 2045//2045
f 1048//1048 1049//1049 2055//2055
f 1234//1234 1048//1048 2055//2055
f 1242//1242 1240//1240 1238//1238
f 1238//1238 1240//1240 1129//1129
f 1131//1131 1245//1245 1239//1239
f 1237//1237 1130//1130 1131//1131
f 2058//2058 2049//2049 2056//2056
f 1237//1237 1131//1131 1239//1239
f 2058//2058 2056//2056 1244//1244
f 2057//2057 2059//2059 2061//2061
f 1242//1242 1241//1241 1240//1240
f 1241//1241 2065//2065 2075//2075
f 1241//1241 1242//1242 1243//1243
f 2061//2061 2059//2059 1246//1246
f 2068//2068 1239//1239 1245//1245
f 2060//2060 1243//1243 2066//2066
f 1238//1238 1247//1247 1242//1242
f 1247//1247 1238//1238 2062//2062
f 2070//2070 2063//2063 2069//2069
f 1243//1243 1242//1242 2071//2071
f 1243//1243 2071//2071 2066//2066
f 1133//1133 1241//1241 2075//2075
f 2068//2068 1245//1245 1248//1248
f 2073//2073 2070//2070 2069//2069
f 2072//2072 2074//2074 2067//2067
f 1250//1250 1251//1251 1059//1059
f 1252//1252 1251//1251 1255//1255
f 1310//1310 2077//2077 2078//2078
f 2077//2077 1253//1253 1152//1152
f 1310//1310 1256//1256 1253//1253
f 2077//2077 1310//1310 1253//1253
f 1152//1152 1253//1253 1151//1151
f 1299//1299 1254//1254 1298//1298
f 1254//1254 1302//1302 1250//1250
f 1299//1299 1302//1302 1254//1254
f 1302//1302 1301//1301 1250//1250
f 1305//1305 1250//1250 1301//1301
f 1251//1251 1250//1250 1305//1305
f 1310//1310 2078//2078 1305//1305
f 1330//1330 1158//1158 1256//1256
f 1310//1310 1330//1330 1256//1256
f 1257//1257 1316//1316 1320//1320
f 1257//1257 1339//1339 1316//1316
f 1257//1257 1258//1258 1262//1262
f 1320//1320 1325//1325 1257//1257
f 1257//1257 1254//1254 1258//1258
f 1254//1254 1257//1257 1325//1325
f 1325//1325 1298//1298 1254//1254
f 1250//1250 1155//1155 1258//1258
f 1250//1250 1258//1258 1254//1254
f 1158//1158 1344//1344 1263//1263
f 1330//1330 1344//1344 1158//1158
f 1259//1259 1260//1260 1265//1265
f 1335//1335 1339//1339 1261//1261
f 1259//1259 1335//1335 1260//1260
f 1260//1260 1335//1335 1261//1261
f 1159//1159 1260//1260 1262//1262
f 1156//1156 1159//1159 1262//1262
f 1260//1260 1261//1261 1262//1262
f 1262//1262 1261//1261 1339//1339
f 1262//1262 1339//1339 1257//1257
f 1267//1267 1158//1158 1263//1263
f 1268//1268 1264//1264 1160//1160
f 1266//1266 1264//1264 1268//1268
f 1268//1268 1353//1353 1266//1266
f 1265//1265 1260//1260 1264//1264
f 1265//1265 1264//1264 1266//1266
f 1159//1159 1264//1264 1260//1260
f 1159//1159 1160//1160 1264//1264
f 1263//1263 1271//1271 1267//1267
f 1263//1263 1344//1344 1271//1271
f 1354//1354 1353//1353 1268//1268
f 1354//1354 1268//1268 1173//1173
f 1268//1268 1160//1160 1171//1171
f 1173//1173 1268//1268 1171//1171
f 1271//1271 1361//1361 1270//1270
f 1270//1270 1274//1274 1269//1269
f 1269//1269 1271//1271 1270//1270
f 1271//1271 1269//1269 1161//1161
f 1276//1276 1357//1357 1173//1173
f 1357//1357 1276//1276 1365//1365
f 1272//1272 1369//1369 1280//1280
f 1273//1273 1272//1272 1270//1270
f 1279//1279 1274//1274 1272//1272
f 1270//1270 1272//1272 1274//1274
f 1276//1276 1277//1277 1275//1275
f 1277//1277 1370//1370 1275//1275
f 1275//1275 1365//1365 1276//1276
f 1278//1278 1279//1279 1272//1272
f 1279//1279 1278//1278 1280//1280
f 1272//1272 1280//1280 1278//1278
f 1179//1179 1279//1279 1280//1280
f 1370//1370 1377//1377 1375//1375
f 1281//1281 1370//1370 1277//1277
f 1370//1370 1281//1281 1377//1377
f 1281//1281 1284//1284 1377//1377
f 1286//1286 1281//1281 1182//1182
f 1186//1186 1286//1286 1182//1182
f 1280//1280 1369//1369 1282//1282
f 1283//1283 1284//1284 1281//1281
f 1286//1286 1283//1283 1281//1281
f 1285//1285 1283//1283 1287//1287
f 1378//1378 2080//2080 2079//2079
f 1378//1378 2079//2079 2082//2082
f 2083//2083 1282//1282 2120//2120
f 2086//2086 1282//1282 2084//2084
f 1287//1287 1283//1283 1286//1286
f 1293//1293 1186//1186 1184//1184
f 1186//1186 1293//1293 1286//1286
f 2086//2086 1292//1292 1282//1282
f 1295//1295 1188//1188 1288//1288
f 1280//1280 1282//1282 1288//1288
f 1288//1288 1282//1282 1295//1295
f 1282//1282 1292//1292 1295//1295
f 1184//1184 1185//1185 1289//1289
f 1190//1190 1290//1290 1289//1289
f 1192//1192 1190//1190 1289//1289
f 1190//1190 1191//1191 1290//1290
f 1184//1184 1289//1289 2091//2091
f 2092//2092 2088//2088 1294//1294
f 1291//1291 2095//2095 2089//2089
f 1290//1290 2096//2096 1289//1289
f 2086//2086 2093//2093 1292//1292
f 2093//2093 2097//2097 1292//1292
f 2085//2085 2094//2094 2087//2087
f 1296//1296 1295//1295 2097//2097
f 1295//1295 1292//1292 2097//2097
f 1290//1290 1191//1191 1297//1297
f 1291//1291 2089//2089 2098//2098
f 2099//2099 1296//1296 2090//2090
f 2097//2097 2090//2090 1296//1296
f 1197//1197 2100//2100 2010//2010
f 1296//1296 2099//2099 1197//1197
f 1327//1327 1299//1299 1298//1298
f 1299//1299 1300//1300 2101//2101
f 1300//1300 1299//1299 1327//1327
f 1300//1300 1327//1327 1329//1329
f 1300//1300 1329//1329 1304//1304
f 2101//2101 1303//1303 1301//1301
f 2101//2101 1300//1300 1303//1303
f 1303//1303 1304//1304 1307//1307
f 1303//1303 1300//1300 1304//1304
f 1307//1307 1304//1304 1309//1309
f 1304//1304 1330//1330 1309//1309
f 1304//1304 1344//1344 1330//1330
f 1306//1306 1305//1305 1301//1301
f 1308//1308 1305//1305 1306//1306
f 1306//1306 1301//1301 1303//1303
f 1303//1303 1307//1307 1306//1306
f 1306//1306 1307//1307 1308//1308
f 1309//1309 1308//1308 1307//1307
f 1308//1308 1309//1309 1310//1310
f 1309//1309 1330//1330 1310//1310
f 1255//1255 1251//1251 1305//1305
f 1308//1308 1310//1310 1305//1305
f 1338//1338 1340//1340 1336//1336
f 1315//1315 1311//1311 1312//1312
f 1341//1341 1312//1312 1311//1311
f 2102//2102 2104//2104 1342//1342
f 2102//2102 1342//1342 2103//2103
f 1339//1339 1311//1311 1313//1313
f 1315//1315 1313//1313 1311//1311
f 1315//1315 1314//1314 1313//1313
f 1343//1343 1314//1314 2103//2103
f 1343//1343 2103//2103 1342//1342
f 1316//1316 1317//1317 1320//1320
f 1317//1317 1322//1322 1320//1320
f 1317//1317 1316//1316 1313//1313
f 1316//1316 1339//1339 1313//1313
f 1317//1317 1313//1313 1314//1314
f 1317//1317 1324//1324 1322//1322
f 1318//1318 1317//1317 1314//1314
f 1318//1318 1324//1324 1317//1317
f 1318//1318 1319//1319 1324//1324
f 1318//1318 1314//1314 1343//1343
f 1343//1343 1319//1319 1318//1318
f 1319//1319 1343//1343 1404//1404
f 1321//1321 1325//1325 1320//1320
f 1321//1321 1326//1326 1325//1325
f 1321//1321 1320//1320 1322//1322
f 1322//1322 1323//1323 1321//1321
f 1321//1321 1323//1323 1326//1326
f 1323//1323 1328//1328 1326//1326
f 1322//1322 1324//1324 1323//1323
f 1323//1323 1324//1324 1319//1319
f 1329//1329 1323//1323 1319//1319
f 1319//1319 1404//1404 1329//1329
f 1329//1329 1404//1404 1344//1344
f 1325//1325 1326//1326 1298//1298
f 1326//1326 1328//1328 1327//1327
f 1329//1329 1328//1328 1323//1323
f 1327//1327 1328//1328 1329//1329
f 1326//1326 1327//1327 1298//1298
f 1329//1329 1344//1344 1304//1304
f 1348//1348 1333//1333 1266//1266
f 1331//1331 1387//1387 1333//1333
f 1379//1379 1331//1331 1348//1348
f 1348//1348 1331//1331 1333//1333
f 1259//1259 1332//1332 1335//1335
f 1259//1259 1333//1333 1332//1332
f 1266//1266 1333//1333 1259//1259
f 1265//1265 1266//1266 1259//1259
f 1333//1333 1387//1387 1332//1332
f 1332//1332 1387//1387 1334//1334
f 1387//1387 1337//1337 1334//1334
f 1336//1336 1339//1339 1335//1335
f 1332//1332 1334//1334 1335//1335
f 1334//1334 1336//1336 1335//1335
f 1311//1311 1339//1339 1336//1336
f 1336//1336 1340//1340 1311//1311
f 1337//1337 1338//1338 1334//1334
f 1334//1334 1338//1338 1336//1336
f 1338//1338 1341//1341 1340//1340
f 1337//1337 1390//1390 1338//1338
f 1390//1390 1389//1389 1338//1338
f 1389//1389 1341//1341 1338//1338
f 1391//1391 2104//2104 2134//2134
f 1392//1392 1391//1391 2134//2134
f 1340//1340 1341//1341 1311//1311
f 2104//2104 1391//1391 1342//1342
f 1404//1404 1343//1343 1342//1342
f 1350//1350 1356//1356 1352//1352
f 1349//1349 1345//1345 1348//1348
f 1350//1350 1346//1346 1349//1349
f 1352//1352 1405//1405 1346//1346
f 1350//1350 1352//1352 1346//1346
f 1349//1349 1346//1346 1345//1345
f 1347//1347 1266//1266 1355//1355
f 1356//1356 1349//1349 1347//1347
f 1349//1349 1348//1348 1266//1266
f 1266//1266 1347//1347 1349//1349
f 1356//1356 1350//1350 1349//1349
f 1403//1403 1351//1351 1344//1344
f 1351//1351 1403//1403 1359//1359
f 1404//1404 1403//1403 1344//1344
f 1351//1351 1271//1271 1344//1344
f 1351//1351 1361//1361 1271//1271
f 1352//1352 1358//1358 1405//1405
f 1358//1358 1357//1357 1405//1405
f 1354//1354 1173//1173 1357//1357
f 1355//1355 1266//1266 1353//1353
f 1358//1358 1356//1356 1355//1355
f 1355//1355 1354//1354 1358//1358
f 1353//1353 1354//1354 1355//1355
f 1358//1358 1354//1354 1357//1357
f 1356//1356 1347//1347 1355//1355
f 1356//1356 1358//1358 1352//1352
f 1364//1364 1359//1359 1406//1406
f 1360//1360 1364//1364 1362//1362
f 1273//1273 1362//1362 1364//1364
f 1359//1359 1363//1363 1351//1351
f 1363//1363 1359//1359 1360//1360
f 1364//1364 1360//1360 1359//1359
f 1273//1273 1270//1270 1362//1362
f 1362//1362 1270//1270 1361//1361
f 1363//1363 1361//1361 1351//1351
f 1362//1362 1363//1363 1360//1360
f 1363//1363 1362//1362 1361//1361
f 1368//1368 1369//1369 1409//1409
f 1408//1408 1369//1369 1406//1406
f 1273//1273 1364//1364 1272//1272
f 1364//1364 1369//1369 1272//1272
f 1406//1406 1369//1369 1364//1364
f 1365//1365 1275//1275 1366//1366
f 1275//1275 1370//1370 1366//1366
f 1366//1366 1370//1370 1372//1372
f 1357//1357 1365//1365 1367//1367
f 2112//2112 2109//2109 2105//2105
f 1368//1368 1373//1373 1369//1369
f 2113//2113 2109//2109 2112//2112
f 1367//1367 1365//1365 1366//1366
f 2107//2107 2106//2106 2110//2110
f 1370//1370 1375//1375 1374//1374
f 1374//1374 1375//1375 1371//1371
f 1375//1375 1377//1377 1371//1371
f 1370//1370 1374//1374 1372//1372
f 1376//1376 2115//2115 2111//2111
f 2118//2118 1376//1376 2111//2111
f 1369//1369 1373//1373 2117//2117
f 2116//2116 2113//2113 2112//2112
f 2115//2115 1376//1376 2114//2114
f 1282//1282 2117//2117 2120//2120
f 1282//1282 1369//1369 2117//2117
f 2119//2119 2081//2081 2121//2121
f 2118//2118 2122//2122 1376//1376
f 1348//1348 1345//1345 1379//1379
f 1381//1381 1380//1380 1379//1379
f 1387//1387 1379//1379 1380//1380
f 1387//1387 1380//1380 1383//1383
f 1381//1381 1383//1383 1380//1380
f 1383//1383 1381//1381 1385//1385
f 1385//1385 1381//1381 1379//1379
f 2123//2123 2126//2126 1386//1386
f 2124//2124 2128//2128 1384//1384
f 2125//2125 2129//2129 1382//1382
f 2129//2129 1399//1399 1382//1382
f 1331//1331 1379//1379 1387//1387
f 1392//1392 1382//1382 1404//1404
f 1387//1387 1383//1383 1388//1388
f 2124//2124 1384//1384 2131//2131
f 2132//2132 2125//2125 1392//1392
f 1392//1392 2125//2125 1382//1382
f 1387//1387 1388//1388 1337//1337
f 1388//1388 1390//1390 1337//1337
f 1392//1392 2134//2134 2135//2135
f 2133//2133 1392//1392 2135//2135
f 1392//1392 1404//1404 1391//1391
f 1391//1391 1404//1404 1342//1342
f 1401//1401 1385//1385 1395//1395
f 1346//1346 1398//1398 1345//1345
f 1393//1393 1398//1398 1346//1346
f 1405//1405 2136//2136 1346//1346
f 1395//1395 1379//1379 1345//1345
f 1395//1395 1345//1345 1397//1397
f 1398//1398 1397//1397 1345//1345
f 2153//2153 1394//1394 1382//1382
f 2154//2154 2137//2137 2140//2140
f 1385//1385 1379//1379 1395//1395
f 2142//2142 1396//1396 2162//2162
f 2143//2143 1402//1402 2156//2156
f 1400//1400 2146//2146 2157//2157
f 2144//2144 2158//2158 2147//2147
f 2165//2165 1382//1382 1399//1399
f 2149//2149 2162//2162 1396//1396
f 2166//2166 2145//2145 2150//2150
f 2148//2148 2159//2159 2151//2151
f 2167//2167 2152//2152 2160//2160
f 2155//2155 2162//2162 2149//2149
f 2163//2163 2153//2153 2165//2165
f 2165//2165 2153//2153 1382//1382
f 2127//2127 2164//2164 2130//2130
f 2161//2161 1399//1399 2129//2129
f 2161//2161 2129//2129 2165//2165
f 2129//2129 2163//2163 2165//2165
f 1382//1382 1394//1394 1404//1404
f 1404//1404 1394//1394 1406//1406
f 1404//1404 1359//1359 1403//1403
f 1406//1406 1359//1359 1404//1404
f 2138//2138 2168//2168 2170//2170
f 2170//2170 2168//2168 1407//1407
f 2171//2171 2141//2141 2139//2139
f 1394//1394 1408//1408 1406//1406
f 1405//1405 1357//1357 2169//2169
f 1357//1357 1367//1367 2169//2169
f 1407//1407 2108//2108 2170//2170
f 1409//1409 1369//1369 1408//1408
f 2173//2173 2107//2107 2110//2110
f 2173//2173 2172//2172 2107//2107
