# Wavafront OBJ file of BodyParts3D
# BodyParts3D, Copyright(C) 2010-2011 The Database Center for Life Science licensed under CC Attribution-Share Alike 2.1 Japan.
vn -0.85321 -0.471211 -0.223592
v -49.6237 -107.021 1504.31
vn -0.765147 -0.624951 0.154875
v -49.8481 -107.333 1507.74
vn -0.994552 -0.0974775 0.0369434
v -50.8672 -105.148 1507.43
vn -0.808829 -0.284642 0.514562
v -49.8871 -105.772 1509.61
vn -0.869312 0.25567 -0.423
v -50.2821 -103.9 1504.93
vn -0.428584 0.781745 -0.45298
v -49.1775 -102.849 1504.93
vn -0.791945 0.607164 -0.0646148
v -50.1138 -102.01 1507.74
vn -0.921641 0.156415 0.355122
v -50.4674 -103.588 1508.68
vn -0.774532 0.160904 0.611727
v -49.5311 -103.9 1510.24
vn -0.76762 0.462632 0.443543
v -49.7652 -102.027 1508.99
vn -0.346013 0.916588 -0.20035
v -49.1775 -101.405 1508.37
vn -0.543079 0.823008 0.166502
v -49.1986 -101.403 1508.99
vn -0.870832 -0.48226 -0.0952724
v -46.3419 -110.141 1501.19
vn -0.622549 -0.773561 0.118476
v -47.3081 -109.205 1507.12
vn -0.91559 -0.107051 -0.387601
v -48.073 -107.021 1500.88
vn -0.534691 -0.764665 0.359712
v -46.6808 -108.71 1510.86
vn -0.846913 0.32675 -0.419491
v -47.1026 -105.772 1499
vn -0.662621 0.646542 -0.378043
v -46.3687 -104.044 1499.94
vn -0.717808 0.465551 -0.517701
v -48.5534 -104.836 1502.2
vn -0.514401 0.729974 -0.450033
v -47.3449 -103.588 1502.44
vn -0.445766 0.821381 -0.355846
v -46.6808 -102.339 1504.11
vn -0.618185 0.450298 0.644266
v -48.5534 -101.708 1510.24
vn -0.27423 0.959132 -0.0697428
v -48.5534 -101.142 1508.99
vn -0.36523 0.91558 0.168286
v -48.5534 -101.147 1509.3
vn -0.537904 0.694824 0.477366
v -48.5534 -101.403 1509.94
vn -0.951432 -0.251119 0.178089
v -43.8013 -118.568 1499.32
vn -0.841849 -0.400453 0.361839
v -43.9476 -117.007 1501.19
vn -0.936706 -0.336309 0.0973536
v -44.4206 -115.447 1501.5
vn -0.786874 -0.464033 0.40682
v -43.8793 -116.071 1502.12
vn -0.897564 -0.438067 0.0497561
v -45.7446 -111.837 1504.62
vn 0.287535 -0.585394 0.758048
v -44.4962 -111.929 1505.56
vn -0.923749 -0.379433 -0.0521291
v -45.8104 -110.454 1495.57
vn -0.0847453 -0.935473 0.343086
v -44.4962 -110.007 1508.68
vn 0.107478 -0.941741 0.318705
v -43.872 -108.954 1512.42
vn -0.256538 -0.848008 0.463757
v -44.8083 -108.803 1512.74
vn -0.557681 -0.52529 0.642699
v -45.4325 -107.957 1513.28
vn -0.291037 -0.547794 0.784359
v -44.4962 -107.957 1513.81
vn 0.0601895 -0.825751 0.560814
v -43.872 -108.581 1513.32
vn -0.59931 -0.0672023 0.797692
v -45.7446 -104.836 1514.41
vn -0.356703 0.324277 0.876132
v -44.4962 -103.9 1514.96
vn -0.270768 0.927096 -0.259187
v -45.7446 -101.02 1506.81
vn -0.345405 0.880254 0.325345
v -45.7446 -100.552 1511.17
vn -0.239711 0.970832 0.00482379
v -45.4325 -100.372 1510.55
vn -0.383526 0.694791 0.608418
v -44.2136 -100.779 1512.74
vn -0.880167 -0.456743 -0.129197
v -41.1827 -144.783 1496.19
vn -0.504213 -0.83111 0.234574
v -41.6874 -144.159 1501.46
vn -0.816813 -0.576773 0.012234
v -42.0946 -143.847 1500.88
vn -0.870673 -0.410445 0.27104
v -43.0162 -141.975 1503.68
vn -0.801644 -0.240811 0.547154
v -42.6237 -141.975 1504.33
vn -0.645083 -0.710173 0.281997
v -42.3116 -143.099 1503.37
vn -0.413104 -0.649473 0.63838
v -42.3116 -142.733 1504
vn -0.122143 -0.382151 0.915992
v -41.9995 -142.287 1504.34
vn -0.186988 -0.831733 0.522739
v -41.6874 -143.406 1503.37
vn -0.0118538 -0.688972 0.724691
v -41.6874 -142.911 1503.92
vn 0.691935 -0.171688 0.701248
v -41.3753 -142.599 1503.85
vn 0.707358 0.180622 0.683389
v -41.3753 -141.975 1503.85
vn -0.951729 -0.283056 -0.118704
v -43.0991 -141.35 1500.88
vn 0.663117 0.536007 0.522467
v -41.6313 -139.79 1502.44
vn -0.975718 -0.217776 0.0234025
v -43.2747 -141.35 1503.06
vn -0.990155 0.0155393 0.139113
v -43.3576 -140.414 1503.06
vn -0.771566 0.366127 0.520228
v -43.2552 -140.414 1503.37
vn -0.872728 0.0286957 0.487362
v -43.2015 -141.038 1503.68
vn -0.477324 0.16599 0.862907
v -42.6696 -141.35 1504.31
vn -0.492964 0.403357 0.770902
v -42.6237 -140.726 1504.08
vn -0.143614 0.101122 0.984454
v -42.3116 -141.35 1504.38
vn 0.583476 0.508513 0.633222
v -41.9995 -140.726 1503.84
vn -0.98348 -0.142313 -0.111865
v -43.3088 -138.854 1499
vn -0.928448 0.242047 0.281775
v -43.499 -136.981 1499.63
vn -0.878938 0.345372 0.328917
v -43.2478 -134.119 1497.76
vn 0.769817 0.418634 0.481796
v -42.3238 -134.797 1497.76
vn -0.145744 0.669486 0.728387
v -42.9357 -135.733 1499.21
vn 0.225089 0.630263 0.743037
v -42.9357 -134.485 1498.13
vn 0.81567 0.116071 0.566754
v -41.4509 -132.924 1494.63
vn -0.967607 0.16032 0.195024
v -43.3624 -132.924 1496.19
vn -0.790252 0.390868 0.471937
v -42.9357 -132.3 1496.39
vn -0.914848 0.167851 0.367258
v -43.1966 -130.427 1494.95
vn -0.819057 0.215076 0.531872
v -42.9357 -130.739 1495.47
vn -0.655541 0.152656 0.739569
v -42.9357 -129.941 1495.26
vn -0.384963 0.169926 0.907154
v -42.6237 -130.115 1495.45
vn -0.618582 0.0862812 0.780969
v -42.6237 -129.179 1495.34
vn 0.494372 0.101559 0.863297
v -42.3116 -130.427 1495.35
vn 0.357548 -0.00661585 0.933871
v -42.3116 -129.491 1495.34
vn 0.756666 -0.0862152 0.648093
v -41.8703 -129.491 1494.95
vn 0.86485 -0.0812353 0.495414
v -41.4948 -129.803 1494.32
vn -0.753345 0.329184 0.569307
v -42.9357 -131.364 1495.8
vn 0.745284 0.276576 0.606677
v -42.6237 -131.364 1495.74
vn 0.103149 0.279456 0.954602
v -42.6237 -130.808 1495.57
vn -0.991685 0.0277398 0.125666
v -43.1381 -128.867 1494.32
vn -0.839033 0.0445315 0.542255
v -42.9723 -128.555 1494.95
vn -0.0105759 -0.130367 0.991409
v -42.6237 -128.243 1495.35
vn 0.476841 -0.211012 0.853286
v -41.9995 -128.243 1495.35
vn -0.965654 -0.0722163 0.249593
v -43.1137 -126.37 1494.95
vn -0.681177 -0.391734 0.6185
v -42.9357 -124.186 1496.56
vn -0.96483 -0.180281 0.191316
v -43.3137 -123.873 1495.88
vn -0.810793 -0.362602 0.459495
v -43.3624 -122.001 1497.76
vn -0.414315 -0.432794 0.800645
v -42.3116 -123.873 1497.05
vn 0.692143 -0.254717 0.67532
v -41.9995 -123.561 1496.98
vn -0.352989 -0.509263 0.784889
v -42.9357 -121.689 1498.44
vn 0.887282 -0.056645 0.457735
v -41.4119 -120.753 1496.82
vn -0.598974 -0.485593 0.636734
v -43.2478 -119.816 1499.37
vn 0.293967 -0.476234 0.828725
v -42.9357 -119.534 1499.63
vn -0.995588 -0.0365524 -0.0864169
v -42.9357 -117.632 1477.11
vn 0.823805 -0.23913 0.513968
v -42.7968 -117.944 1500.25
vn 0.224714 -0.568267 0.791566
v -43.5599 -115.51 1502.44
vn -0.787261 0.539206 -0.299127
v -41.9995 -106.424 1486.52
vn 0.180564 -0.919706 0.348622
v -41.9995 -108.437 1512.42
vn 0.0541266 -0.573967 0.817087
v -42.6237 -107.021 1514.69
vn 0.147804 -0.835289 0.529572
v -41.9995 -107.881 1513.67
vn 0.0986432 -0.909164 0.404587
v -41.3753 -108.106 1513.05
vn -0.297348 0.914888 -0.273064
v -41.6874 -105.063 1489.64
vn -0.235124 -0.249454 0.939409
v -43.5599 -105.772 1515.18
vn 0.0188334 -0.0683609 0.997483
v -41.9995 -104.836 1515.47
vn -0.104705 0.956396 -0.272658
v -43.2478 -102.254 1500.25
vn 0.336 0.914289 -0.22623
v -41.3753 -102.883 1498.07
vn -0.23252 0.597565 0.767366
v -42.9357 -101.553 1513.98
vn -0.0222417 0.460005 0.887638
v -41.6874 -102.651 1514.97
vn 0.145823 0.9424 -0.301027
v -41.6874 -101.298 1503.37
vn -0.146657 0.969365 -0.197038
v -42.9357 -100.06 1507.43
vn -0.152622 0.949313 0.274793
v -42.6237 -99.9132 1512.11
vn -0.113035 0.99352 0.011892
v -42.3116 -99.6792 1510.55
vn -0.111652 0.768886 0.629562
v -41.9995 -100.279 1513.05
vn -0.452845 -0.837646 -0.305419
v -40.1269 -144.103 1489.64
vn 0.0126226 -0.949416 -0.313769
v -39.5028 -144.471 1490.46
vn -0.701028 -0.685207 -0.197614
v -40.439 -144.791 1492.45
vn -0.226633 -0.952492 -0.20346
v -40.1269 -145.059 1492.76
vn 0.110814 -0.978182 -0.17573
v -39.5028 -144.932 1492.45
vn -0.584361 -0.809165 -0.0614405
v -40.7511 -145.235 1495.88
vn 0.17932 -0.983359 0.0291528
v -40.1269 -145.459 1495.88
vn 0.80148 -0.597633 0.0215437
v -39.2614 -144.783 1495.88
vn -0.333596 -0.930661 0.150277
v -41.0632 -144.879 1499.63
vn 0.417519 -0.854737 0.308386
v -40.1269 -144.684 1500.25
vn 0.867128 -0.389042 0.311024
v -39.6271 -144.159 1500.25
vn 0.731285 -0.664781 0.152606
v -39.421 -144.783 1498.07
vn 0.0917146 -0.900895 0.424236
v -41.0632 -144.159 1502.14
vn -0.829177 -0.558945 -0.00672943
v -38.6908 -141.663 1474.97
vn -0.520568 -0.848519 -0.0949947
v -39.1907 -141.577 1479.97
vn -0.255314 -0.966592 -0.0226817
v -38.8786 -141.694 1480.28
vn -0.572924 -0.783457 -0.240737
v -39.8148 -141.694 1482.77
vn -0.645757 -0.739381 -0.190561
v -39.5028 -141.694 1481.84
vn -0.354038 -0.901343 -0.249476
v -39.5028 -142.162 1484.02
vn -0.876661 -0.434906 -0.205722
v -40.8511 -141.663 1485.9
vn 0.193581 -0.926533 -0.322587
v -39.8148 -142.938 1486.52
vn 0.388272 -0.886963 -0.250083
v -39.1907 -142.401 1485.58
vn 0.874956 -0.477493 -0.0803248
v -38.764 -143.847 1491.51
vn 0.964834 -0.223443 0.138454
v -39.0029 -143.847 1498.07
vn 0.745149 -0.432598 0.507554
v -40.2318 -143.535 1502.12
vn 0.900242 0.136672 0.413382
v -39.9928 -142.599 1501.81
vn 0.435422 -0.627428 0.645555
v -41.0632 -143.535 1503.09
vn -0.951591 -0.285384 -0.11415
v -39.6564 -139.79 1476.85
vn -0.756448 -0.648445 -0.0854758
v -39.0663 -141.35 1477.47
vn -0.829163 -0.527981 -0.183644
v -40.1269 -141.063 1481.84
vn 0.495321 -0.86852 -0.0181575
v -38.6421 -141.35 1483.09
vn -0.9654 -0.0558386 -0.254725
v -40.461 -124.186 1459.68
vn 0.855182 -0.0925421 0.51
v -39.6807 -125.122 1493.39
vn -0.843485 0.158525 -0.513228
v -39.7003 -122.001 1457.81
vn -0.954133 0.181571 -0.238037
v -40.8608 -118.256 1463.11
vn 0.965439 0.028417 0.259076
v -39.0614 -114.199 1490.58
vn -0.847546 0.277565 -0.452352
v -38.8786 -113.848 1460.93
vn -0.807267 0.481635 -0.341099
v -39.0809 -111.702 1463.43
vn 0.910909 -0.308604 0.273876
v -40.7511 -111.078 1501.27
vn 0.617748 -0.7805 0.0959517
v -40.1023 -109.517 1506.81
vn 0.992315 -0.0252673 0.121127
v -39.3882 -107.333 1495.26
vn 0.885364 -0.46283 -0.0437971
v -39.3296 -107.645 1501.5
vn -0.248029 0.946593 -0.206017
v -40.1269 -105.409 1486.52
vn 0.414537 0.906998 -0.0742517
v -39.5028 -105.199 1488.08
vn 0.951537 0.26987 0.147474
v -38.9054 -106.396 1491.83
vn 0.892001 0.440297 -0.102334
v -40.2074 -103.9 1497.76
vn 0.575144 0.722262 -0.384119
v -40.439 -101.708 1503.37
vn 0.118723 0.974779 -0.188973
v -40.7511 -99.6938 1508.68
vn 0.106733 0.99269 0.0563465
v -39.8148 -99.6548 1510.55
vn 0.086729 0.920894 0.380042
v -39.5028 -100.064 1512.74
vn 0.0656352 0.698426 0.712666
v -39.8148 -100.498 1513.36
vn -0.575662 -0.753634 0.317253
v -37.1499 -144.471 1467.79
vn -0.582035 -0.753643 0.30538
v -36.3819 -143.421 1471.85
vn -0.533971 -0.841806 0.0789755
v -38.2544 -142.104 1475.28
vn 0.269631 -0.905292 0.328247
v -37.6302 -142.275 1475.28
vn -0.212716 -0.974588 0.0702112
v -38.2544 -141.875 1477.78
vn -0.0970599 -0.966659 0.236961
v -37.9423 -142.206 1475.6
vn 0.317661 -0.916111 0.244608
v -37.6302 -142.094 1475.91
vn 0.591698 -0.734738 0.331743
v -37.3181 -142.001 1475.6
vn -0.391638 -0.920106 0.00492575
v -38.5665 -141.816 1478.09
vn 0.803326 -0.478938 0.353957
v -37.1938 -141.038 1476.85
vn 0.825792 -0.510332 0.24006
v -38.0764 -141.35 1479.03
vn 0.771426 -0.621426 0.136864
v -38.4763 -141.35 1480.9
vn 0.924519 -0.357383 0.132446
v -38.3641 -141.038 1480.9
vn 0.827727 -0.518695 0.214065
v -36.5501 -136.981 1479.97
vn 0.928109 -0.36901 0.0494474
v -36.6939 -136.998 1486.21
vn 0.932871 0.136493 0.333348
v -36.6379 -136.357 1486.52
vn 0.883855 -0.0374183 0.466262
v -36.3819 -129.803 1484.26
vn -0.705629 0.121725 -0.698047
v -37.8521 -128.867 1454.69
vn 0.883236 -0.0334931 0.467732
v -38.0569 -123.249 1489.95
vn -0.606541 0.235657 -0.759324
v -38.5665 -121.377 1456.98
vn 0.392558 0.432375 -0.811757
v -37.6302 -119.192 1458.2
vn 0.751421 0.342824 -0.563771
v -36.75 -119.504 1458.74
vn 0.816374 -0.144811 0.559073
v -36.4282 -120.128 1478.41
vn 0.800723 0.571158 0.180614
v -36.2331 -120.753 1478.72
vn 0.797036 0.603688 -0.017142
v -36.633 -119.816 1483.09
vn 0.867633 0.41459 0.27446
v -36.6939 -120.128 1486.27
vn 0.877833 0.135234 0.459479
v -38.0862 -121.065 1489.64
vn 0.933217 0.357991 0.0307904
v -37.7399 -117.007 1481.53
vn 0.846472 -0.244968 0.472732
v -37.5741 -116.695 1481.21
vn 0.373881 0.447372 -0.812448
v -37.3181 -114.823 1460.32
vn 0.801675 0.202357 -0.562467
v -36.6232 -116.383 1460.3
vn 0.916688 -0.187807 0.352721
v -36.2721 -114.199 1480.9
vn 0.0642393 0.672222 -0.737557
v -37.3181 -111.39 1462.78
vn 0.453017 0.589246 -0.669002
v -36.6939 -111.39 1463.02
vn -0.318681 0.77559 -0.544888
v -38.2544 -110.695 1463.74
vn 0.213922 0.800902 -0.55928
v -37.006 -110.583 1463.74
vn -0.548776 0.78193 -0.295686
v -38.5665 -109.829 1465.86
vn 0.454518 0.801239 -0.389139
v -36.3819 -109.042 1466.86
vn 0.955193 -0.111729 0.274086
v -37.8862 -110.454 1487.46
vn -0.08841 0.927598 -0.362968
v -37.006 -108.749 1467.17
vn 0.323185 0.923383 -0.207158
v -36.3819 -108.413 1468.42
vn -0.205761 0.957928 -0.200089
v -38.5665 -107.647 1474.35
vn 0.853706 0.520441 0.0180827
v -36.1063 -107.333 1479.97
vn 0.928633 0.294086 0.226173
v -36.2868 -107.645 1482.15
vn 0.650387 -0.735916 0.188211
v -37.006 -106.818 1512.74
vn 0.253301 -0.856868 0.449017
v -38.5665 -107.769 1513.05
vn 0.159191 0.974319 -0.15925
v -38.2544 -106.379 1479.65
vn 0.913663 0.0848081 -0.397527
v -38.0569 -104.212 1504.62
vn 0.856368 -0.450353 -0.252617
v -37.501 -106.396 1508.05
vn 0.777092 -0.625018 -0.0740303
v -36.4916 -106.396 1511.8
vn 0.226532 -0.436347 0.870795
v -37.6302 -106.084 1514.46
vn 0.595529 -0.654248 0.466159
v -37.006 -106.084 1514.21
vn 0.808031 0.354873 -0.470267
v -36.316 -102.027 1508.05
vn 0.793747 0.583162 0.172878
v -36.1307 -101.715 1512.74
vn 0.310347 0.0583833 0.948829
v -37.006 -103.588 1514.73
vn 0.298897 0.532787 0.791706
v -37.006 -101.715 1513.91
vn 0.617614 0.251585 0.745156
v -36.3819 -103.276 1514.37
vn 0.672002 0.576266 0.465113
v -36.3819 -101.687 1513.36
vn 0.488259 0.804444 -0.338337
v -37.006 -100.957 1508.37
vn 0.781476 0.600161 -0.17059
v -36.1697 -101.403 1509.3
vn 0.31493 0.934862 0.163869
v -37.6302 -100.206 1511.8
vn 0.449959 0.889561 -0.0788581
v -37.3181 -100.284 1510.55
vn 0.604818 0.776551 0.176535
v -37.006 -100.596 1512.11
vn 0.732821 0.679896 0.026753
v -36.6476 -100.779 1510.86
vn 0.357139 0.798403 0.484773
v -37.3181 -100.718 1513.05
vn -0.328321 -0.72721 0.602802
v -34.8214 -146.775 1466.55
vn 0.621195 -0.595046 0.509938
v -35.7577 -141.732 1473.41
vn -0.916506 -0.14862 -0.371387
v -35.7796 -140.726 1451.57
vn 0.579717 -0.706111 0.406616
v -34.4771 -135.421 1479.65
vn 0.922666 -0.164853 0.348584
v -35.2188 -134.797 1482.77
vn 0.843775 -0.506887 0.176378
v -35.9649 -136.045 1483.71
vn -0.522145 0.244313 -0.817114
v -35.7577 -131.364 1452.53
vn -0.405396 0.306938 -0.861071
v -35.7577 -129.491 1453.3
vn 0.570572 0.517459 -0.637717
v -34.7702 -125.434 1456.25
vn 0.841282 0.499675 0.206323
v -33.9705 -121.689 1479.34
vn 0.965675 0.231152 0.118494
v -33.8242 -122.001 1479.03
vn 0.548522 0.829472 0.105359
v -34.3606 -121.689 1481.21
vn 0.955533 0.217535 0.199085
v -34.0192 -122.937 1481.53
vn 0.913821 0.150905 0.377041
v -35.0189 -122.313 1484.96
vn 0.923916 0.346032 -0.163223
v -34.0387 -121.065 1464.99
vn 0.664649 0.581577 0.469053
v -35.7577 -120.44 1477.66
vn 0.60937 -0.213213 0.763681
v -35.7577 -119.008 1477.78
vn 0.374675 -0.0809442 0.923616
v -35.4456 -119.192 1477.61
vn 0.0638197 0.154339 0.985955
v -35.1335 -119.816 1477.53
vn 0.53395 0.197719 0.822074
v -34.9942 -119.504 1477.47
vn -0.176414 0.41877 0.890792
v -34.8214 -120.128 1477.67
vn 0.796713 0.307289 0.520405
v -34.8214 -119.192 1477.2
vn 0.738247 0.457955 0.495245
v -34.4337 -119.816 1477.16
vn -0.117579 0.925299 0.36055
v -35.7577 -121.15 1478.72
vn 0.40514 0.914004 -0.0214089
v -35.7577 -121.233 1479.34
vn 0.0392032 0.989851 0.136598
v -34.8214 -121.34 1479.97
vn 0.0603521 0.938507 0.339944
v -34.8214 -121.065 1478.97
vn 0.143503 0.800128 0.582411
v -34.8214 -120.589 1478.09
vn 0.396774 0.899068 0.185058
v -34.4912 -121.377 1479.97
vn 0.515112 0.79764 0.313735
v -34.1972 -121.279 1479.03
vn 0.829709 0.512948 0.220153
v -34.0144 -121.065 1478.09
vn 0.466353 0.880609 -0.0839214
v -35.1335 -121.199 1481.21
vn 0.318741 0.947748 0.0133309
v -34.8214 -121.345 1480.59
vn 0.707323 0.698891 0.106043
v -35.1335 -121.141 1483.71
vn 0.982544 0.12407 0.138613
v -34.9116 -116.695 1474.04
vn 0.636639 -0.194099 0.746335
v -35.4383 -118.568 1477.78
vn 0.886419 0.0432567 0.460858
v -35.1993 -118.256 1477.47
vn 0.699313 0.0752659 0.710842
v -35.1335 -118.88 1477.48
vn 0.914197 0.216343 0.342694
v -34.9994 -118.568 1477.16
vn 0.968925 0.146288 0.199462
v -35.0628 -117.944 1476.85
vn 0.810331 -0.22227 0.542181
v -36.0698 -117.007 1479.2
vn 0.963243 -0.0558066 0.262769
v -35.8089 -114.199 1479.34
vn 0.782206 0.299045 -0.546558
v -35.8235 -113.574 1462.18
vn 0.968854 0.194614 -0.153122
v -34.9067 -112.326 1465.3
vn 0.997127 0.0717404 0.0243263
v -34.7263 -112.014 1474.97
vn 0.95462 -0.260817 0.143786
v -35.1945 -112.95 1477.16
vn 0.983652 -0.179619 0.0128951
v -34.8287 -112.014 1477.16
vn 0.915905 -0.28304 0.284617
v -35.5017 -112.95 1478.72
vn 0.900822 -0.243539 0.359455
v -35.6333 -112.326 1479.65
vn 0.927626 -0.328059 0.17857
v -34.9019 -112.014 1478.41
vn 0.705231 0.567234 -0.425318
v -35.7577 -110.766 1464.66
vn 0.979354 0.190946 -0.0663807
v -34.8336 -111.39 1477.47
vn 0.944639 -0.0974852 0.313296
v -34.9214 -111.39 1479.03
vn 0.997363 0.0655736 0.0311043
v -34.7458 -111.39 1478.09
vn 0.93157 -0.0783517 0.355018
v -35.9015 -109.829 1481.53
vn 0.831124 0.530829 -0.165688
v -35.6967 -108.893 1468.73
vn 0.363561 0.92289 -0.126874
v -35.648 -108.269 1474.35
vn 0.833907 -0.514729 0.199132
v -35.5894 -105.148 1512.74
vn 0.885458 -0.420074 -0.198752
v -35.2871 -104.524 1511.49
vn 0.986068 -0.12809 0.106123
v -35.0774 -104.212 1512.11
vn 0.766219 -0.155825 0.6234
v -35.96 -104.524 1513.98
vn 0.897812 -0.182245 -0.4009
v -35.687 -103.276 1508.99
vn 0.963965 0.0844874 -0.252258
v -35.3944 -102.963 1509.61
vn 0.920258 0.389929 0.0328661
v -35.214 -102.963 1511.49
vn 0.881157 0.280846 0.380378
v -35.4627 -102.963 1513.05
vn -0.8625 -0.461524 -0.207581
v -32.1808 -151.025 1451.57
vn -0.691201 -0.688994 0.218012
v -33.3219 -150.089 1461.55
vn -0.418869 -0.735455 0.532592
v -32.6368 -149.34 1464.05
vn -0.210425 -0.620622 0.755347
v -31.7005 -147.592 1466.25
vn -0.869197 -0.220531 -0.442564
v -32.3905 -145.096 1446.26
vn 0.380802 -0.491385 0.783282
v -32.0126 -142.287 1469.52
vn -0.279742 0.345607 -0.895712
v -33.573 -134.485 1450.61
vn 0.868822 0.068714 0.490334
v -31.3884 -130.115 1476.9
vn 0.953749 0.106598 0.281069
v -33.044 -126.682 1478.72
vn 0.913875 0.380747 0.140939
v -32.7172 -124.498 1471.85
vn -0.633263 -0.632771 0.445622
v -30.3766 -152.274 1462.49
vn -0.464101 -0.525158 0.713316
v -30.0263 -150.713 1464.36
vn 0.118331 -0.355466 0.927168
v -29.2038 -145.096 1467.73
vn -0.788926 -0.613948 0.0257679
v -28.5796 -157.01 1454.37
vn -0.691551 -0.542343 0.477096
v -27.48 -157.267 1461.86
vn -0.0838581 -0.297041 0.951175
v -27.0192 -155.707 1463.05
vn -0.232016 -0.414962 0.879758
v -27.6433 -155.395 1463.15
vn 0.643785 0.601762 -0.472678
v -27.3312 -139.202 1450.32
vn 0.406517 -0.5609 0.721204
v -28.5796 -136.981 1469.56
vn 0.409268 -0.759836 0.505122
v -27.6433 -135.965 1470.92
vn 0.65204 -0.355468 0.669691
v -27.6433 -134.485 1472.57
vn -0.728251 -0.674009 -0.123944
v -23.8983 -162.331 1449.69
vn -0.634865 -0.760568 -0.135949
v -24.2103 -162.126 1450.94
vn -0.455056 -0.661149 0.596495
v -24.2103 -161.831 1460.62
vn -0.762295 -0.590624 0.264706
v -25.7708 -159.415 1461.24
vn -0.616762 -0.521301 0.589788
v -25.2856 -159.764 1461.55
vn -0.722049 -0.559523 0.406914
v -24.8345 -160.762 1461.24
vn -0.349503 -0.496629 0.794486
v -24.8345 -159.452 1462.13
vn -0.283207 -0.567774 0.772934
v -24.5224 -160.818 1461.55
vn -0.0280252 -0.569956 0.821197
v -23.8983 -161.324 1461.03
vn -0.718732 -0.420021 -0.554081
v -24.9101 -156.643 1442.2
vn -0.552129 -0.466267 0.691194
v -26.0829 -157.891 1462.56
vn -0.436841 -0.507215 0.742902
v -25.6882 -158.515 1462.49
vn -0.0359511 -0.314393 0.948612
v -24.5224 -158.828 1462.51
vn -0.00240526 -0.404631 0.914477
v -23.8983 -152.898 1464.49
vn 0.0107658 -0.341439 0.939842
v -23.8983 -151.962 1465.05
vn -0.0255441 -0.191622 0.981136
v -25.1466 -151.025 1464.94
vn 0.449755 -0.238574 0.860699
v -23.8983 -139.166 1467.74
vn 0.403102 -0.547305 0.733461
v -25.4587 -136.02 1469.67
vn 0.753195 -0.0222259 0.657422
v -25.0369 -135.109 1469.67
vn 0.838721 0.465878 0.281967
v -25.5977 -133.548 1469.67
vn -0.7194 -0.694344 0.0187216
v -22.0257 -163.955 1448.13
vn -0.809152 -0.375329 0.452108
v -21.8233 -164.133 1448.44
vn -0.904076 -0.256294 -0.341995
v -21.1943 -165.069 1450.01
vn -0.820013 -0.551917 0.151545
v -21.3113 -164.757 1448.76
vn -0.998191 -0.060087 -0.00183169
v -21.1358 -164.757 1449.38
vn -0.983959 0.0378366 -0.174336
v -21.1358 -164.757 1449.69
vn -0.799592 0.106169 0.591085
v -21.1943 -164.445 1449.07
vn -0.878072 0.167276 -0.44834
v -21.1894 -164.445 1450.01
vn -0.719678 0.0205357 -0.694004
v -21.4015 -164.133 1450.37
vn -0.779401 -0.565227 -0.270283
v -22.5207 -164.133 1451.88
vn -0.812123 -0.480988 -0.330313
v -21.9014 -164.757 1451.25
vn -0.774384 -0.299371 -0.557411
v -21.8916 -164.445 1450.94
vn -0.816941 -0.146854 -0.557711
v -21.6039 -164.757 1450.63
vn -0.811874 -0.537286 0.228438
v -21.7136 -165.417 1458.43
vn -0.323759 -0.435448 0.839979
v -21.4015 -165.069 1459.44
vn -0.538842 -0.831594 0.134536
v -23.2301 -162.885 1449.07
vn -0.375305 -0.922657 0.0885993
v -23.2741 -162.731 1449.69
vn -0.723132 -0.638007 -0.264626
v -22.7255 -163.197 1448.13
vn -0.415209 -0.895013 -0.162952
v -22.962 -162.843 1450.32
vn -0.5729 -0.806643 0.145304
v -22.5066 -163.509 1448.44
vn -0.295014 -0.833302 0.46752
v -22.6499 -163.331 1448.76
vn -0.14773 -0.921547 0.359065
v -22.6499 -162.965 1449.38
vn -0.211459 -0.972533 -0.0972856
v -22.6499 -162.858 1450.01
vn -0.330818 -0.71253 0.618757
v -22.3378 -163.441 1448.76
vn -0.0265242 -0.775131 0.631243
v -22.3378 -163.197 1448.99
vn -0.61145 -0.295877 -0.733884
v -21.7136 -163.821 1450.58
vn -0.208807 -0.835237 0.508703
v -21.7136 -163.072 1449.07
vn -0.435871 -0.227263 0.870843
v -21.4015 -163.821 1448.78
vn -0.14377 -0.876333 -0.45975
v -21.4015 -163.063 1450.01
vn -0.80853 -0.583208 -0.0784099
v -22.9693 -163.821 1452.81
vn -0.691033 -0.642483 -0.331193
v -22.8864 -163.509 1451.57
vn -0.70803 -0.508795 -0.489715
v -22.4524 -163.821 1451.25
vn -0.487748 -0.725542 -0.485479
v -22.5801 -163.197 1450.63
vn -0.747792 -0.626892 0.218662
v -23.3106 -163.509 1459.37
vn -0.00135447 -0.549382 0.83557
v -22.6499 -156.519 1463.43
vn -0.256771 -0.293715 0.920761
v -23.5862 -154.77 1463.81
vn -0.274755 -0.358783 0.892067
v -23.2741 -156.019 1463.49
vn -0.0968112 -0.169684 0.980732
v -23.2741 -154.458 1463.97
vn -0.28545 -0.219727 0.932866
v -22.6499 -155.749 1464.05
vn 0.105224 -0.0355969 0.993811
v -21.4015 -154.458 1464.09
vn -0.0895785 0.322291 -0.942393
v -21.7136 -152.586 1440.31
vn 0.304276 -0.244893 0.920567
v -22.6499 -151.678 1464.99
vn 0.0933824 -0.317442 0.943669
v -22.0257 -152.898 1464.25
vn 0.331178 -0.124575 0.935309
v -21.7136 -152.586 1464.3
vn 0.156262 -0.0379401 0.986987
v -22.962 -151.337 1465.12
vn 0.244095 -0.0642151 0.967623
v -23.5862 -148.841 1465.14
vn 0.695559 -0.0750673 0.714537
v -21.7453 -139.478 1465.61
vn 0.850978 0.516264 -0.0964777
v -22.3378 -136.973 1462.18
vn -0.770253 -0.621788 0.141742
v -19.2535 -170.375 1457.18
vn -0.660296 -0.609308 0.439036
v -19.529 -169.439 1458.07
vn -0.732714 -0.625447 -0.268228
v -20.7774 -166.333 1451.25
vn -0.835667 -0.395173 0.381444
v -20.9992 -166.942 1458.74
vn -0.755358 -0.565673 0.33083
v -20.4653 -167.566 1459.22
vn -0.0389022 -0.386631 0.921414
v -20.1532 -167.566 1459.28
vn 0.0997214 -0.494403 0.863494
v -19.8411 -167.878 1459.06
vn -0.18053 -0.453249 0.872911
v -19.2169 -168.814 1458.46
vn -0.136895 -0.249682 0.958603
v -19.2169 -166.942 1459.43
vn -0.71364 -0.649325 -0.262858
v -20.8286 -165.069 1447.82
vn -0.887229 -0.454003 -0.0818941
v -20.9115 -165.381 1449.07
vn -0.945189 -0.28428 -0.160633
v -21.0894 -165.097 1449.69
vn -0.937158 0.300378 -0.177502
v -21.0626 -164.445 1449.69
vn -0.826669 0.256004 0.501079
v -20.9212 -164.133 1449.38
vn -0.643554 -0.261483 0.719351
v -20.4653 -166.318 1459.45
vn -0.730852 0.0834121 0.67742
v -21.0894 -163.821 1448.98
vn -0.954089 -0.029206 0.298097
v -20.8188 -163.821 1449.38
vn -0.959086 0.16413 -0.230685
v -20.8139 -163.821 1449.69
vn -0.757552 -0.0802576 -0.647822
v -20.9846 -163.821 1450.01
vn -0.693435 -0.469805 0.546288
v -21.0626 -163.509 1449.07
vn -0.883163 -0.437362 -0.169522
v -20.8773 -163.509 1449.69
vn -0.573649 -0.787395 0.225687
v -21.0894 -163.257 1449.69
vn -0.104571 -0.395681 0.912415
v -19.8411 -161.636 1461.11
vn -0.524074 -0.675248 0.519024
v -19.2169 -161.405 1462.18
vn -0.290678 -0.85453 0.430448
v -18.9048 -161.556 1462.18
vn -0.0116673 -0.363443 0.931543
v -21.0894 -159.764 1461.93
vn -0.512444 -0.343222 0.787146
v -20.0459 -160.388 1462.18
vn -0.338884 -0.669312 0.661195
v -18.9048 -161.324 1462.55
vn 0.0196108 -0.0634411 0.997793
v -18.9048 -161.012 1462.65
vn -0.054375 -0.0298096 0.998076
v -20.1532 -157.876 1462.18
vn 0.149822 -0.639483 0.754066
v -21.0894 -155.417 1464.05
vn 0.400998 0.00829577 0.916041
v -21.0894 -154.146 1463.95
vn 0.486699 -0.0391346 0.872693
v -20.4653 -155.082 1463.66
vn 0.619087 0.0168464 0.785141
v -19.5662 -148.529 1463.43
vn 0.912998 0.407956 0.00270474
v -19.1852 -144.471 1458.74
vn -0.420327 -0.566902 0.708482
v -16.4081 -172.559 1458.22
vn -0.230377 -0.874027 0.427789
v -18.5927 -161.887 1461.55
vn -0.0079389 -0.849373 0.527733
v -18.5927 -161.636 1462.15
vn -0.161099 -0.660463 0.733373
v -18.2806 -162.261 1461.15
vn -0.0132399 -0.857264 0.514706
v -18.2806 -161.775 1461.86
vn 0.202225 -0.629915 0.749874
v -17.6565 -161.885 1461.55
vn 0.318962 -0.393383 0.862272
v -18.5927 -161.324 1462.52
vn 0.515266 -0.0827494 0.853026
v -16.4081 -160.7 1461.31
vn 0.138118 -0.336555 0.93148
v -18.5927 -156.955 1462.12
vn 0.310062 0.145689 0.939487
v -17.9685 -157.891 1462.07
vn 0.545859 0.102357 0.831602
v -17.0323 -158.203 1461.62
vn 0.684754 0.217673 0.695507
v -16.8348 -156.331 1460.93
vn -0.612561 -0.788044 -0.0612844
v -15.0804 -174.432 1456.25
vn -0.468293 -0.773747 0.426635
v -14.5356 -174.63 1456.87
vn -0.143007 -0.554346 0.819908
v -13.9114 -169.439 1460.77
vn 0.0871522 -0.0872178 0.99237
v -14.2235 -168.502 1461.18
vn -0.405442 -0.170818 -0.898019
v -14.5356 -164.501 1437.21
vn -0.0214466 -0.187944 0.981946
v -15.7839 -164.445 1460.32
vn 0.441411 0.204227 0.873755
v -14.2235 -163.821 1460.12
vn 0.858253 0.455898 0.23571
v -14.2698 -157.891 1456.87
vn -0.375676 -0.782754 -0.496149
v -12.9751 -175.056 1454.36
vn -0.404438 -0.9022 -0.149885
v -12.663 -175.722 1455.62
vn -0.483306 -0.846883 -0.221821
v -13.2872 -172.104 1450.63
vn -0.438748 -0.766336 -0.469286
v -12.9751 -172.679 1451.57
vn -0.214509 -0.832161 -0.511364
v -12.0388 -173.113 1451.57
vn -0.660584 -0.565455 -0.493851
v -12.5582 -170.063 1439.08
vn 0.0282605 -0.299536 0.953666
v -13.2872 -169.751 1460.52
vn 0.368357 -0.0171557 0.929526
v -13.2872 -169.127 1460.56
vn 0.523405 0.289288 0.801474
v -11.6057 -165.694 1459.06
vn 0.634337 0.652927 -0.413887
v -13.3051 -158.203 1439.71
vn -0.592225 -0.597621 -0.54048
v -8.91794 -177.571 1455.31
vn -0.603216 -0.777407 0.178237
v -10.8709 -176.617 1457.18
vn -0.301985 -0.847019 -0.437452
v -10.7905 -176.473 1456.25
vn -0.739189 -0.65828 -0.142364
v -10.276 -177.241 1457.18
vn -0.68546 -0.538561 0.489997
v -10.2224 -177.241 1457.5
vn -0.583009 -0.617902 -0.527539
v -10.2006 -176.929 1456.56
vn -0.778248 -0.627792 -0.0144173
v -9.92492 -177.865 1457.18
vn -0.574631 -0.668265 0.472463
v -9.54212 -178.194 1457.18
vn -0.304306 -0.609732 0.731864
v -9.54212 -177.865 1457.65
vn -0.483515 -0.776536 -0.403986
v -8.91794 -178.058 1456.25
vn -0.312157 -0.80459 -0.505166
v -8.91794 -174.12 1452.48
vn -0.566549 -0.53018 -0.630817
v -8.91794 -175.68 1454.23
vn -0.494817 -0.548099 0.674347
v -11.1026 -175.751 1457.81
vn -0.324846 -0.505977 0.799038
v -9.85421 -175.68 1458.55
vn -0.551759 -0.515382 -0.6557
v -8.91794 -171.935 1436.8
vn -0.322932 -0.93077 -0.171412
v -10.4784 -173.093 1450.32
vn 0.0622513 -0.0881725 0.994158
v -10.7905 -172.247 1460.22
vn -0.534575 -0.297867 -0.790889
v -10.1751 -170.687 1437.21
vn 0.000832842 0.217974 -0.975954
v -10.4784 -164.757 1436.37
vn 0.351981 0.582735 -0.732482
v -10.1663 -163.775 1436.9
vn 0.608456 0.784013 -0.122903
v -9.35548 -161.636 1440.64
vn 0.697284 0.681552 0.221995
v -9.76399 -162.885 1451.88
vn 0.728969 0.420224 0.540385
v -10.9587 -163.509 1456.56
vn -0.190005 -0.752922 -0.630085
v -8.29376 -177.999 1455.31
vn 0.00301022 -0.766967 -0.641679
v -7.0454 -176.507 1453.75
vn -0.00293183 -0.992956 0.118448
v -8.60585 -178.033 1456.56
vn 0.0790097 -0.939776 0.332533
v -8.60585 -177.858 1457.18
vn 0.0251468 -0.761302 0.64791
v -8.60585 -177.59 1457.81
vn -0.114277 -0.897145 0.426699
v -6.83571 -178.177 1457.18
vn 0.00213706 -0.788494 -0.615038
v -6.42122 -178.489 1456.47
vn -0.266083 -0.914417 -0.305026
v -7.98167 -173.893 1450.94
vn -0.32429 -0.757301 -0.566861
v -7.35749 -174.514 1451.88
vn -0.341633 -0.630567 -0.696901
v -7.0454 -175.056 1452.18
vn -0.350769 -0.489951 -0.798066
v -7.74996 -172.247 1436.27
vn -0.366652 -0.765316 -0.529016
v -7.26386 -173.496 1437.21
vn -0.156478 -0.614348 -0.773364
v -6.42122 -172.849 1436.27
vn -0.16456 -0.295998 -0.940907
v -6.42122 -171.935 1435.74
vn -0.543954 -0.812429 -0.209937
v -8.60585 -173.264 1438.46
vn -0.342908 -0.108303 -0.933105
v -8.60585 -169.439 1436.18
vn -0.361785 -0.162624 -0.917968
v -7.98167 -171.311 1436.04
vn -0.0864622 0.0124504 -0.996177
v -6.42122 -171.311 1435.67
vn 0.429888 0.481066 0.76405
v -8.29376 -169.127 1458.5
vn -0.14058 0.0247136 -0.989761
v -8.29376 -168.19 1436.06
vn 0.516294 0.753349 0.407314
v -7.66958 -165.945 1454.69
vn -0.257808 -0.888423 -0.379789
v -4.54868 -178.609 1456.25
vn -0.0964204 -0.853935 0.511369
v -4.23659 -178.692 1456.56
vn -0.172678 -0.667998 0.723851
v -4.86077 -177.241 1458.5
vn -0.193736 -0.832721 0.518693
v -4.35176 -177.241 1458.74
vn -0.191681 -0.862063 -0.469154
v -5.48495 -174.644 1451.25
vn -0.165927 -0.251304 0.95358
v -5.17286 -175.056 1459.42
vn -0.0154907 -0.399585 -0.916565
v -5.79704 -172.247 1435.81
vn 0.033399 -0.0537337 -0.997997
v -5.48495 -171.623 1435.66
vn 0.111183 -0.231396 -0.966486
v -4.23659 -171.935 1435.81
vn 0.0991828 0.320144 0.942163
v -3.9245 -173.496 1459.32
vn 0.271067 0.790753 -0.548847
v -4.23659 -165.511 1438.46
vn 0.408053 0.911316 -0.0547246
v -5.79704 -163.965 1440.95
vn -0.30371 -0.940519 -0.152263
v -3.61241 -178.911 1456.25
vn -0.212945 -0.959764 -0.183048
v -2.05196 -177.219 1441.58
vn -0.332519 -0.938731 0.0906345
v -3.30032 -176.512 1443.76
vn -0.138074 -0.734702 -0.66419
v -3.61241 -176.876 1454.06
vn 0.19851 -0.752404 -0.628078
v -2.39406 -177.241 1454.37
vn -0.0873081 -0.763574 -0.639791
v -3.30032 -178.765 1455.62
vn 0.327106 -0.801635 -0.500382
v -1.22297 -178.489 1456.56
vn -0.421266 -0.229061 0.877534
v -2.67614 -176.929 1459.98
vn -0.180009 -0.882875 0.433737
v -2.36405 -177.241 1460.08
vn -0.147764 -0.0751932 0.98616
v -2.05196 -176.929 1460.19
vn -0.0915901 -0.810006 -0.579225
v -2.05196 -175.992 1438.82
vn -0.126826 -0.991845 0.0125843
v -2.05196 -175.751 1450.32
vn 0.103819 -0.947108 -0.303657
v -2.05196 -176.146 1452.81
vn 0.147006 -0.116373 -0.982266
v -1.42778 -172.247 1436.35
vn 0.179398 0.0591293 -0.981998
v -2.76283 -170.687 1435.96
vn 0.169269 0.733404 0.658382
v -3.61241 -169.439 1456.74
vn 0.143524 0.314625 -0.938303
v -3.61241 -168.502 1436.23
vn 0.288893 0.936585 0.198368
v -2.98823 -166.735 1448.13
vn 0.188499 0.936037 0.297159
v -2.98823 -167.261 1452.5
vn 0.238626 0.948639 -0.207706
v -3.30032 -164.994 1440.33
vn 0.166644 0.984874 0.047456
v -2.67614 -165.077 1441.89
vn 0.167283 -0.98248 0.0821498
v 0.756853 -177.19 1444.08
vn -0.388376 -0.745057 -0.542267
v 0.213948 -176.929 1454.69
vn -0.539002 -0.560874 -0.628409
v 0.444763 -177.553 1455.12
vn -0.517803 -0.623543 -0.585725
v 0.756853 -178.489 1455.59
vn -0.280304 -0.656407 -0.7004
v 1.06894 -178.399 1455.31
vn -0.313073 -0.637669 -0.703821
v 1.06894 -177.238 1454.37
vn 0.171227 -0.963913 -0.203844
v -0.803597 -178.521 1457.18
vn 0.206923 -0.871095 -0.445394
v -0.803597 -178.262 1456.56
vn 0.207434 -0.767647 -0.606374
v -0.803597 -177.117 1455.62
vn -0.261818 -0.926631 -0.269827
v -0.491507 -178.516 1457.18
vn -0.110842 -0.973714 0.198985
v -0.491507 -178.521 1457.81
vn -0.0490733 -0.62494 -0.779129
v -0.491507 -177.515 1455.94
vn -0.366571 -0.703509 -0.608853
v -0.491507 -177.121 1455.62
vn -0.0309831 -0.931347 -0.362813
v -0.179417 -178.177 1456.29
vn -0.145879 -0.982798 0.113259
v 0.132673 -178.794 1457.5
vn -0.262135 -0.860159 -0.437506
v 1.06894 -178.687 1455.62
vn 0.0311533 -0.213927 0.976353
v -0.179417 -177.553 1460.06
vn -0.020533 0.160715 0.986787
v -0.179417 -176.617 1460.21
vn 0.027455 -0.56291 -0.826062
v -0.491507 -174.442 1437.21
vn 0.167967 -0.98467 0.047033
v 0.756853 -175.756 1449.69
vn -0.0333102 -0.935884 -0.35073
v -0.803597 -176.029 1453.13
vn 0.0710361 -0.323741 -0.943475
v -1.11569 -173.184 1436.6
vn -0.0338659 -0.243769 -0.969242
v -0.179417 -172.872 1436.51
vn -0.130254 -0.0106835 -0.991423
v 0.756853 -171.623 1436.12
vn 0.0555464 0.0625893 -0.996492
v -1.11569 -170.687 1436.4
vn -0.081405 0.204455 -0.975485
v -0.491507 -169.439 1436.61
vn 0.102446 0.257757 -0.960763
v -0.803597 -168.814 1436.75
vn 0.012055 0.485291 -0.87427
v -0.803597 -167.566 1437.26
vn -0.0944105 0.309081 -0.946338
v -0.491507 -168.382 1436.9
vn 0.0295155 0.641531 -0.766529
v -0.491507 -166.942 1437.72
vn -0.0435986 0.974425 -0.220442
v -0.491507 -165.447 1440.33
vn -0.145858 0.979515 0.138835
v 1.06894 -165.164 1442.2
vn 0.0960081 -0.964635 -0.245481
v 2.00521 -178.911 1455.94
vn -0.124689 -0.808422 -0.575244
v 1.38103 -176.617 1453.57
vn 0.00507978 -0.729286 -0.68419
v 1.69312 -178.536 1455.31
vn 0.192276 -0.716187 -0.670899
v 2.00521 -176.702 1453.75
vn 0.253711 -0.718026 -0.648128
v 3.56566 -176.617 1454.76
vn 0.104336 -0.922887 0.370665
v 2.25229 -178.801 1456.56
vn 0.319996 -0.735968 -0.596619
v 2.62939 -178.489 1455.64
vn -0.0324739 -0.960631 0.275924
v 3.25357 -178.696 1456.56
vn -0.170559 -0.819256 0.547476
v 3.47122 -178.489 1457.18
vn -0.218645 -0.670243 0.709203
v 3.56566 -178.197 1457.5
vn 0.106988 -0.7097 0.696333
v 3.25357 -177.241 1458.56
vn 0.211033 -0.891211 -0.401506
v 1.69312 -176.195 1439.39
vn 0.137795 -0.907658 -0.396445
v 1.69312 -176.097 1452.81
vn -0.156913 0.324662 -0.932723
v 3.05294 -169.127 1435.96
vn -0.0968849 0.581449 0.807794
v 2.94148 -170.179 1457.5
vn -0.123679 0.915749 0.382239
v 1.69312 -167.666 1454.06
vn -0.046029 -0.834401 -0.549233
v 5.75029 -178.177 1455.34
vn -0.0510477 -0.90169 0.429359
v 4.18984 -178.735 1457.18
vn -0.202507 -0.707164 0.677429
v 4.18984 -178.489 1457.61
vn -0.107839 -0.87167 -0.478081
v 4.50193 -178.489 1456.54
vn 0.199066 -0.757701 0.6215
v 4.50193 -178.489 1457.59
vn -0.00140558 -0.578096 0.815968
v 4.18984 -177.751 1458.12
vn 0.267279 -0.75248 -0.601944
v 4.81402 -173.864 1437.21
vn -0.0896422 -0.791503 -0.604555
v 4.51494 -175.992 1453.75
vn 0.0713958 -0.286224 -0.955499
v 5.12611 -171.935 1435.73
vn -0.487786 0.786832 0.3781
v 5.4382 -166.998 1455.62
vn -0.412695 0.745434 -0.52346
v 6.06238 -164.023 1438.15
vn -0.441396 0.896443 0.0395036
v 4.81402 -163.984 1441.89
vn 0.204103 -0.858433 -0.470568
v 7.30034 -177.553 1455
vn 0.163244 -0.953402 0.253723
v 6.68656 -178.165 1455.94
vn -0.0440254 -0.424844 0.904195
v 7.31074 -177.741 1457.5
vn 0.213674 -0.909914 -0.355526
v 7.62283 -178.087 1456.56
vn -0.333577 -0.870366 0.362201
v 7.93492 -178.131 1457.18
vn -0.316716 -0.881339 0.350617
v 8.24701 -178.243 1457.18
vn -0.248863 -0.784984 0.567334
v 8.24701 -177.865 1457.69
vn 0.656516 -0.523123 -0.543441
v 8.63469 -177.865 1457.18
vn 0.094766 -0.799498 -0.593147
v 6.37447 -174.744 1452.29
vn 0.668105 -0.443387 -0.597531
v 7.50824 -175.992 1454.37
vn 0.473633 -0.537754 -0.697491
v 6.99865 -172.269 1436.59
vn 0.561554 -0.80197 -0.203721
v 7.93492 -172.923 1439.08
vn 0.321754 -0.907797 -0.269034
v 7.44843 -173.496 1450.32
vn -0.121663 0.502203 0.856148
v 8.24701 -172.872 1459.83
vn 0.229588 -0.891736 -0.389995
v 9.18328 -176.736 1456.56
vn 0.611993 -0.451425 0.649369
v 9.18328 -176.925 1457.5
vn 0.393693 -0.909285 -0.134928
v 9.80746 -176.487 1456.87
vn 0.31029 -0.879264 -0.361406
v 9.80746 -176.302 1455.94
vn 0.562028 -0.651792 0.509207
v 10.1196 -176.021 1457.18
vn 0.390277 -0.459209 0.798005
v 8.87119 -175.13 1458.74
vn -0.331114 0.552788 -0.764715
v 9.80746 -161.508 1437.83
vn 0.397472 -0.868323 -0.2967
v 11.4379 -175.68 1455.62
vn 0.438174 -0.772106 0.460277
v 11.68 -175.585 1455.94
vn 0.552912 -0.833076 0.0165209
v 13.2405 -174.655 1456.87
vn 0.619353 -0.748749 -0.236171
v 13.6037 -174.432 1455.94
vn 0.332929 -0.650791 0.68237
v 11.9921 -174.12 1458.29
vn 0.466143 -0.776243 -0.424449
v 11.68 -172.484 1451.25
vn 0.699777 -0.616829 -0.360324
v 13.0576 -168.19 1439.08
vn -0.496356 0.00626288 0.868097
v 13.5525 -161.324 1460.08
vn -0.876444 0.45601 0.154596
v 11.9019 -157.891 1451.57
vn 0.686214 -0.718223 -0.115176
v 14.8009 -173.496 1457.23
vn 0.378289 -0.534609 0.755705
v 15.113 -172.247 1458.38
vn 0.575278 -0.782297 -0.238886
v 14.1767 -168.305 1443.45
vn -0.0420826 -0.173778 0.983885
v 14.1767 -164.133 1460.38
vn -0.529688 -0.0941614 0.84295
v 15.4251 -161.948 1461.19
vn 0.211748 0.0540901 -0.975826
v 14.8009 -160.076 1437.53
vn -0.663932 0.67269 -0.326622
v 13.8646 -155.826 1440.95
vn 0.665864 -0.637883 0.386949
v 18.2339 -169.372 1458.12
vn 0.759575 -0.621471 -0.191884
v 18.2802 -167.254 1449.69
vn 0.144634 -0.361539 0.92107
v 17.2976 -167.566 1459.28
vn 0.059034 -0.344028 0.937102
v 18.546 -167.566 1459.24
vn 0.250186 -0.205774 0.946078
v 16.9855 -164.445 1459.93
vn 0.153978 -0.101767 0.98282
v 17.9218 -165.694 1459.68
vn 0.1257 -0.27723 0.952546
v 18.2339 -163.509 1459.58
vn 0.195114 -0.614872 0.764109
v 16.6734 -162.885 1460.68
vn -0.0056916 -0.773302 0.634012
v 17.2456 -161.636 1462.18
vn 0.335624 -0.79609 0.503585
v 17.6097 -161.556 1462.18
vn -0.243104 -0.432205 0.868389
v 17.2976 -161.324 1462.55
vn -0.404862 -0.015294 0.91425
v 17.2976 -161.012 1462.59
vn 0.323967 -0.662511 0.675369
v 17.6863 -161.324 1462.49
vn 0.0797851 -0.141083 0.986778
v 17.6097 -161.012 1462.67
vn 0.524979 -0.376468 0.763328
v 18.0099 -161.012 1462.49
vn 0.306868 -0.0349992 0.951108
v 18.2247 -160.076 1462.49
vn 0.397681 -0.667845 0.629152
v 18.546 -161.324 1461.52
vn -0.256528 -0.0966598 0.961691
v 16.9855 -157.579 1462.08
vn -0.36676 -0.409231 0.835474
v 18.546 -155.395 1463.17
vn -0.506976 -0.105095 0.855529
v 18.546 -155.082 1463.27
vn 0.701808 -0.639447 -0.313964
v 19.3384 -168.19 1458.12
vn 0.533121 -0.449602 0.716687
v 19.1702 -167.897 1459.06
vn 0.898322 -0.337303 0.281504
v 19.5335 -167.566 1458.74
vn 0.860863 -0.484951 0.154068
v 19.787 -166.63 1458.43
vn 0.761308 -0.296584 0.576583
v 19.6456 -166.63 1459.06
vn 0.689905 -0.643678 -0.331226
v 19.0556 -164.445 1445.95
vn 0.813427 -0.47789 -0.331597
v 19.6456 -165.694 1450.32
vn 0.781262 -0.621224 -0.0609164
v 19.7773 -165.069 1448.44
vn 0.894814 -0.446439 0.000478702
v 19.787 -165.069 1449.07
vn 0.89311 -0.424779 -0.148048
v 19.7773 -165.069 1449.69
vn 0.909816 0.335729 0.243971
v 19.7334 -164.445 1449.38
vn 0.930657 0.286957 -0.22701
v 19.7334 -164.445 1449.69
vn 0.76247 0.2391 0.601224
v 19.7285 -164.133 1449.07
vn 0.90713 0.395814 0.142989
v 19.5627 -164.133 1449.38
vn 0.939511 0.181012 -0.29078
v 19.4823 -163.84 1449.69
vn 0.812176 0.184764 -0.553382
v 19.7431 -164.133 1450.01
vn 0.706997 0.0609269 0.704588
v 19.8699 -164.445 1449.07
vn 0.864308 -0.0749291 -0.497351
v 20.1064 -164.757 1450.35
vn 0.817048 -0.54847 0.177799
v 20.1284 -164.445 1448.76
vn 0.567639 -0.0611312 0.821005
v 20.1064 -163.953 1448.76
vn 0.782345 -0.603404 0.154405
v 20.4185 -164.28 1448.44
vn 0.728925 -0.676176 -0.107021
v 20.5477 -164.133 1448.13
vn 0.67002 -0.0627024 -0.73969
v 20.3566 -164.133 1450.63
vn 0.757741 -0.276372 -0.591141
v 20.5916 -164.445 1450.94
vn 0.759396 -0.510361 -0.403545
v 21.089 -164.133 1451.57
vn 0.272169 -0.160915 0.948699
v 19.1702 -166.006 1459.5
vn 0.0940483 0.0310387 0.995084
v 19.1702 -165.381 1459.44
vn 0.172634 -0.221692 0.959714
v 19.7943 -165.381 1459.43
vn 0.579534 -0.46388 0.670042
v 20.1064 -165.694 1459.12
vn 0.36411 -0.48328 0.796156
v 20.4185 -165.127 1459.37
vn 0.0484285 -0.242939 0.968832
v 20.4185 -164.757 1459.5
vn 0.988286 0.131951 -0.0766781
v 19.4554 -163.821 1449.38
vn 0.960007 -0.0635234 -0.272676
v 19.5042 -163.509 1449.69
vn 0.766316 -0.255885 -0.589308
v 19.6602 -163.509 1450.01
vn 0.609244 -0.0537515 0.791159
v 19.7943 -163.509 1448.99
vn 0.660165 -0.751107 -0.0045644
v 19.7943 -163.197 1449.7
vn 0.471719 -0.33346 -0.816263
v 20.1064 -163.509 1450.37
vn 0.527558 -0.720212 -0.45053
v 20.1064 -162.999 1450.01
vn 0.524812 -0.296912 -0.797757
v 20.4185 -163.821 1450.6
vn 0.388602 -0.16875 0.905821
v 20.4185 -163.509 1448.71
vn 0.269366 -0.583669 -0.766011
v 20.4185 -163.197 1450.34
vn 0.235923 -0.945534 0.22429
v 20.4185 -162.809 1449.69
vn 0.182237 -0.865511 -0.466562
v 20.4185 -162.858 1450.01
vn 0.650257 -0.68661 0.325166
v 20.7306 -163.821 1448.53
vn 0.370386 -0.541534 -0.754689
v 20.7306 -163.509 1450.61
vn 0.141344 -0.821527 0.552373
v 21.0427 -163.197 1449.01
vn 0.178553 -0.760432 -0.624389
v 21.0427 -163.053 1450.32
vn 0.620773 -0.456159 -0.63762
v 20.869 -163.821 1450.94
vn 0.573333 -0.637451 -0.514728
v 21.1783 -163.509 1450.94
vn 0.298634 -0.31613 0.900489
v 19.1702 -160.354 1461.86
vn 0.290393 -0.162513 0.943007
v 19.4823 -159.764 1461.98
vn 0.068055 -0.311435 0.947827
v 20.1064 -159.81 1461.86
vn 0.580987 -0.170581 -0.795837
v 20.4185 -157.667 1439.71
vn 0.00287488 -0.159574 0.987182
v 18.8581 -158.203 1462.14
vn -0.136867 -0.54615 0.82643
v 21.0427 -157.16 1462.8
vn -0.283524 -0.588009 0.757535
v 19.7943 -156.331 1463.04
vn -0.475001 0.0627388 0.877746
v 19.1702 -154.458 1463.64
vn -0.501546 -0.467146 0.728166
v 19.7943 -155.395 1464.11
vn -0.219818 0.023408 0.97526
v 19.7943 -155.082 1464.17
vn -0.285872 0.116455 0.951165
v 20.1064 -154.458 1464.09
vn 0.0613241 -0.506559 0.860021
v 21.0752 -156.019 1464.05
vn -0.925954 0.26564 0.268412
v 19.3384 -143.223 1464.05
vn 0.730994 -0.584365 -0.352372
v 21.3548 -163.197 1448.03
vn 0.416735 -0.795476 0.439944
v 21.3548 -163.404 1448.44
vn 0.071175 -0.973038 0.21939
v 21.3548 -162.848 1449.69
vn 0.139116 -0.976648 -0.163722
v 21.3548 -162.848 1450.01
vn 0.440502 -0.822669 -0.359407
v 21.6669 -162.885 1450.45
vn 0.351455 -0.916451 0.191305
v 21.979 -162.731 1449.69
vn 0.470557 -0.881516 -0.0388065
v 21.979 -162.692 1450.01
vn 0.742443 -0.661917 -0.103172
v 23.2346 -161.636 1450.01
vn 0.772705 -0.620586 -0.133419
v 21.6669 -163.747 1452.5
vn 0.660263 -0.676028 -0.327166
v 21.6669 -163.399 1451.57
vn 0.672589 -0.727076 -0.137788
v 22.9152 -162.107 1450.94
vn 0.0889946 -0.406574 0.909273
v 21.3548 -163.509 1459.87
vn 0.387753 -0.554912 0.736016
v 21.979 -163.425 1459.68
vn 0.794256 -0.588222 0.152159
v 22.7909 -162.261 1459.99
vn -0.0121898 -0.533318 0.845827
v 22.2911 -161.636 1460.71
vn 0.124293 -0.626809 0.769195
v 22.9152 -161.813 1460.62
vn -0.115704 -0.452827 0.884059
v 21.979 -159.764 1462.12
vn -0.0460721 -0.649762 0.75874
v 22.9152 -161.012 1461.46
vn 0.090905 -0.313284 0.945299
v 22.9152 -159.14 1462.41
vn 0.348315 -0.531315 0.772257
v 23.2273 -160.7 1461.66
vn 0.487841 -0.439137 0.754433
v 23.5394 -159.764 1461.94
vn -0.0218872 -0.389946 0.920578
v 21.6309 -157.891 1462.49
vn 0.298805 -0.495628 0.815517
v 21.979 -156.643 1463.11
vn 0.08335 -0.644546 0.760009
v 21.3548 -156.643 1463.3
vn 0.167168 -0.0893668 0.98187
v 21.3548 -155.395 1464.05
vn 0.397951 -0.313753 0.862087
v 21.6669 -155.707 1463.92
vn -0.305274 0.580752 -0.754675
v 21.6669 -151.962 1440.63
vn -0.220884 -0.154608 0.962968
v 21.6669 -151.649 1465.13
vn 0.243725 -0.12774 0.961395
v 22.9152 -153.834 1463.95
vn -0.136541 0.00770202 0.990604
v 21.6669 -151.337 1465.13
vn -0.206212 -0.238817 0.948917
v 22.2911 -148.841 1465.15
vn -0.499127 -0.273237 0.822323
v 23.2273 -137.605 1468.44
vn -0.833388 0.547119 0.0782649
v 22.7031 -134.485 1466.55
vn 0.733138 -0.545435 0.406214
v 24.1636 -159.774 1461.24
vn 0.150675 -0.35968 0.92083
v 25.7241 -155.395 1463.13
vn -0.192342 -0.342459 0.919634
v 24.1636 -139.478 1468.08
vn -0.192404 -0.682624 0.704986
v 25.7241 -136.511 1469.98
vn -0.819988 0.155335 0.5509
v 23.8515 -134.387 1469.67
vn -0.428302 -0.640744 0.637185
v 24.3416 -135.421 1470.29
vn 0.564207 -0.505225 0.653007
v 27.0285 -155.082 1462.8
vn 0.221215 -0.382223 0.897201
v 28.2208 -150.726 1464.67
vn -0.27607 -0.5223 0.806839
v 26.9724 -136.981 1469.48
vn -0.416311 -0.733244 0.537624
v 27.5966 -136.357 1470.51
vn -0.275852 -0.83392 0.477999
v 26.6603 -135.618 1471.85
vn -0.840751 0.539027 0.0508679
v 28.2208 -129.426 1469.67
vn 0.814417 -0.574138 0.0842059
v 29.93 -153.21 1459.06
vn 0.616453 -0.639131 0.459889
v 29.4691 -152.11 1462.18
vn 0.798972 -0.472863 -0.371543
v 29.73 -151.025 1447.2
vn -0.330223 -0.377047 0.865326
v 29.7812 -144.159 1468.39
vn -0.568002 -0.412337 0.712286
v 30.2274 -139.79 1470.29
vn -0.500088 -0.718654 0.483165
v 30.0933 -134.565 1476.22
vn -0.800243 0.114404 0.588662
v 28.845 -133.548 1475.85
vn -0.83421 0.398806 0.38085
v 29.4911 -129.491 1474.97
vn 0.756386 -0.642313 0.123751
v 32.768 -149.153 1461.24
vn 0.47117 -0.753831 0.457971
v 31.9659 -148.365 1464.99
vn 0.823052 -0.139904 -0.550465
v 32.4364 -144.783 1448.44
vn 0.073202 -0.706989 0.703426
v 31.9659 -146.344 1467.42
vn -0.727976 -0.568644 0.383008
v 33.5263 -136.657 1477.16
vn -0.824538 -0.414457 0.385178
v 33.007 -134.172 1480.9
vn -0.884302 -0.00630288 0.466872
v 32.5193 -130.115 1480.59
vn -0.683715 0.55153 -0.477858
v 32.0073 -128.243 1455.31
vn -0.95258 0.230404 0.198761
v 31.4465 -125.746 1476.85
vn -0.90608 0.387731 0.169366
v 32.5925 -121.689 1479.03
vn -0.874106 0.450625 0.181316
v 32.7339 -122.001 1480.59
vn -0.524931 0.8491 0.0589624
v 33.2142 -121.428 1480.59
vn -0.928492 0.0991502 0.357872
v 33.6848 -122.313 1484.96
vn -0.893172 0.406631 0.19208
v 32.7631 -120.44 1477.16
vn -0.608626 0.644688 0.46255
v 32.9754 -120.44 1477.78
vn -0.328635 0.640559 0.694034
v 33.2142 -120.128 1477.64
vn -0.651277 0.518281 0.554277
v 33.2142 -119.816 1477.32
vn 0.132784 0.597958 0.790452
v 33.5263 -120.268 1477.78
vn -0.341111 0.335435 0.878138
v 33.5263 -119.816 1477.55
vn -0.678321 0.256718 0.688459
v 33.7489 -119.192 1477.47
vn -0.542957 0.776944 0.318678
v 32.9021 -121.226 1479.03
vn -0.185399 0.888762 0.419202
v 33.2142 -121.087 1479.03
vn -0.11861 0.950168 0.288293
v 33.2142 -121.199 1479.34
vn -0.0386875 0.977769 0.206086
v 33.2142 -121.277 1479.65
vn -0.31271 0.934942 0.167617
v 33.2142 -121.34 1479.97
vn -0.11961 0.8047 0.581508
v 33.2142 -120.531 1478.09
vn 0.110026 0.925345 0.362809
v 33.5263 -121.238 1479.34
vn 0.0145934 0.995669 0.0918147
v 33.5263 -121.335 1479.97
vn -0.132532 0.991172 0.00363934
v 33.5263 -121.345 1480.28
vn -0.80378 0.554288 0.216106
v 33.6165 -121.377 1484.02
vn -0.909562 0.223931 -0.350075
v 33.7823 -118.568 1462.49
vn -0.97591 0.209057 -0.062406
v 33.0411 -118.88 1466.23
vn -0.978558 0.165399 0.122746
v 33.2142 -118.568 1474.32
vn -0.864117 0.368644 0.342641
v 33.4946 -118.88 1476.85
vn -0.960506 0.229501 -0.157349
v 33.5726 -112.014 1465.61
vn -0.977843 0.031409 0.206968
v 33.5263 -111.702 1478.73
vn -0.95416 0.299033 -0.0125749
v 33.8213 -109.205 1473.72
vn -0.974814 0.221183 -0.0285589
v 33.7482 -103.276 1511.17
vn 0.48059 -0.804686 0.348588
v 34.4626 -146.068 1466.86
vn 0.865838 -0.500319 -0.00249531
v 35.4696 -145.096 1466.55
vn 0.0408999 -0.880737 0.471836
v 35.0868 -144.159 1470.49
vn 0.543386 -0.800252 0.25363
v 35.3988 -144.645 1469.04
vn -0.521985 -0.620838 0.584887
v 33.8384 -142.911 1471.56
vn -0.209069 -0.888519 0.408442
v 35.3988 -143.04 1472.79
vn 0.278181 -0.911351 0.303406
v 36.023 -143.05 1472.79
vn -0.3344 -0.888484 0.31428
v 36.023 -142.172 1475.28
vn -0.807113 -0.486979 0.333796
v 35.3086 -140.414 1476.22
vn -0.960557 -0.00719361 0.277989
v 35.3379 -136.669 1486.52
vn -0.867255 -0.48553 0.110133
v 36.023 -138.329 1485.9
vn -0.333252 0.514396 -0.790152
v 33.8384 -129.769 1453.13
vn -0.736538 0.356077 -0.575083
v 35.3988 -119.192 1459.02
vn 0.0449225 0.387788 0.920653
v 33.8384 -120.128 1477.56
vn -0.360687 -0.0995313 0.927361
v 34.1505 -119.192 1477.62
vn -0.348415 0.0833674 0.933625
v 34.782 -120.128 1477.78
vn 0.191552 0.790796 0.581334
v 33.9511 -120.753 1478.09
vn -0.112433 0.981823 0.152915
v 34.1505 -121.321 1479.34
vn -0.529098 0.846804 -0.0545718
v 34.4626 -121.199 1479.65
vn 0.0475718 0.710537 0.702049
v 34.4626 -120.862 1478.09
vn -0.795718 0.58583 0.153739
v 34.9624 -120.753 1479.03
vn -0.788473 -0.174785 0.589712
v 34.9575 -119.504 1478.09
vn -0.947567 0.147754 0.283348
v 35.2111 -119.816 1478.72
vn -0.468957 0.881787 -0.0503033
v 33.8384 -121.111 1481.84
vn -0.763179 0.645846 -0.0210017
v 35.3086 -119.816 1483.09
vn -0.839045 0.250459 0.482984
v 34.977 -121.377 1486.83
vn -0.84782 0.368628 0.381201
v 36.0498 -119.816 1487.77
vn -0.81999 0.191104 -0.539533
v 35.0868 -117.632 1460.27
vn -0.610734 0.330018 -0.719786
v 36.023 -117.32 1459.24
vn -0.918022 0.118747 0.378332
v 33.8993 -117.944 1477.47
vn -0.678176 -0.226833 0.699016
v 34.1505 -118.568 1477.83
vn -0.917987 0.0160136 0.396288
v 35.7109 -117.944 1480.21
vn -0.760657 -0.310061 0.570319
v 35.7109 -116.695 1480.6
vn -0.94028 0.31554 0.127707
v 36.0596 -118.256 1481.84
vn -0.879211 -0.216248 0.424528
v 34.9965 -115.135 1480.59
vn -0.75614 -0.45005 0.475086
v 36.2351 -116.383 1481.53
vn -0.863726 -0.350928 0.361701
v 36.1961 -114.823 1483.4
vn -0.569975 0.421456 -0.705339
v 34.7747 -113.262 1462.02
vn -0.913051 0.163021 -0.373849
v 33.9725 -113.574 1463.11
vn -0.784639 0.479617 -0.392822
v 34.1505 -111.39 1464.34
vn -0.433499 0.689355 -0.580403
v 35.0868 -110.846 1463.74
vn -0.0542467 0.850588 -0.523027
v 36.023 -110.141 1464.37
vn -0.909671 0.40781 0.0786748
v 33.953 -109.205 1478.72
vn -0.381837 0.840396 -0.384623
v 35.0868 -108.857 1467.17
vn 0.118548 0.91191 -0.392896
v 36.023 -108.893 1466.89
vn -0.711229 0.680513 -0.176225
v 34.4155 -108.893 1468.42
vn -0.0464773 0.969815 -0.239371
v 35.7109 -108.306 1468.42
vn -0.440968 0.893803 -0.0816295
v 36.023 -106.589 1478.72
vn -0.878493 0.455132 0.145277
v 36.1376 -106.709 1485.9
vn -0.667297 -0.681432 0.300608
v 36.023 -106.955 1513.36
vn -0.881013 -0.387343 -0.271627
v 36.2693 -106.396 1507.74
vn -0.879218 -0.464878 -0.10423
v 34.1505 -104.871 1511.49
vn -0.415235 -0.239527 0.877614
v 35.7109 -105.148 1514.66
vn -0.919825 -0.167416 -0.354815
v 34.3577 -103.276 1508.99
vn -0.855582 0.381933 -0.349437
v 34.6503 -102.027 1508.68
vn -0.871522 -0.427068 0.240961
v 33.9335 -103.9 1513.05
vn -0.534641 0.781949 -0.320492
v 35.7109 -100.796 1508.68
vn -0.727197 0.686344 -0.0108074
v 35.3988 -100.693 1510.55
vn -0.383838 0.923279 -0.0149816
v 36.023 -100.255 1510.86
vn -0.493643 0.804396 0.33055
v 35.7109 -100.884 1513.05
vn 0.116298 -0.937061 -0.329228
v 38.5197 -144.471 1490.34
vn -0.668565 -0.730867 -0.137314
v 37.8956 -144.547 1491.51
vn -0.700074 -0.674052 -0.235693
v 37.8956 -144.372 1490.89
vn -0.336588 -0.908938 -0.246052
v 38.2077 -144.61 1490.89
vn -0.824994 -0.564684 -0.0227133
v 37.6493 -144.471 1493.07
vn -0.212721 -0.969109 -0.124806
v 38.5197 -145.191 1493.7
vn -0.674183 -0.737473 0.0401397
v 38.5197 -145.391 1495.88
vn -0.855509 -0.492006 0.161353
v 37.8956 -144.465 1498.07
vn 0.744128 -0.660581 0.0995294
v 36.9593 -142.296 1472.79
vn 0.74645 -0.665226 0.0169095
v 36.9593 -142.109 1474.97
vn -0.457239 -0.863125 0.214355
v 36.6472 -141.816 1477.47
vn -0.0856395 -0.988075 0.127958
v 36.9593 -141.948 1477.16
vn -0.836852 -0.533286 0.123634
v 37.2714 -141.632 1480.28
vn 0.756696 -0.634352 -0.15814
v 37.8956 -141.607 1480.28
vn -0.852076 -0.523407 -0.00335563
v 37.5835 -141.763 1482.77
vn -0.11814 -0.984327 -0.130935
v 38.2077 -141.889 1482.77
vn -0.80274 -0.584634 -0.117524
v 37.4494 -141.663 1484.02
vn -0.192994 -0.950132 -0.244954
v 38.2077 -142.533 1485.27
vn -0.937508 -0.338625 -0.080073
v 37.4738 -142.287 1487.77
vn -0.810645 -0.554439 -0.188288
v 37.7176 -142.911 1487.77
vn -0.418879 -0.854437 -0.307373
v 38.2077 -143.143 1487.14
vn 0.0537899 -0.933605 -0.354243
v 38.5197 -143.069 1486.83
vn -0.898539 -0.421575 -0.122079
v 37.4591 -143.847 1491.2
vn -0.972976 -0.0647357 0.221648
v 37.5225 -142.599 1498.38
vn 0.9176 -0.386357 -0.093484
v 37.6396 -141.038 1474.66
vn 0.781693 -0.620369 -0.0640225
v 37.6981 -141.35 1476.85
vn 0.76123 -0.602062 -0.240936
v 38.7562 -141.35 1482.46
vn -0.908505 -0.41786 -0.00337341
v 37.2348 -141.038 1483.4
vn -0.963917 -0.266203 -0.000392146
v 36.8349 -141.35 1492.45
vn -0.874218 0.28723 0.391461
v 38.766 -141.35 1501.19
vn 0.715658 0.146058 -0.683009
v 37.2714 -120.753 1457.22
vn -0.427136 0.426194 -0.797442
v 36.3351 -119.192 1458.18
vn -0.851317 0.508866 0.127727
v 36.3473 -119.192 1487.14
vn -0.906157 0.276046 0.320435
v 36.5131 -119.192 1488.39
vn -0.258248 0.442973 -0.858535
v 36.6472 -116.695 1459.22
vn -0.956918 0.183091 0.225357
v 36.4253 -117.007 1481.53
vn -0.904957 -0.216135 0.366521
v 36.44 -116.695 1481.53
vn -0.97914 0.161491 0.123311
v 36.9178 -116.695 1486.52
vn -0.96478 0.0439656 0.25936
v 37.4591 -117.007 1489.64
vn 0.479217 0.42501 -0.767931
v 38.2784 -116.383 1459.99
vn -0.974621 -0.0904086 0.204795
v 36.6789 -115.447 1484.34
vn 0.177095 0.544832 -0.819631
v 37.2714 -113.887 1460.75
vn 0.456853 0.659266 -0.597205
v 37.2714 -111.607 1462.8
vn 0.758482 0.440081 -0.48066
v 37.8956 -113.827 1461.24
vn -0.0428707 0.707037 -0.705876
v 36.3351 -111.333 1462.8
vn 0.389217 0.796554 -0.462613
v 36.9593 -110.5 1464.05
vn 0.809296 0.489196 -0.325157
v 37.7029 -111.39 1463.74
vn 0.738774 0.621251 -0.261269
v 37.5835 -110.409 1465.3
vn 0.924002 0.3491 -0.156045
v 38.0053 -111.39 1464.99
vn 0.872802 0.461471 -0.158937
v 37.6737 -109.517 1468.42
vn -0.990325 -0.0585538 0.12581
v 38.2198 -109.517 1496.19
vn 0.479107 0.836984 -0.264413
v 36.6472 -108.744 1467.79
vn 0.312533 0.929407 -0.196278
v 37.2454 -107.021 1476.85
vn 0.709068 0.667569 -0.227101
v 37.8956 -107.754 1475.6
vn -0.966973 -0.254179 0.0188871
v 38.2296 -108.269 1501.5
vn -0.90642 -0.405671 -0.117619
v 37.5835 -107.333 1503.78
vn -0.74888 -0.659147 -0.0685894
v 38.0912 -108.893 1507.43
vn -0.361312 -0.899652 0.245112
v 37.2714 -107.896 1512.74
vn -0.288157 -0.712491 0.639783
v 36.9216 -107.333 1513.67
vn -0.965937 0.138355 0.218687
v 37.2714 -106.396 1490.3
vn -0.17631 0.970781 -0.162788
v 38.5197 -104.716 1491.51
vn -0.992278 0.0709903 0.101712
v 38.4588 -104.836 1495.26
vn -0.984018 -0.0797507 -0.159212
v 38.449 -104.836 1499
vn -0.909307 0.0190117 -0.415692
v 36.6472 -104.212 1504.78
vn -0.749198 0.515381 -0.416034
v 37.4689 -102.963 1504
vn -0.296741 0.426437 0.854457
v 36.6472 -102.027 1514.37
vn 0.304374 -0.930883 -0.202024
v 38.8318 -145.054 1492.76
vn 0.629917 -0.734056 -0.253704
v 38.8318 -144.405 1490.58
vn 0.435027 -0.887264 -0.153344
v 39.1439 -145.137 1494.32
vn 0.72795 -0.663316 -0.173496
v 39.417 -144.783 1493.7
vn 0.403256 -0.90988 -0.097484
v 39.1439 -145.391 1495.57
vn 0.139965 -0.987844 0.0676386
v 39.1439 -145.391 1496.51
vn 0.566068 -0.824186 0.0168673
v 39.456 -145.244 1496.82
vn 0.821345 -0.561901 -0.0982889
v 39.9071 -144.783 1496.51
vn -0.615958 -0.770098 0.165968
v 38.8318 -145.147 1498.38
vn -0.475527 -0.823829 0.308512
v 38.8318 -144.708 1500.25
vn 0.239282 -0.958042 0.157794
v 39.456 -145.01 1499.32
vn -0.0472967 -0.945667 0.321678
v 39.456 -144.64 1500.88
vn -0.450155 -0.74855 0.48686
v 39.456 -143.952 1502.44
vn -0.00139294 -0.89241 0.451222
v 39.7681 -144.03 1502.44
vn 0.41494 -0.876814 0.242943
v 40.0802 -144.318 1501.5
vn 0.506745 -0.80873 -0.298607
v 38.8318 -142.123 1484.65
vn 0.889663 -0.416599 -0.186935
v 39.5901 -141.663 1486.21
vn -0.863944 -0.268989 0.425729
v 38.8928 -143.535 1502.12
vn -0.676185 -0.413454 0.609778
v 39.3414 -143.535 1502.75
vn 0.752562 -0.657229 0.0412385
v 40.7751 -143.847 1500.88
vn 0.646363 -0.723421 0.242646
v 41.0165 -143.223 1503.01
vn -0.815766 -0.0260989 0.577793
v 39.5901 -142.599 1503.37
vn -0.258997 -0.723545 0.639846
v 39.7681 -143.606 1503.06
vn -0.776846 0.163839 0.608002
v 39.8925 -141.975 1503.68
vn -0.561591 -0.324071 0.76131
v 40.0802 -142.911 1503.8
vn 0.266678 -0.850425 0.453498
v 40.3923 -143.596 1503.06
vn -0.611848 0.160958 0.774426
v 40.3923 -141.975 1504.22
vn -0.111104 -0.647261 0.754128
v 40.7044 -142.911 1503.99
vn -0.265391 -0.275083 0.924065
v 40.7044 -142.287 1504.39
vn 0.378431 -0.415497 0.827135
v 41.0165 -142.287 1504.39
vn -0.0954943 0.125559 0.98748
v 41.0165 -141.663 1504.48
vn 0.90966 -0.377389 -0.173481
v 38.9952 -139.478 1479.97
vn -0.701669 0.442452 0.558477
v 40.2436 -140.726 1503.37
vn -0.300014 0.530522 0.792804
v 41.0165 -140.726 1504.09
vn -0.699166 0.137562 0.701601
v 41.0165 -131.621 1495.57
vn -0.837187 -0.141743 0.528229
v 39.9851 -129.803 1494.01
vn -0.684494 -0.117142 0.719545
v 40.7044 -129.179 1495.17
vn -0.0433453 0.187025 0.981398
v 41.3085 -130.739 1495.57
vn -0.407797 -0.231316 0.883286
v 40.7044 -127.931 1495.46
vn -0.183293 -0.0399294 0.982247
v 41.0165 -128.867 1495.39
vn 0.0918641 -0.171582 0.980878
v 41.0165 -128.243 1495.46
vn -0.190587 -0.279823 0.940944
v 41.0165 -127.775 1495.57
vn -0.800561 -0.114667 0.588178
v 39.1073 -126.058 1494.32
vn -0.552415 -0.339271 0.761402
v 40.4105 -124.186 1496.51
vn 0.952899 -0.0391124 -0.300757
v 39.1512 -122.625 1459.68
vn 0.964067 0.188245 -0.187455
v 39.517 -117.944 1463.11
vn -0.901213 -0.303866 0.308999
v 40.1363 -114.511 1498.69
vn -0.828217 -0.339998 0.445486
v 41.0433 -113.574 1501.5
vn 0.914734 0.330855 -0.231942
v 39.5901 -111.39 1475.28
vn -0.803462 -0.529097 0.272957
v 39.7681 -111.39 1501.63
vn -0.65831 -0.741 0.132463
v 39.456 -110.3 1504
vn -0.241917 -0.895078 0.374582
v 40.7044 -109.905 1508.05
vn 0.642835 0.701885 -0.306791
v 40.7044 -106.998 1485.27
vn 0.22362 0.947502 -0.228549
v 39.1439 -105.336 1487.14
vn 0.162696 0.953128 -0.255101
v 39.9827 -104.524 1491.2
vn 0.400908 0.866783 -0.296582
v 41.0165 -105.068 1490.58
vn -0.0311427 -0.406638 0.913058
v 40.7044 -106.396 1515.01
vn -0.502743 0.843844 -0.187554
v 39.7681 -103.059 1497.76
vn -0.373037 0.86036 -0.347309
v 39.7681 -101.449 1503.37
vn 0.0540091 0.208549 0.97652
v 41.0165 -103.9 1515.45
vn -0.133296 0.968971 -0.208154
v 39.1439 -99.9474 1507.74
vn 0.0460605 0.967736 -0.24772
v 41.0165 -100.303 1506.18
vn -0.0953659 0.987502 0.125484
v 38.8318 -99.6158 1510.86
vn 0.154874 0.800411 0.5791
v 40.3923 -100.235 1513.05
vn 0.949308 -0.303708 -0.0810918
v 41.6577 -142.287 1502.44
vn 0.699829 -0.604415 0.380687
v 41.3286 -142.646 1503.68
vn 0.811873 -0.358435 0.460854
v 41.5992 -141.975 1504
vn 0.545376 -0.0365479 0.837394
v 41.3286 -141.663 1504.39
vn 0.894184 -0.438062 0.0923942
v 41.6406 -142.331 1503.06
vn 0.93906 -0.254306 0.231289
v 41.804 -141.663 1503.68
vn 0.997935 -0.0272631 0.0581587
v 42.0917 -140.102 1502.44
vn 0.274947 0.351812 0.894781
v 41.3286 -141.038 1504.27
vn 0.858399 -0.0510686 0.510434
v 41.7455 -141.35 1504
vn 0.650482 0.211092 0.729598
v 41.6406 -141.038 1504.06
vn 0.880931 0.190157 0.43336
v 41.8625 -140.726 1503.68
vn 0.439497 0.535179 0.721406
v 41.6406 -140.414 1503.78
vn 0.98107 -0.14146 0.132256
v 41.9527 -141.214 1503.37
vn 0.885005 0.31936 0.338784
v 42.1454 -136.669 1499.63
vn -0.768383 0.464469 0.440291
v 41.3286 -134.797 1498.18
vn 0.793738 0.35707 0.492423
v 41.6406 -132.397 1496.51
vn -0.496467 0.346725 0.795803
v 41.6406 -131.444 1495.88
vn 0.932847 0.232807 0.274951
v 42.0429 -132.924 1496.19
vn 0.874146 0.217521 0.434227
v 41.9162 -131.052 1495.26
vn 0.527153 0.266735 0.806823
v 41.6406 -130.739 1495.48
vn 0.514048 -0.0102736 0.8577
v 41.3286 -128.243 1495.34
vn 0.794892 -0.173759 0.581339
v 41.5748 -127.306 1495.26
vn 0.956912 -0.00717022 0.29029
v 41.765 -128.555 1494.63
vn 0.966512 -0.0981008 0.237132
v 41.7455 -126.994 1494.95
vn 0.995734 -0.0811118 -0.0439872
v 42.3892 -125.746 1482.15
vn 0.995466 -0.0662116 0.0682891
v 41.8771 -126.37 1494.01
vn -0.195801 -0.434872 0.878947
v 41.3286 -123.873 1497.04
vn 0.953556 -0.204066 0.22156
v 42.1307 -122.937 1496.19
vn -0.21852 -0.498697 0.838779
v 41.3286 -122.325 1498.07
vn 0.329951 -0.504728 0.797736
v 41.6406 -121.689 1498.46
vn 0.815033 -0.367541 0.447923
v 42.0478 -121.689 1498.07
vn -0.214454 -0.484282 0.848222
v 41.6406 -119.58 1499.63
vn 0.53199 -0.499068 0.684046
v 41.9527 -119.891 1499.32
vn 0.943195 -0.267417 0.197159
v 42.4087 -120.128 1498.07
vn 0.982504 0.113533 -0.147636
v 43.2279 -117.007 1484.65
vn -0.863499 -0.198903 0.463472
v 41.4675 -117.944 1500.25
vn -0.340377 -0.512542 0.788318
v 41.9527 -117.868 1500.88
vn 0.984555 -0.168245 -0.0484363
v 43.6424 -113.574 1491.83
vn -0.633444 -0.568782 0.524629
v 42.4672 -112.326 1504.62
vn -0.0322948 -0.656888 0.753296
v 42.889 -112.852 1504.62
vn -0.589211 -0.472678 0.65529
v 43.2011 -112.014 1505.51
vn 0.818151 -0.47874 0.318491
v 43.5132 -113.262 1504.29
vn 0.964409 0.109949 -0.240472
v 43.4035 -110.141 1489.33
vn -0.00379024 -0.945107 0.32674
v 42.889 -109.837 1508.99
vn 0.852235 0.417736 -0.314946
v 41.8869 -107.957 1486.83
vn 0.0434314 -0.786957 0.615477
v 42.5769 -108.581 1513.34
vn 0.329249 -0.210587 0.920461
v 43.2011 -105.148 1515.13
vn 0.0577945 0.960036 -0.273843
v 41.3286 -102.434 1499.32
vn 0.273414 0.912864 -0.30319
v 43.2011 -101.415 1504.31
vn 0.50489 0.347372 0.790202
v 43.798 -103.9 1514.61
vn 0.162196 0.984691 0.0638373
v 41.3286 -99.7426 1510.86
vn 0.861296 -0.489267 0.137067
v 44.2666 -112.326 1503.68
vn 0.494566 -0.73018 0.471424
v 44.1374 -111.7 1505.56
vn 0.203031 -0.865429 0.458051
v 43.8253 -110.451 1507.74
vn 0.432677 -0.854426 0.287657
v 45.6978 -108.935 1509.61
vn 0.286119 -0.878403 0.382811
v 43.8253 -108.998 1512.11
vn 0.594298 -0.657439 0.463233
v 44.7615 -108.662 1511.8
vn 0.509694 -0.544467 0.666159
v 44.1374 -107.957 1513.26
vn 0.688311 0.614428 -0.385625
v 45.354 -104.524 1499.63
vn 0.870979 0.249723 -0.423123
v 45.9636 -105.46 1499.63
vn 0.68098 -0.120039 0.722396
v 45.0736 -105.46 1513.77
vn 0.436244 0.816787 -0.377558
v 44.4495 -102.22 1503.37
vn 0.62544 -0.763017 0.163187
v 46.322 -108.915 1507.74
vn 0.906158 -0.372379 -0.200528
v 46.4463 -108.269 1501.5
vn 0.71275 -0.620028 0.327953
v 48.1945 -107.403 1508.37
vn 0.787348 0.316956 -0.528794
v 47.3436 -105.148 1502.12
vn 0.586748 0.621534 -0.519059
v 47.2583 -103.722 1503.37
vn 0.304101 0.902303 -0.305567
v 47.5704 -101.757 1506.81
vn 0.427731 0.777894 -0.460355
v 48.1945 -102.571 1505.56
vn 0.587649 0.537162 0.605083
v 47.2583 -101.715 1510.23
vn 0.778154 0.178637 0.602134
v 48.4457 -103.9 1509.93
vn 0.752765 0.506187 0.420856
v 48.4505 -102.027 1508.99
vn 0.560407 0.828092 -0.014406
v 48.1945 -101.547 1508.37
vn 0.266284 0.956743 -0.1172
v 47.2583 -101.142 1508.99
vn 0.464925 0.832632 0.300945
v 47.5704 -101.284 1509.3
vn 0.811793 -0.583945 1.98494e-005
v 48.8797 -107.021 1507.12
vn 0.943388 -0.0937404 -0.31817
v 49.3185 -105.148 1505.56
vn 0.826355 -0.238984 0.509926
v 49.0698 -105.148 1508.99
vn 0.960879 -0.195145 0.196548
v 49.3819 -105.46 1508.05
vn 0.772668 0.429731 -0.467243
v 49.0211 -103.588 1505.25
vn 0.668442 0.6949 -0.265141
v 48.8187 -102.293 1506.81
vn 0.970854 0.212705 -0.110449
v 49.5136 -103.588 1506.81
vn 0.91274 0.344172 0.220117
v 49.1918 -102.651 1508.05
vn 0.115501 -0.5863 0.801818
v -43.8793 -116.071 1502.12
vn -0.510643 -0.592429 0.623114
v -43.8793 -116.071 1502.12
vn -0.47005 -0.705984 0.529754
v -45.7446 -111.837 1504.62
vn -0.466299 -0.689227 0.554555
v -44.4962 -111.929 1505.56
vn 0.370675 -0.858664 0.353973
v -44.4962 -111.929 1505.56
vn 0.744477 -0.317279 0.587442
v -44.4962 -111.929 1505.56
vn -0.933331 0.146118 -0.327936
v -45.8104 -110.454 1495.57
vn -0.167815 -0.178332 0.969554
v -42.6237 -141.975 1504.33
vn 0.562362 -0.0539137 0.825132
v -41.9995 -142.287 1504.34
vn 0.517839 -0.360004 0.776041
v -41.6874 -142.911 1503.92
vn 0.283603 0.608673 0.741004
v -42.6237 -140.726 1504.08
vn 0.505106 0.337591 0.794292
v -42.3116 -141.35 1504.38
vn -0.300602 0.59603 0.744572
v -43.2478 -134.119 1497.76
vn -0.0366173 0.580115 0.813711
v -42.9357 -132.3 1496.39
vn -0.282708 0.290754 0.914078
v -42.9357 -130.739 1495.47
vn 0.28384 0.0949855 0.954155
v -42.6237 -130.115 1495.45
vn 0.0359681 0.0515828 0.998021
v -42.6237 -129.179 1495.34
vn 0.0650575 0.431356 0.899833
v -42.9357 -131.364 1495.8
vn 0.0424773 0.479628 0.876443
v -42.6237 -131.364 1495.74
vn -0.849156 -0.110244 0.516507
v -42.6237 -128.243 1495.35
vn -0.503012 -0.281438 0.817173
v -42.6237 -128.243 1495.35
vn 0.320689 -0.383746 0.865966
v -42.3116 -123.873 1497.05
vn 0.743011 -0.308141 0.594125
v -43.5599 -115.51 1502.44
vn 0.768472 -0.615647 -0.174441
v -39.5028 -144.471 1490.46
vn 0.733796 -0.676367 -0.0638054
v -39.5028 -144.932 1492.45
vn 0.445013 -0.888853 0.109102
v -38.8786 -141.694 1480.28
vn 0.385422 -0.91702 -0.102586
v -39.5028 -141.694 1481.84
vn -0.257354 -0.960818 -0.102943
v -39.5028 -141.694 1481.84
vn 0.356874 -0.910072 -0.210738
v -39.5028 -142.162 1484.02
vn -0.676407 -0.683711 -0.273885
v -39.8148 -142.938 1486.52
vn -0.160921 -0.936686 -0.311006
v -39.8148 -142.938 1486.52
vn 0.872769 -0.474493 -0.114585
v -39.1907 -142.401 1485.58
vn 0.918058 -0.394079 0.0432601
v -38.6421 -141.35 1483.09
vn -0.197703 0.60497 -0.771314
v -38.8786 -113.848 1460.93
vn 0.427596 -0.881905 0.19851
v -40.7511 -111.078 1501.27
vn 0.982846 0.00543196 -0.184348
v -39.3296 -107.645 1501.5
vn -0.776837 -0.628855 0.0326294
v -37.1499 -144.471 1467.79
vn 0.31922 -0.848155 0.422768
v -36.3819 -143.421 1471.85
vn 0.495383 -0.841838 0.214253
v -38.2544 -141.875 1477.78
vn 0.081363 0.444428 -0.892112
v -38.5665 -121.377 1456.98
vn 0.86852 0.4104 0.277928
v -36.4282 -120.128 1478.41
vn 0.943707 -0.142249 0.298634
v -37.7399 -117.007 1481.53
vn 0.413302 -0.18722 0.89114
v -37.006 -106.084 1514.21
vn 0.464838 -0.682153 0.564441
v -34.8214 -146.775 1466.55
vn 0.886711 -0.377349 0.267115
v -34.4771 -135.421 1479.65
vn 0.72255 -0.0627326 0.688466
v -34.4771 -135.421 1479.65
vn 0.269902 0.481976 -0.833578
v -35.7577 -129.491 1453.3
vn 0.927625 0.310229 0.208014
v -34.3606 -121.689 1481.21
vn 0.179536 0.320353 0.930129
v -35.7577 -120.44 1477.66
vn -0.169089 0.261342 0.950321
v -34.9942 -119.504 1477.47
vn 0.50778 0.511638 0.693098
v -34.8214 -120.128 1477.67
vn 0.614958 0.735679 0.283907
v -35.7577 -121.15 1478.72
vn 0.970951 0.239268 0.00194327
v -35.648 -108.269 1474.35
vn -0.363638 0.222863 -0.904489
v -32.3905 -145.096 1446.26
vn 0.363843 0.597463 -0.714602
v -33.573 -134.485 1450.61
vn -0.0418008 -0.203911 0.978097
v -26.0829 -157.891 1462.56
vn -0.238477 -0.540865 0.806594
v -21.8233 -164.133 1448.44
vn -0.958755 0.0898291 0.269665
v -21.3113 -164.757 1448.76
vn -0.911654 0.19221 0.363237
v -21.1358 -164.757 1449.38
vn -0.290391 -0.950941 0.106699
v -21.4015 -163.063 1450.01
vn -0.611517 -0.45496 -0.647347
v -21.4015 -163.063 1450.01
vn 0.132733 -0.624238 0.769876
v -22.6499 -155.749 1464.05
vn 0.919722 0.325178 0.219932
v -21.7453 -139.478 1465.61
vn -0.121296 -0.506109 0.853898
v -19.529 -169.439 1458.07
vn -0.735893 -0.122235 0.665973
v -20.4653 -167.566 1459.22
vn -0.183628 -0.384762 0.904566
v -20.4653 -167.566 1459.22
vn -0.940926 0.335427 -0.0463241
v -20.9212 -164.133 1449.38
vn -0.0781341 -0.0998189 0.991933
v -20.4653 -166.318 1459.45
vn -0.718704 -0.606412 -0.340189
v -21.0894 -163.257 1449.69
vn -0.45203 -0.752785 0.478521
v -19.8411 -161.636 1461.11
vn -0.509736 -0.606717 0.60997
v -21.0894 -159.764 1461.93
vn 0.0741235 -0.310935 0.947536
v -18.9048 -161.324 1462.55
vn 0.364344 -0.00335952 0.931258
v -21.0894 -155.417 1464.05
vn 0.702884 -0.00246029 0.7113
v -19.5662 -148.529 1463.43
vn 0.560794 0.0126857 0.827858
v -18.5927 -156.955 1462.12
vn 0.382313 -0.152178 0.911416
v -13.9114 -169.439 1460.77
vn -0.520145 -0.743173 -0.420882
v -9.54212 -178.194 1457.18
vn 0.236378 -0.925362 0.296361
v -9.54212 -178.194 1457.18
vn 0.108586 -0.993605 -0.030964
v -8.91794 -178.058 1456.25
vn -0.0619698 -0.997162 -0.0427602
v -8.29376 -177.999 1455.31
vn -0.166587 -0.966316 0.19617
v -6.42122 -178.489 1456.47
vn -0.0839336 -0.980695 -0.176614
v -6.42122 -178.489 1456.47
vn -0.197976 -0.978251 -0.0618939
v -4.23659 -178.692 1456.56
vn -0.471618 -0.376006 0.797619
v -4.35176 -177.241 1458.74
vn -0.143865 -0.862648 0.484913
v -3.61241 -178.911 1456.25
vn 0.182383 -0.974383 -0.131585
v -3.61241 -178.911 1456.25
vn 0.189152 -0.972843 -0.133406
v -3.30032 -178.765 1455.62
vn -0.305951 -0.226033 0.924826
v -2.36405 -177.241 1460.08
vn -0.0869625 -0.80646 -0.584859
v -2.05196 -176.146 1452.81
vn -0.270484 -0.547915 -0.791598
v -0.803597 -178.262 1456.56
vn -0.471982 -0.59765 -0.648111
v -0.179417 -178.177 1456.29
vn 0.110766 -0.853133 0.509798
v -0.179417 -177.553 1460.06
vn -0.333832 0.818107 -0.46825
v -0.491507 -166.942 1437.72
vn 0.221285 -0.912242 -0.344742
v 3.25357 -178.696 1456.56
vn 0.031395 -0.951644 -0.305593
v 4.18984 -178.735 1457.18
vn 0.365765 -0.538303 -0.75924
v 4.50193 -178.489 1456.54
vn -0.597569 0.257889 0.759213
v 5.4382 -166.998 1455.62
vn 0.721657 -0.434718 -0.538732
v 7.30034 -177.553 1455
vn 0.239253 -0.916951 -0.319312
v 6.68656 -178.165 1455.94
vn -0.144249 -0.938771 0.312893
v 7.31074 -177.741 1457.5
vn -0.311853 -0.929825 0.195378
v 7.62283 -178.087 1456.56
vn 0.108526 -0.933465 -0.341854
v 8.24701 -178.243 1457.18
vn 0.617125 -0.633038 -0.467354
v 8.24701 -178.243 1457.18
vn 0.615178 -0.63104 0.472593
v 8.24701 -178.243 1457.18
vn 0.385879 -0.515872 0.764836
v 8.24701 -177.865 1457.69
vn 0.638507 -0.593046 0.490515
v 8.63469 -177.865 1457.18
vn 0.873278 -0.477617 -0.0962629
v 8.63469 -177.865 1457.18
vn 0.664052 -0.423499 -0.616184
v 6.37447 -174.744 1452.29
vn 0.115669 -0.1594 0.980414
v 8.24701 -172.872 1459.83
vn 0.106592 -0.320827 0.941121
v 8.24701 -172.872 1459.83
vn 0.561693 -0.550123 -0.617953
v 9.18328 -176.736 1456.56
vn 0.873278 -0.477617 -0.0962629
v 9.18328 -176.736 1456.56
vn 0.873278 -0.477617 -0.0962629
v 9.18328 -176.925 1457.5
vn 0.43905 -0.88106 -0.175977
v 9.18328 -176.925 1457.5
vn 0.714267 -0.650381 0.258512
v 9.18328 -176.925 1457.5
vn 0.643408 -0.673489 0.363921
v 9.80746 -176.487 1456.87
vn 0.480961 -0.874537 -0.0621365
v 11.68 -175.585 1455.94
vn 0.321511 -0.742634 0.587474
v 13.2405 -174.655 1456.87
vn 0.479865 -0.263282 -0.836906
v 13.0576 -168.19 1439.08
vn -0.822564 0.454011 0.342436
v 13.5525 -161.324 1460.08
vn 0.562303 -0.658683 0.499951
v 14.8009 -173.496 1457.23
vn -0.133552 -0.623345 0.770457
v 15.4251 -161.948 1461.19
vn 0.130496 -0.41159 0.901978
v 18.2339 -169.372 1458.12
vn 0.853394 -0.494544 0.164754
v 19.3384 -168.19 1458.12
vn 0.766238 -0.101767 0.634447
v 19.787 -165.069 1449.07
vn 0.989855 0.139005 -0.029395
v 19.7773 -165.069 1449.69
vn 0.867807 0.320456 0.379761
v 19.8699 -164.445 1449.07
vn 0.991176 -0.131642 0.0154902
v 19.8699 -164.445 1449.07
vn 0.755063 -0.0117624 0.655546
v 20.1284 -164.445 1448.76
vn 0.723335 0.0322499 0.689744
v 20.4185 -164.28 1448.44
vn 0.386881 -0.416227 0.822848
v 20.4185 -164.28 1448.44
vn 0.812819 0.147943 0.563416
v 19.4554 -163.821 1449.38
vn 0.817059 -0.466501 0.33881
v 19.4554 -163.821 1449.38
vn 0.762284 -0.564807 0.316096
v 19.5042 -163.509 1449.69
vn 0.691523 -0.634253 -0.345715
v 19.5042 -163.509 1449.69
vn 0.589402 -0.702347 0.399142
v 19.7943 -163.509 1448.99
vn 0.093699 -0.740445 0.665553
v 20.4185 -163.509 1448.71
vn 0.380014 -0.286526 0.879484
v 20.7306 -163.821 1448.53
vn -0.110318 -0.568743 0.815084
v 20.7306 -163.821 1448.53
vn 0.61586 -0.584844 0.527896
v 19.1702 -160.354 1461.86
vn -0.0429563 -0.183982 0.98199
v 19.7943 -155.395 1464.11
vn 0.134671 -0.408638 0.902706
v 20.1064 -154.458 1464.09
vn -0.50061 -0.0539854 0.863988
v 19.3384 -143.223 1464.05
vn 0.720445 -0.670777 -0.176121
v 21.3548 -163.404 1448.44
vn 0.781852 -0.595127 0.185828
v 21.979 -163.425 1459.68
vn 0.759668 -0.575587 0.302661
v 22.9152 -161.813 1460.62
vn 0.468155 0.10226 -0.877709
v 21.6669 -151.962 1440.63
vn 0.108822 -0.37372 0.921136
v 22.9152 -153.834 1463.95
vn -0.80348 -0.0217094 0.594936
v 24.3416 -135.421 1470.29
vn -0.620271 -0.5582 0.551069
v 28.845 -133.548 1475.85
vn 0.38772 0.413494 0.82383
v 33.5263 -119.816 1477.55
vn -0.331384 -0.300337 0.894417
v 33.7489 -119.192 1477.47
vn 0.452375 0.226685 -0.862537
v 33.8384 -129.769 1453.13
vn -0.882363 0.302748 0.360248
v 34.782 -120.128 1477.78
vn -0.671757 0.686563 0.278162
v 34.4626 -120.862 1478.09
vn -0.575255 0.296698 0.762268
v 33.9335 -103.9 1513.05
vn -0.83491 0.492036 0.24663
v 33.9335 -103.9 1513.05
vn -0.593668 0.349865 0.724674
v 35.7109 -100.884 1513.05
vn -0.0521519 -0.998618 0.0064294
v 38.5197 -145.391 1495.88
vn 0.132981 -0.970349 0.201838
v 36.9593 -142.109 1474.97
vn 0.623837 -0.781329 -0.018783
v 36.9593 -141.948 1477.16
vn -0.100063 -0.994791 0.0194658
v 37.2714 -141.632 1480.28
vn 0.041569 -0.999079 -0.010661
v 37.8956 -141.607 1480.28
vn -0.197198 -0.970829 -0.136395
v 37.5835 -141.763 1482.77
vn 0.533888 -0.813222 -0.231588
v 38.2077 -141.889 1482.77
vn -0.163055 -0.950044 -0.266137
v 38.2077 -142.533 1485.27
vn 0.0430064 0.445252 -0.894372
v 37.2714 -120.753 1457.22
vn 0.913913 0.184741 -0.361434
v 38.2784 -116.383 1459.99
vn -0.783278 0.617685 0.070288
v 38.5197 -104.716 1491.51
vn -0.808157 0.58895 0.00452659
v 38.4588 -104.836 1495.26
vn -0.857001 0.468125 -0.215426
v 38.449 -104.836 1499
vn -0.0735565 -0.984892 0.156773
v 38.8318 -145.147 1498.38
vn 0.519029 -0.721572 0.458195
v 40.7044 -142.911 1503.99
vn 0.515037 -0.199323 0.833671
v 41.0165 -127.775 1495.57
vn -0.114607 0.577113 0.808582
v 42.1454 -136.669 1499.63
vn -0.495539 0.521258 0.694788
v 41.3286 -134.797 1498.18
vn 0.191811 0.698186 0.689743
v 41.3286 -134.797 1498.18
vn 0.0693387 0.563403 0.823267
v 41.3286 -134.797 1498.18
vn 0.0693387 0.563403 0.823267
v 41.6406 -132.397 1496.51
vn 0.25091 0.530402 0.809764
v 41.6406 -131.444 1495.88
vn 0.763222 0.339097 0.550005
v 41.6406 -131.444 1495.88
vn 0.238409 0.485236 0.841253
v 41.6406 -131.444 1495.88
vn 0.743295 -0.371618 0.556248
v 41.3286 -123.873 1497.04
vn 0.0929926 -0.605021 0.79076
v 41.9527 -117.868 1500.88
vn -0.67927 -0.338204 0.651314
v 41.9527 -117.868 1500.88
vn -0.566405 -0.454382 0.687548
v 42.889 -112.852 1504.62
vn 0.00714099 -0.788055 0.615563
v 43.2011 -112.014 1505.51
vn 0.0472828 -0.649161 0.75918
v 43.5132 -113.262 1504.29
f 13//13 14//14 1//1
f 2//2 1//1 14//14
f 4//4 2//2 16//16
f 5//5 1//1 3//3
f 1//1 2//2 3//3
f 7//7 5//5 3//3
f 3//3 4//4 8//8
f 4//4 9//9 8//8
f 8//8 7//7 3//3
f 2//2 4//4 3//3
f 6//6 19//19 5//5
f 5//5 7//7 6//6
f 11//11 6//6 7//7
f 8//8 9//9 10//10
f 8//8 10//10 7//7
f 10//10 9//9 22//22
f 7//7 10//10 12//12
f 22//22 25//25 10//10
f 12//12 11//11 7//7
f 12//12 10//10 25//25
f 11//11 12//12 23//23
f 12//12 25//25 24//24
f 12//12 24//24 23//23
f 25//25 42//42 24//24
f 15//15 17//17 105//105
f 30//30 14//14 13//13
f 19//19 17//17 15//15
f 32//32 13//13 15//15
f 1//1 15//15 13//13
f 2//2 14//14 16//16
f 16//16 36//36 4//4
f 16//16 14//14 33//33
f 16//16 35//35 36//36
f 33//33 35//35 16//16
f 15//15 5//5 19//19
f 19//19 18//18 17//17
f 5//5 15//15 1//1
f 20//20 19//19 6//6
f 18//18 19//19 20//20
f 18//18 20//20 21//21
f 4//4 39//39 9//9
f 4//4 36//36 39//39
f 20//20 6//6 21//21
f 41//41 110//110 21//21
f 41//41 21//21 6//6
f 22//22 44//44 25//25
f 6//6 11//11 41//41
f 23//23 24//24 43//43
f 24//24 42//42 43//43
f 25//25 44//44 42//42
f 41//41 11//11 23//23
f 41//41 23//23 43//43
f 28//28 102//102 26//26
f 27//27 26//26 100//100
f 27//27 28//28 26//26
f 100//100 29//29 27//27
f 102//102 28//28 32//32
f 28//28 29//29 30//30
f 104//104 31//31 1077//1077
f 27//27 29//29 28//28
f 102//102 1083//1083 105//105
f 32//32 28//28 13//13
f 28//28 30//30 13//13
f 1080//1080 1079//1079 1078//1078
f 1080//1080 33//33 1079//1079
f 1081//1081 161//161 33//33
f 1083//1083 15//15 105//105
f 33//33 14//14 1079//1079
f 33//33 34//34 35//35
f 35//35 37//37 36//36
f 39//39 36//36 37//37
f 35//35 34//34 38//38
f 35//35 38//38 37//37
f 34//34 106//106 38//38
f 39//39 37//37 111//111
f 37//37 38//38 107//107
f 18//18 105//105 17//17
f 9//9 39//39 22//22
f 22//22 39//39 40//40
f 40//40 39//39 111//111
f 111//111 112//112 40//40
f 105//105 18//18 21//21
f 110//110 105//105 21//21
f 113//113 110//110 41//41
f 44//44 22//22 40//40
f 43//43 42//42 119//119
f 119//119 42//42 44//44
f 119//119 120//120 43//43
f 115//115 44//44 40//40
f 46//46 47//47 130//130
f 46//46 53//53 50//50
f 130//130 134//134 46//46
f 134//134 53//53 46//46
f 45//45 47//47 57//57
f 47//47 50//50 48//48
f 48//48 59//59 47//47
f 47//47 59//59 57//57
f 47//47 46//46 50//50
f 50//50 51//51 48//48
f 48//48 51//51 49//49
f 48//48 49//49 62//62
f 62//62 49//49 63//63
f 1084//1084 65//65 63//63
f 51//51 50//50 53//53
f 51//51 54//54 52//52
f 1084//1084 51//51 52//52
f 52//52 65//65 1084//1084
f 51//51 53//53 54//54
f 1086//1086 55//55 1085//1085
f 56//56 1085//1085 55//55
f 56//56 66//66 1088//1088
f 1085//1085 56//56 1088//1088
f 53//53 134//134 148//148
f 54//54 53//53 148//148
f 55//55 1086//1086 148//148
f 147//147 56//56 55//55
f 141//141 45//45 67//67
f 45//45 57//57 67//67
f 59//59 62//62 60//60
f 67//67 59//59 60//60
f 67//67 57//57 59//59
f 71//71 66//66 58//58
f 62//62 61//61 60//60
f 48//48 62//62 59//59
f 62//62 63//63 64//64
f 64//64 61//61 62//62
f 63//63 65//65 64//64
f 64//64 71//71 61//61
f 66//66 1087//1087 1088//1088
f 66//66 71//71 1087//1087
f 74//74 67//67 68//68
f 67//67 60//60 68//68
f 60//60 61//61 68//68
f 61//61 71//71 68//68
f 102//102 141//141 74//74
f 141//141 67//67 74//74
f 68//68 69//69 74//74
f 68//68 71//71 1089//1089
f 72//72 1089//1089 71//71
f 70//70 86//86 72//72
f 73//73 86//86 70//70
f 58//58 70//70 72//72
f 58//58 72//72 71//71
f 74//74 76//76 102//102
f 88//88 102//102 76//76
f 188//188 73//73 70//70
f 74//74 69//69 75//75
f 74//74 75//75 85//85
f 76//76 74//74 85//85
f 1095//1095 1089//1089 72//72
f 1095//1095 1090//1090 1089//1089
f 1095//1095 1094//1094 1090//1090
f 85//85 77//77 76//76
f 76//76 77//77 78//78
f 78//78 89//89 76//76
f 76//76 89//89 88//88
f 1094//1094 87//87 1091//1091
f 87//87 79//79 1091//1091
f 79//79 78//78 1091//1091
f 79//79 80//80 78//78
f 78//78 80//80 89//89
f 1095//1095 81//81 87//87
f 81//81 1092//1092 87//87
f 81//81 82//82 1092//1092
f 82//82 1093//1093 1092//1092
f 82//82 90//90 1093//1093
f 81//81 86//86 73//73
f 82//82 81//81 73//73
f 83//83 82//82 73//73
f 91//91 82//82 83//83
f 90//90 82//82 91//91
f 73//73 84//84 83//83
f 83//83 84//84 154//154
f 83//83 154//154 91//91
f 1095//1095 87//87 1094//1094
f 89//89 92//92 88//88
f 88//88 92//92 102//102
f 1096//1096 94//94 92//92
f 1096//1096 89//89 80//80
f 92//92 89//89 1096//1096
f 91//91 154//154 97//97
f 92//92 94//94 102//102
f 1096//1096 93//93 94//94
f 1097//1097 96//96 93//93
f 90//90 91//91 1098//1098
f 94//94 26//26 102//102
f 94//94 95//95 26//26
f 95//95 100//100 26//26
f 93//93 95//95 94//94
f 93//93 98//98 95//95
f 98//98 100//100 95//95
f 93//93 96//96 98//98
f 101//101 98//98 1098//1098
f 1098//1098 91//91 97//97
f 97//97 101//101 1098//1098
f 103//103 99//99 157//157
f 98//98 101//101 100//100
f 97//97 103//103 101//101
f 97//97 99//99 103//103
f 1077//1077 100//100 101//101
f 1077//1077 101//101 104//104
f 103//103 1099//1099 101//101
f 103//103 160//160 1099//1099
f 103//103 157//157 160//160
f 1099//1099 160//160 1082//1082
f 161//161 1081//1081 1111//1111
f 33//33 161//161 218//218
f 33//33 106//106 34//34
f 33//33 218//218 106//106
f 106//106 218//218 109//109
f 37//37 107//107 111//111
f 38//38 108//108 107//107
f 108//108 38//38 106//106
f 106//106 109//109 108//108
f 109//109 218//218 108//108
f 164//164 105//105 110//110
f 164//164 110//110 165//165
f 112//112 111//111 107//107
f 223//223 112//112 107//107
f 165//165 110//110 113//113
f 165//165 113//113 114//114
f 117//117 114//114 113//113
f 114//114 117//117 168//168
f 116//116 115//115 40//40
f 116//116 40//40 112//112
f 113//113 41//41 118//118
f 43//43 118//118 41//41
f 113//113 118//118 117//117
f 43//43 120//120 118//118
f 118//118 120//120 169//169
f 44//44 115//115 121//121
f 44//44 121//121 119//119
f 171//171 119//119 121//121
f 121//121 172//172 171//171
f 115//115 116//116 121//121
f 121//121 116//116 172//172
f 141//141 122//122 124//124
f 123//123 122//122 142//142
f 122//122 141//141 1106//1106
f 124//124 122//122 125//125
f 125//125 123//123 126//126
f 122//122 123//123 125//125
f 1100//1100 144//144 1101//1101
f 144//144 129//129 1101//1101
f 125//125 127//127 124//124
f 45//45 124//124 127//127
f 125//125 126//126 128//128
f 1101//1101 129//129 128//128
f 144//144 187//187 145//145
f 127//127 47//47 45//45
f 127//127 130//130 47//47
f 127//127 125//125 128//128
f 128//128 130//130 127//127
f 129//129 133//133 128//128
f 129//129 145//145 133//133
f 145//145 129//129 144//144
f 128//128 131//131 130//130
f 131//131 128//128 133//133
f 133//133 132//132 131//131
f 132//132 133//133 145//145
f 131//131 134//134 130//130
f 131//131 146//146 134//134
f 131//131 132//132 146//146
f 146//146 132//132 147//147
f 150//150 135//135 175//175
f 150//150 181//181 136//136
f 181//181 137//137 136//136
f 181//181 150//150 175//175
f 181//181 177//177 137//137
f 184//184 1102//1102 1115//1115
f 139//139 140//140 138//138
f 151//151 136//136 139//139
f 1102//1102 152//152 1103//1103
f 152//152 143//143 1103//1103
f 1103//1103 143//143 1105//1105
f 1104//1104 136//136 137//137
f 152//152 1102//1102 184//184
f 141//141 151//151 138//138
f 1106//1106 141//141 138//138
f 151//151 139//139 138//138
f 1105//1105 143//143 142//142
f 138//138 140//140 1107//1107
f 142//142 143//143 123//123
f 1108//1108 144//144 1100//1100
f 1108//1108 187//187 144//144
f 45//45 141//141 124//124
f 147//147 132//132 145//145
f 145//145 188//188 147//147
f 187//187 188//188 145//145
f 148//148 134//134 146//146
f 147//147 58//58 66//66
f 58//58 147//147 188//188
f 148//148 146//146 55//55
f 55//55 146//146 147//147
f 66//66 56//56 147//147
f 149//149 135//135 150//150
f 136//136 151//151 150//150
f 151//151 149//149 150//150
f 151//151 102//102 149//149
f 141//141 102//102 151//151
f 70//70 58//58 188//188
f 73//73 188//188 189//189
f 188//188 242//242 189//189
f 149//149 153//153 240//240
f 149//149 102//102 153//153
f 189//189 84//84 73//73
f 84//84 189//189 154//154
f 240//240 153//153 190//190
f 155//155 190//190 153//153
f 153//153 156//156 155//155
f 97//97 154//154 99//99
f 192//192 190//190 155//155
f 102//102 156//156 153//153
f 154//154 199//199 157//157
f 157//157 99//99 154//154
f 155//155 158//158 192//192
f 202//202 1116//1116 1110//1110
f 156//156 102//102 105//105
f 156//156 158//158 155//155
f 159//159 158//158 156//156
f 159//159 156//156 105//105
f 1110//1110 159//159 207//207
f 162//162 160//160 157//157
f 207//207 159//159 209//209
f 209//209 159//159 105//105
f 161//161 163//163 221//221
f 161//161 160//160 163//163
f 214//214 219//219 294//294
f 214//214 105//105 164//164
f 160//160 162//162 163//163
f 162//162 167//167 1112//1112
f 1112//1112 167//167 220//220
f 107//107 108//108 218//218
f 214//214 164//164 219//219
f 165//165 219//219 164//164
f 166//166 165//165 167//167
f 162//162 166//166 167//167
f 167//167 168//168 220//220
f 167//167 165//165 114//114
f 114//114 168//168 167//167
f 117//117 118//118 169//169
f 169//169 120//120 170//170
f 170//170 120//120 119//119
f 170//170 119//119 171//171
f 238//238 174//174 173//173
f 1113//1113 149//149 240//240
f 149//149 1113//1113 135//135
f 1114//1114 178//178 1113//1113
f 175//175 135//135 1113//1113
f 178//178 175//175 1113//1113
f 178//178 1114//1114 176//176
f 1114//1114 180//180 176//176
f 180//180 1114//1114 239//239
f 178//178 177//177 175//175
f 175//175 177//177 181//181
f 178//178 179//179 1115//1115
f 179//179 180//180 1115//1115
f 180//180 183//183 1115//1115
f 176//176 179//179 178//178
f 180//180 179//179 176//176
f 184//184 1115//1115 183//183
f 180//180 239//239 182//182
f 182//182 183//183 180//180
f 182//182 239//239 186//186
f 184//184 183//183 185//185
f 186//186 185//185 183//183
f 182//182 186//186 183//183
f 1109//1109 184//184 185//185
f 1109//1109 185//185 186//186
f 1108//1108 1109//1109 187//187
f 186//186 187//187 1109//1109
f 186//186 243//243 187//187
f 187//187 242//242 188//188
f 243//243 242//242 187//187
f 190//190 244//244 240//240
f 310//310 189//189 242//242
f 311//311 189//189 310//310
f 244//244 190//190 245//245
f 189//189 251//251 191//191
f 189//189 191//191 154//154
f 192//192 245//245 190//190
f 193//193 1123//1123 1116//1116
f 191//191 251//251 199//199
f 199//199 154//154 191//191
f 246//246 1123//1123 193//193
f 246//246 193//193 194//194
f 246//246 194//194 252//252
f 196//196 200//200 197//197
f 278//278 195//195 254//254
f 196//196 197//197 262//262
f 1117//1117 200//200 196//196
f 1117//1117 196//196 253//253
f 1125//1125 254//254 195//195
f 199//199 198//198 157//157
f 197//197 157//157 198//198
f 193//193 1116//1116 202//202
f 252//252 194//194 203//203
f 202//202 194//194 193//193
f 194//194 202//202 203//203
f 278//278 201//201 195//195
f 204//204 201//201 278//278
f 1118//1118 201//201 211//211
f 1118//1118 195//195 201//201
f 197//197 200//200 157//157
f 202//202 280//280 203//203
f 252//252 203//203 280//280
f 204//204 211//211 201//201
f 1118//1118 211//211 157//157
f 202//202 1110//1110 205//205
f 202//202 206//206 280//280
f 205//205 206//206 202//202
f 211//211 204//204 292//292
f 211//211 162//162 157//157
f 208//208 206//206 205//205
f 207//207 205//205 1110//1110
f 208//208 205//205 207//207
f 208//208 207//207 212//212
f 208//208 212//212 210//210
f 208//208 288//288 206//206
f 208//208 210//210 288//288
f 206//206 288//288 280//280
f 207//207 209//209 212//212
f 210//210 212//212 213//213
f 213//213 212//212 214//214
f 293//293 210//210 213//213
f 214//214 212//212 209//209
f 105//105 214//214 209//209
f 294//294 293//293 213//213
f 294//294 213//213 214//214
f 294//294 219//219 215//215
f 216//216 166//166 211//211
f 216//216 165//165 166//166
f 162//162 211//211 166//166
f 161//161 221//221 222//222
f 217//217 161//161 222//222
f 218//218 161//161 217//217
f 295//295 217//217 222//222
f 107//107 218//218 223//223
f 219//219 165//165 215//215
f 221//221 1112//1112 220//220
f 220//220 299//299 221//221
f 224//224 223//223 218//218
f 227//227 116//116 112//112
f 217//217 224//224 218//218
f 1119//1119 227//227 223//223
f 223//223 227//227 112//112
f 224//224 217//217 295//295
f 298//298 229//229 227//227
f 1119//1119 298//298 227//227
f 168//168 225//225 220//220
f 299//299 220//220 225//225
f 225//225 168//168 231//231
f 231//231 232//232 225//225
f 116//116 227//227 228//228
f 229//229 228//228 227//227
f 229//229 230//230 228//228
f 302//302 229//229 298//298
f 230//230 229//229 302//302
f 168//168 117//117 231//231
f 231//231 117//117 169//169
f 231//231 169//169 234//234
f 232//232 236//236 301//301
f 232//232 231//231 234//234
f 236//236 232//232 234//234
f 170//170 171//171 233//233
f 171//171 237//237 233//233
f 234//234 170//170 233//233
f 237//237 171//171 172//172
f 170//170 234//234 169//169
f 234//234 233//233 235//235
f 235//235 237//237 230//230
f 233//233 237//237 235//235
f 235//235 236//236 234//234
f 236//236 226//226 301//301
f 235//235 226//226 236//236
f 230//230 226//226 235//235
f 228//228 172//172 116//116
f 228//228 237//237 172//172
f 230//230 237//237 228//228
f 303//303 304//304 1113//1113
f 305//305 238//238 304//304
f 173//173 304//304 238//238
f 303//303 1113//1113 240//240
f 239//239 1114//1114 1120//1120
f 244//244 307//307 240//240
f 309//309 244//244 245//245
f 241//241 243//243 186//186
f 242//242 243//243 310//310
f 310//310 243//243 1121//1121
f 1123//1123 246//246 1131//1131
f 251//251 189//189 311//311
f 320//320 246//246 252//252
f 312//312 252//252 268//268
f 312//312 268//268 248//248
f 266//266 270//270 249//249
f 248//248 247//247 250//250
f 250//250 247//247 1124//1124
f 248//248 268//268 247//247
f 247//247 268//268 267//267
f 266//266 247//247 267//267
f 249//249 247//247 266//266
f 311//311 248//248 250//250
f 312//312 248//248 311//311
f 270//270 271//271 249//249
f 311//311 250//250 251//251
f 1124//1124 251//251 250//250
f 271//271 251//251 1124//1124
f 256//256 255//255 1125//1125
f 255//255 254//254 1125//1125
f 1125//1125 261//261 265//265
f 1125//1125 258//258 256//256
f 257//257 255//255 256//256
f 257//257 275//275 255//255
f 1125//1125 265//265 258//258
f 1126//1126 256//256 258//258
f 259//259 276//276 275//275
f 257//257 259//259 275//275
f 260//260 1127//1127 265//265
f 260//260 257//257 1127//1127
f 260//260 259//259 257//257
f 272//272 276//276 259//259
f 265//265 267//267 268//268
f 268//268 260//260 265//265
f 259//259 260//260 272//272
f 260//260 268//268 252//252
f 272//272 260//260 252//252
f 196//196 262//262 1128//1128
f 196//196 1128//1128 253//253
f 269//269 262//262 197//197
f 261//261 262//262 263//263
f 263//263 262//262 270//270
f 269//269 270//270 262//262
f 261//261 263//263 264//264
f 261//261 264//264 265//265
f 264//264 263//263 266//266
f 270//270 266//266 263//263
f 266//266 267//267 264//264
f 267//267 265//265 264//264
f 270//270 269//269 271//271
f 269//269 197//197 271//271
f 271//271 197//197 198//198
f 198//198 199//199 251//251
f 198//198 251//251 271//271
f 275//275 274//274 273//273
f 275//275 273//273 255//255
f 255//255 273//273 254//254
f 254//254 273//273 278//278
f 273//273 274//274 278//278
f 274//274 277//277 279//279
f 272//272 277//277 276//276
f 276//276 277//277 274//274
f 275//275 276//276 274//274
f 272//272 279//279 277//277
f 278//278 274//274 279//279
f 280//280 281//281 252//252
f 252//252 281//281 272//272
f 281//281 282//282 272//272
f 279//279 272//272 283//283
f 278//278 279//279 204//204
f 279//279 285//285 204//204
f 283//283 285//285 279//279
f 272//272 282//282 283//283
f 284//284 283//283 282//282
f 284//284 287//287 283//283
f 282//282 289//289 284//284
f 289//289 291//291 284//284
f 284//284 291//291 287//287
f 286//286 292//292 204//204
f 285//285 286//286 204//204
f 290//290 286//286 285//285
f 292//292 286//286 290//290
f 285//285 283//283 287//287
f 290//290 285//285 287//287
f 287//287 291//291 290//290
f 281//281 280//280 288//288
f 210//210 293//293 288//288
f 281//281 288//288 293//293
f 281//281 293//293 282//282
f 215//215 289//289 282//282
f 291//291 289//289 215//215
f 290//290 215//215 216//216
f 290//290 216//216 292//292
f 290//290 291//291 215//215
f 211//211 292//292 216//216
f 293//293 1129//1129 282//282
f 282//282 1129//1129 215//215
f 165//165 216//216 215//215
f 221//221 299//299 296//296
f 222//222 221//221 296//296
f 222//222 296//296 295//295
f 297//297 295//295 296//296
f 298//298 295//295 297//297
f 302//302 298//298 297//297
f 224//224 295//295 298//298
f 299//299 225//225 300//300
f 296//296 299//299 300//300
f 225//225 232//232 300//300
f 300//300 232//232 301//301
f 226//226 230//230 302//302
f 296//296 300//300 297//297
f 301//301 226//226 302//302
f 301//301 297//297 300//300
f 302//302 297//297 301//301
f 304//304 316//316 313//313
f 324//324 303//303 333//333
f 303//303 316//316 304//304
f 313//313 305//305 304//304
f 306//306 305//305 313//313
f 306//306 238//238 305//305
f 1130//1130 309//309 384//384
f 307//307 303//303 240//240
f 315//315 308//308 238//238
f 315//315 238//238 306//306
f 244//244 309//309 1130//1130
f 1120//1120 308//308 239//239
f 239//239 241//241 186//186
f 1122//1122 323//323 310//310
f 320//320 1131//1131 246//246
f 312//312 311//311 310//310
f 317//317 314//314 313//313
f 303//303 324//324 316//316
f 384//384 333//333 1130//1130
f 307//307 333//333 303//303
f 313//313 314//314 306//306
f 306//306 314//314 315//315
f 315//315 321//321 308//308
f 239//239 308//308 321//321
f 321//321 241//241 239//239
f 426//426 320//320 391//391
f 391//391 320//320 252//252
f 343//343 252//252 312//312
f 316//316 317//317 313//313
f 327//327 317//317 316//316
f 317//317 319//319 314//314
f 334//334 319//319 317//317
f 327//327 335//335 317//317
f 1132//1132 318//318 319//319
f 319//319 315//315 314//314
f 319//319 339//339 315//315
f 456//456 384//384 1131//1131
f 456//456 1131//1131 320//320
f 456//456 320//320 426//426
f 315//315 340//340 321//321
f 321//321 340//340 341//341
f 241//241 321//321 322//322
f 241//241 322//322 323//323
f 322//322 321//321 341//341
f 322//322 341//341 323//323
f 342//342 310//310 323//323
f 343//343 391//391 252//252
f 343//343 310//310 342//342
f 343//343 312//312 310//310
f 333//333 361//361 324//324
f 324//324 360//360 325//325
f 324//324 325//325 316//316
f 373//373 316//316 325//325
f 327//327 377//377 329//329
f 329//329 377//377 326//326
f 326//326 331//331 329//329
f 326//326 332//332 331//331
f 327//327 316//316 373//373
f 373//373 377//377 327//327
f 328//328 335//335 327//327
f 328//328 330//330 335//335
f 329//329 328//328 327//327
f 336//336 335//335 330//330
f 331//331 328//328 329//329
f 328//328 331//331 330//330
f 330//330 331//331 336//336
f 417//417 336//336 331//331
f 332//332 417//417 331//331
f 334//334 317//317 335//335
f 335//335 336//336 1132//1132
f 336//336 318//318 1132//1132
f 384//384 443//443 333//333
f 337//337 319//319 318//318
f 337//337 318//318 379//379
f 337//337 379//379 381//381
f 337//337 338//338 319//319
f 339//339 319//319 338//338
f 338//338 388//388 339//339
f 338//338 337//337 386//386
f 338//338 386//386 385//385
f 315//315 339//339 389//389
f 389//389 425//425 315//315
f 315//315 425//425 340//340
f 390//390 342//342 340//340
f 340//340 342//342 341//341
f 342//342 1139//1139 343//343
f 323//323 341//341 342//342
f 344//344 345//345 367//367
f 1133//1133 371//371 367//367
f 346//346 354//354 356//356
f 351//351 346//346 356//356
f 344//344 347//347 345//345
f 345//345 350//350 371//371
f 345//345 347//347 350//350
f 352//352 351//351 356//356
f 349//349 403//403 346//346
f 346//346 394//394 354//354
f 348//348 403//403 349//349
f 346//346 351//351 349//349
f 1135//1135 350//350 1134//1134
f 348//348 349//349 404//404
f 351//351 404//404 349//349
f 1135//1135 405//405 350//350
f 405//405 407//407 350//350
f 407//407 371//371 350//350
f 354//354 394//394 373//373
f 355//355 356//356 354//354
f 375//375 354//354 353//353
f 375//375 355//355 354//354
f 354//354 373//373 353//353
f 369//369 356//356 355//355
f 355//355 375//375 369//369
f 356//356 369//369 352//352
f 373//373 357//357 377//377
f 373//373 395//395 357//357
f 377//377 357//357 358//358
f 395//395 358//358 357//357
f 344//344 361//361 401//401
f 401//401 361//361 333//333
f 324//324 361//361 359//359
f 324//324 359//359 360//360
f 360//360 359//359 365//365
f 366//366 360//360 365//365
f 360//360 362//362 325//325
f 363//363 364//364 359//359
f 361//361 363//363 359//359
f 364//364 365//365 359//359
f 376//376 362//362 366//366
f 362//362 360//360 366//366
f 344//344 367//367 363//363
f 361//361 344//344 363//363
f 367//367 364//364 363//363
f 364//364 367//367 368//368
f 368//368 365//365 364//364
f 372//372 376//376 366//366
f 370//370 368//368 367//367
f 370//370 365//365 368//368
f 371//371 370//370 367//367
f 370//370 366//366 365//365
f 370//370 1136//1136 366//366
f 369//369 1137//1137 410//410
f 352//352 369//369 410//410
f 411//411 370//370 371//371
f 413//413 370//370 411//411
f 369//369 376//376 1137//1137
f 1136//1136 370//370 413//413
f 373//373 325//325 374//374
f 353//353 373//373 374//374
f 375//375 353//353 374//374
f 374//374 325//325 376//376
f 325//325 362//362 376//376
f 374//374 376//376 375//375
f 369//369 375//375 376//376
f 358//358 326//326 377//377
f 326//326 358//358 332//332
f 358//358 417//417 332//332
f 336//336 380//380 318//318
f 336//336 421//421 435//435
f 336//336 435//435 378//378
f 380//380 336//336 378//378
f 382//382 380//380 378//378
f 378//378 435//435 422//422
f 380//380 379//379 318//318
f 381//381 386//386 337//337
f 379//379 380//380 382//382
f 382//382 381//381 379//379
f 383//383 381//381 382//382
f 383//383 386//386 381//381
f 1138//1138 378//378 422//422
f 382//382 1149//1149 383//383
f 1149//1149 423//423 383//383
f 385//385 388//388 338//338
f 425//425 388//388 385//385
f 385//385 387//387 425//425
f 385//385 386//386 387//387
f 383//383 387//387 386//386
f 387//387 383//383 423//423
f 389//389 388//388 425//425
f 389//389 339//339 388//388
f 425//425 426//426 1139//1139
f 340//340 1150//1150 390//390
f 426//426 391//391 1139//1139
f 1139//1139 391//391 343//343
f 439//439 427//427 392//392
f 394//394 392//392 373//373
f 392//392 427//427 393//393
f 439//439 392//392 394//394
f 494//494 394//394 401//401
f 395//395 373//373 392//392
f 393//393 396//396 392//392
f 395//395 392//392 396//396
f 1141//1141 406//406 395//395
f 1142//1142 1140//1140 397//397
f 1144//1144 1142//1142 397//397
f 397//397 1140//1140 398//398
f 398//398 400//400 397//397
f 1144//1144 397//397 400//400
f 399//399 398//398 1140//1140
f 400//400 398//398 399//399
f 358//358 1144//1144 400//400
f 401//401 452//452 494//494
f 401//401 394//394 402//402
f 344//344 401//401 347//347
f 347//347 401//401 402//402
f 403//403 402//402 394//394
f 346//346 403//403 394//394
f 402//402 348//348 347//347
f 402//402 403//403 348//348
f 348//348 404//404 1143//1143
f 404//404 409//409 1143//1143
f 351//351 409//409 404//404
f 405//405 408//408 407//407
f 1143//1143 409//409 408//408
f 351//351 410//410 409//409
f 352//352 410//410 351//351
f 358//358 395//395 406//406
f 333//333 443//443 452//452
f 333//333 452//452 401//401
f 411//411 407//407 408//408
f 371//371 407//407 411//411
f 408//408 412//412 411//411
f 408//408 409//409 412//412
f 409//409 410//410 412//412
f 410//410 1137//1137 412//412
f 413//413 411//411 412//412
f 1137//1137 1145//1145 412//412
f 430//430 358//358 444//444
f 414//414 417//417 358//358
f 414//414 358//358 430//430
f 428//428 1146//1146 430//430
f 416//416 1146//1146 428//428
f 416//416 415//415 1146//1146
f 419//419 415//415 416//416
f 416//416 428//428 429//429
f 416//416 429//429 419//419
f 419//419 429//429 433//433
f 421//421 417//417 418//418
f 421//421 418//418 420//420
f 1146//1146 418//418 1147//1147
f 415//415 418//418 1146//1146
f 415//415 419//419 418//418
f 418//418 419//419 420//420
f 433//433 420//420 1148//1148
f 417//417 421//421 336//336
f 436//436 421//421 420//420
f 436//436 435//435 421//421
f 424//424 1149//1149 1151//1151
f 424//424 423//423 1149//1149
f 423//423 424//424 387//387
f 424//424 425//425 387//387
f 1151//1151 425//425 424//424
f 1151//1151 438//438 425//425
f 494//494 449//449 394//394
f 399//399 1140//1140 427//427
f 427//427 400//400 399//399
f 400//400 444//444 358//358
f 430//430 431//431 428//428
f 428//428 431//431 429//429
f 430//430 444//444 432//432
f 432//432 431//431 430//430
f 429//429 431//431 432//432
f 429//429 432//432 433//433
f 444//444 434//434 432//432
f 433//433 437//437 420//420
f 420//420 437//437 436//436
f 433//433 432//432 434//434
f 433//433 434//434 437//437
f 437//437 434//434 479//479
f 438//438 1151//1151 436//436
f 436//436 437//437 438//438
f 446//446 426//426 425//425
f 427//427 439//439 440//440
f 427//427 440//440 470//470
f 469//469 470//470 440//440
f 449//449 450//450 394//394
f 427//427 470//470 473//473
f 400//400 427//427 442//442
f 442//442 427//427 441//441
f 474//474 452//452 443//443
f 454//454 455//455 442//442
f 442//442 444//444 400//400
f 442//442 445//445 444//444
f 455//455 445//445 442//442
f 445//445 434//434 444//444
f 445//445 479//479 434//434
f 455//455 479//479 445//445
f 446//446 438//438 479//479
f 479//479 438//438 437//437
f 446//446 425//425 438//438
f 446//446 456//456 426//426
f 447//447 439//439 394//394
f 439//439 447//447 448//448
f 448//448 447//447 459//459
f 459//459 447//447 451//451
f 440//440 439//439 448//448
f 458//458 440//440 448//448
f 459//459 458//458 448//448
f 494//494 472//472 449//449
f 394//394 450//450 447//447
f 472//472 450//450 449//449
f 447//447 450//450 451//451
f 450//450 472//472 451//451
f 453//453 427//427 473//473
f 427//427 453//453 441//441
f 454//454 1152//1152 453//453
f 453//453 473//473 454//454
f 473//473 498//498 455//455
f 473//473 455//455 454//454
f 1152//1152 454//454 442//442
f 474//474 443//443 495//495
f 384//384 475//475 443//443
f 475//475 384//384 476//476
f 476//476 384//384 456//456
f 456//456 446//446 477//477
f 458//458 459//459 460//460
f 458//458 469//469 440//440
f 462//462 460//460 459//459
f 461//461 469//469 458//458
f 462//462 463//463 460//460
f 463//463 465//465 461//461
f 460//460 463//463 461//461
f 460//460 461//461 458//458
f 461//461 470//470 469//469
f 463//463 464//464 465//465
f 465//465 470//470 461//461
f 457//457 1153//1153 463//463
f 462//462 457//457 463//463
f 506//506 470//470 465//465
f 457//457 462//462 468//468
f 457//457 466//466 1153//1153
f 1155//1155 482//482 1154//1154
f 482//482 483//483 1154//1154
f 1154//1154 484//484 465//465
f 484//484 506//506 465//465
f 483//483 484//484 1154//1154
f 462//462 459//459 467//467
f 467//467 459//459 451//451
f 467//467 468//468 462//462
f 471//471 452//452 474//474
f 494//494 452//452 471//471
f 471//471 474//474 496//496
f 451//451 472//472 467//467
f 467//467 472//472 487//487
f 473//473 470//470 506//506
f 499//499 495//495 443//443
f 529//529 499//499 475//475
f 499//499 443//443 475//475
f 479//479 498//498 500//500
f 455//455 498//498 479//479
f 478//478 477//477 446//446
f 479//479 478//478 446//446
f 479//479 500//500 478//478
f 476//476 456//456 477//477
f 466//466 457//457 480//480
f 480//480 457//457 489//489
f 489//489 457//457 468//468
f 486//486 480//480 481//481
f 480//480 489//489 481//481
f 1156//1156 482//482 1155//1155
f 485//485 483//483 482//482
f 485//485 484//484 483//483
f 503//503 484//484 485//485
f 1157//1157 482//482 1156//1156
f 506//506 484//484 503//503
f 472//472 494//494 515//515
f 524//524 505//505 472//472
f 505//505 487//487 472//472
f 487//487 488//488 467//467
f 488//488 489//489 467//467
f 489//489 488//488 505//505
f 505//505 488//488 487//487
f 489//489 468//468 467//467
f 496//496 490//490 471//471
f 494//494 491//491 514//514
f 491//491 471//471 490//490
f 496//496 493//493 490//490
f 492//492 490//490 493//493
f 492//492 491//491 490//490
f 497//497 493//493 496//496
f 497//497 496//496 499//499
f 508//508 493//493 497//497
f 493//493 507//507 492//492
f 529//529 508//508 497//497
f 491//491 494//494 471//471
f 495//495 496//496 474//474
f 496//496 495//495 499//499
f 497//497 499//499 529//529
f 528//528 500//500 498//498
f 476//476 529//529 475//475
f 529//529 476//476 511//511
f 477//477 511//511 476//476
f 530//530 477//477 478//478
f 500//500 530//530 478//478
f 477//477 512//512 511//511
f 512//512 532//532 511//511
f 477//477 530//530 512//512
f 516//516 501//501 486//486
f 518//518 501//501 516//516
f 485//485 482//482 1157//1157
f 503//503 485//485 502//502
f 1157//1157 502//502 485//485
f 1158//1158 501//501 1159//1159
f 513//513 1159//1159 501//501
f 504//504 503//503 502//502
f 1160//1160 506//506 503//503
f 1161//1161 504//504 502//502
f 514//514 515//515 494//494
f 505//505 481//481 489//489
f 486//486 481//481 505//505
f 486//486 505//505 516//516
f 507//507 493//493 508//508
f 509//509 507//507 508//508
f 527//527 509//509 508//508
f 527//527 508//508 529//529
f 506//506 510//510 473//473
f 510//510 498//498 473//473
f 510//510 528//528 498//498
f 531//531 500//500 528//528
f 500//500 531//531 530//530
f 532//532 564//564 511//511
f 512//512 530//530 533//533
f 532//532 512//512 533//533
f 515//515 514//514 534//534
f 524//524 515//515 534//534
f 518//518 516//516 517//517
f 516//516 505//505 517//517
f 519//519 518//518 517//517
f 517//517 525//525 542//542
f 517//517 542//542 519//519
f 525//525 554//554 542//542
f 518//518 513//513 501//501
f 1163//1163 519//519 1162//1162
f 1161//1161 544//544 521//521
f 521//521 504//504 1161//1161
f 506//506 1160//1160 520//520
f 1160//1160 1164//1164 520//520
f 522//522 520//520 1164//1164
f 506//506 520//520 522//522
f 506//506 522//522 551//551
f 522//522 1164//1164 550//550
f 492//492 507//507 552//552
f 507//507 509//509 552//552
f 523//523 492//492 552//552
f 514//514 491//491 523//523
f 523//523 491//491 492//492
f 577//577 523//523 552//552
f 515//515 524//524 472//472
f 505//505 524//524 525//525
f 505//505 1165//1165 517//517
f 525//525 524//524 554//554
f 551//551 510//510 506//506
f 526//526 509//509 527//527
f 509//509 526//526 555//555
f 555//555 552//552 509//509
f 526//526 527//527 558//558
f 527//527 560//560 558//558
f 561//561 529//529 511//511
f 529//529 560//560 527//527
f 565//565 530//530 581//581
f 581//581 530//530 531//531
f 528//528 581//581 531//531
f 564//564 532//532 533//533
f 1168//1168 548//548 571//571
f 577//577 514//514 523//523
f 577//577 534//534 514//514
f 577//577 605//605 534//534
f 606//606 553//553 534//534
f 534//534 553//553 524//524
f 554//554 546//546 542//542
f 546//546 554//554 535//535
f 536//536 546//546 535//535
f 554//554 567//567 535//535
f 539//539 537//537 536//536
f 539//539 536//536 535//535
f 539//539 535//535 567//567
f 537//537 539//539 538//538
f 549//549 537//537 538//538
f 549//549 538//538 568//568
f 538//538 539//539 568//568
f 539//539 569//569 568//568
f 569//569 539//539 567//567
f 519//519 541//541 540//540
f 519//519 540//540 1162//1162
f 540//540 544//544 1162//1162
f 519//519 542//542 545//545
f 540//540 541//541 543//543
f 543//543 544//544 540//540
f 543//543 541//541 547//547
f 545//545 541//541 519//519
f 1167//1167 1166//1166 545//545
f 545//545 542//542 546//546
f 543//543 548//548 544//544
f 548//548 1168//1168 544//544
f 545//545 546//546 1167//1167
f 1167//1167 537//537 543//543
f 537//537 1167//1167 546//546
f 537//537 546//546 536//536
f 543//543 549//549 548//548
f 543//543 537//537 549//549
f 544//544 1168//1168 521//521
f 522//522 550//550 551//551
f 524//524 578//578 554//554
f 524//524 553//553 578//578
f 567//567 554//554 578//578
f 607//607 580//580 551//551
f 510//510 580//580 528//528
f 580//580 510//510 551//551
f 550//550 1185//1185 551//551
f 552//552 555//555 556//556
f 556//556 555//555 526//526
f 556//556 526//526 558//558
f 556//556 558//558 557//557
f 557//557 558//558 559//559
f 559//559 558//558 560//560
f 579//579 557//557 559//559
f 561//561 560//560 529//529
f 563//563 561//561 511//511
f 559//559 560//560 562//562
f 562//562 560//560 561//561
f 564//564 563//563 511//511
f 579//579 559//559 562//562
f 579//579 562//562 561//561
f 579//579 561//561 563//563
f 565//565 533//533 530//530
f 564//564 533//533 565//565
f 566//566 571//571 548//548
f 534//534 605//605 606//606
f 568//568 566//566 549//549
f 572//572 568//568 569//569
f 569//569 570//570 572//572
f 566//566 548//548 549//549
f 572//572 566//566 568//568
f 574//574 576//576 571//571
f 566//566 573//573 571//571
f 574//574 571//571 573//573
f 572//572 1170//1170 566//566
f 573//573 583//583 574//574
f 575//575 576//576 574//574
f 572//572 585//585 1170//1170
f 1172//1172 572//572 570//570
f 575//575 587//587 576//576
f 571//571 576//576 1168//1168
f 576//576 1186//1186 1168//1168
f 576//576 587//587 1186//1186
f 552//552 588//588 577//577
f 552//552 590//590 588//588
f 567//567 578//578 569//569
f 570//570 569//569 578//578
f 578//578 589//589 570//570
f 570//570 589//589 585//585
f 556//556 557//557 590//590
f 556//556 590//590 552//552
f 579//579 590//590 557//557
f 563//563 592//592 579//579
f 580//580 581//581 528//528
f 581//581 580//580 591//591
f 592//592 1169//1169 564//564
f 593//593 592//592 564//564
f 564//564 565//565 593//593
f 582//582 1171//1171 585//585
f 602//602 594//594 582//582
f 585//585 1171//1171 1170//1170
f 575//575 574//574 584//584
f 584//584 574//574 583//583
f 575//575 584//584 587//587
f 583//583 586//586 584//584
f 587//587 584//584 586//586
f 586//586 583//583 595//595
f 586//586 1186//1186 587//587
f 594//594 1175//1175 582//582
f 582//582 1175//1175 1171//1171
f 606//606 602//602 578//578
f 602//602 589//589 578//578
f 589//589 602//602 582//582
f 582//582 585//585 589//589
f 590//590 604//604 588//588
f 588//588 604//604 605//605
f 588//588 605//605 577//577
f 553//553 606//606 578//578
f 579//579 614//614 629//629
f 580//580 607//607 591//591
f 592//592 614//614 579//579
f 565//565 581//581 591//591
f 603//603 1174//1174 1184//1184
f 1174//1174 603//603 601//601
f 1186//1186 586//586 596//596
f 594//594 597//597 1175//1175
f 1177//1177 1176//1176 595//595
f 595//595 1176//1176 586//586
f 1177//1177 598//598 1176//1176
f 600//600 1176//1176 598//598
f 596//596 1181//1181 1186//1186
f 598//598 1177//1177 599//599
f 599//599 600//600 598//598
f 1178//1178 597//597 594//594
f 1179//1179 1174//1174 601//601
f 1181//1181 1180//1180 1182//1182
f 1186//1186 1181//1181 613//613
f 602//602 606//606 608//608
f 1187//1187 603//603 1184//1184
f 1187//1187 601//601 603//603
f 604//604 621//621 605//605
f 604//604 590//590 629//629
f 629//629 1195//1195 604//604
f 1173//1173 1186//1186 622//622
f 590//590 579//579 629//629
f 614//614 592//592 630//630
f 630//630 592//592 593//593
f 630//630 593//593 591//591
f 591//591 593//593 565//565
f 1181//1181 1182//1182 609//609
f 1183//1183 1188//1188 1189//1189
f 609//609 613//613 1181//1181
f 611//611 1190//1190 608//608
f 612//612 613//613 609//609
f 610//610 1190//1190 611//611
f 1192//1192 612//612 1191//1191
f 611//611 620//620 615//615
f 611//611 606//606 620//620
f 606//606 611//611 608//608
f 616//616 612//612 1192//1192
f 612//612 619//619 613//613
f 615//615 610//610 611//611
f 612//612 616//616 619//619
f 615//615 1193//1193 610//610
f 619//619 1186//1186 613//613
f 621//621 656//656 605//605
f 606//606 605//605 626//626
f 630//630 591//591 623//623
f 615//615 618//618 1193//1193
f 617//617 1193//1193 618//618
f 620//620 618//618 615//615
f 1194//1194 619//619 616//616
f 618//618 624//624 617//617
f 1194//1194 1197//1197 625//625
f 619//619 1194//1194 625//625
f 620//620 632//632 651//651
f 620//620 651//651 618//618
f 625//625 1186//1186 619//619
f 605//605 656//656 626//626
f 620//620 606//606 626//626
f 623//623 591//591 1196//1196
f 623//623 745//745 630//630
f 624//624 618//618 651//651
f 625//625 1197//1197 631//631
f 1200//1200 631//631 1197//1197
f 625//625 1199//1199 1186//1186
f 620//620 626//626 632//632
f 1186//1186 633//633 636//636
f 636//636 627//627 1186//1186
f 636//636 635//635 627//627
f 627//627 622//622 1186//1186
f 628//628 622//622 627//627
f 638//638 627//627 635//635
f 627//627 638//638 1198//1198
f 739//739 614//614 630//630
f 712//712 623//623 1196//1196
f 1199//1199 633//633 1186//1186
f 632//632 626//626 656//656
f 1199//1199 634//634 633//633
f 634//634 636//636 633//633
f 1200//1200 652//652 631//631
f 1199//1199 652//652 634//634
f 636//636 634//634 676//676
f 658//658 632//632 656//656
f 635//635 637//637 638//638
f 637//637 635//635 636//636
f 677//677 637//637 636//636
f 703//703 1195//1195 629//629
f 628//628 641//641 622//622
f 639//639 1198//1198 638//638
f 639//639 641//641 1198//1198
f 640//640 639//639 638//638
f 640//640 643//643 639//639
f 641//641 639//639 643//643
f 647//647 640//640 638//638
f 637//637 647//647 638//638
f 647//647 643//643 640//640
f 641//641 642//642 622//622
f 648//648 622//622 642//642
f 643//643 644//644 641//641
f 644//644 642//642 641//641
f 644//644 648//648 642//642
f 643//643 645//645 644//644
f 645//645 646//646 644//644
f 646//646 648//648 644//644
f 643//643 647//647 645//645
f 645//645 700//700 646//646
f 704//704 648//648 646//646
f 647//647 1216//1216 645//645
f 701//701 704//704 646//646
f 1223//1223 703//703 629//629
f 648//648 1219//1219 622//622
f 614//614 739//739 629//629
f 648//648 650//650 1219//1219
f 650//650 648//648 649//649
f 739//739 630//630 773//773
f 630//630 745//745 773//773
f 623//623 712//712 745//745
f 1200//1200 632//632 654//654
f 1200//1200 654//654 653//653
f 654//654 632//632 721//721
f 634//634 652//652 676//676
f 1200//1200 653//653 652//652
f 655//655 652//652 653//653
f 676//676 652//652 655//655
f 653//653 654//654 655//655
f 656//656 672//672 658//658
f 682//682 665//665 664//664
f 659//659 632//632 658//658
f 632//632 659//659 660//660
f 661//661 662//662 1202//1202
f 663//663 664//664 661//661
f 661//661 664//664 662//662
f 662//662 664//664 665//665
f 662//662 665//665 666//666
f 1208//1208 663//663 685//685
f 1208//1208 664//664 663//663
f 665//665 683//683 684//684
f 665//665 684//684 666//666
f 632//632 660//660 657//657
f 1202//1202 662//662 668//668
f 660//660 668//668 657//657
f 658//658 669//669 659//659
f 667//667 1201//1201 1205//1205
f 661//661 1202//1202 1203//1203
f 1204//1204 660//660 659//659
f 667//667 670//670 663//663
f 1203//1203 663//663 661//661
f 668//668 666//666 673//673
f 662//662 666//666 668//668
f 670//670 690//690 685//685
f 670//670 685//685 663//663
f 673//673 666//666 684//684
f 671//671 658//658 672//672
f 669//669 658//658 671//671
f 674//674 657//657 668//668
f 670//670 1205//1205 1206//1206
f 667//667 1205//1205 670//670
f 673//673 674//674 668//668
f 694//694 671//671 672//672
f 1207//1207 1214//1214 670//670
f 721//721 632//632 657//657
f 689//689 698//698 674//674
f 689//689 674//674 673//673
f 675//675 657//657 674//674
f 674//674 698//698 675//675
f 675//675 721//721 657//657
f 676//676 677//677 636//636
f 655//655 679//679 676//676
f 679//679 678//678 676//676
f 676//676 678//678 677//677
f 654//654 679//679 655//655
f 678//678 679//679 680//680
f 678//678 637//637 677//677
f 681//681 637//637 678//678
f 681//681 724//724 637//637
f 680//680 681//681 678//678
f 680//680 679//679 654//654
f 680//680 654//654 725//725
f 680//680 725//725 724//724
f 680//680 724//724 681//681
f 621//621 760//760 656//656
f 656//656 713//713 672//672
f 656//656 760//760 713//713
f 682//682 683//683 665//665
f 1210//1210 1209//1209 1212//1212
f 684//684 1211//1211 686//686
f 1212//1212 686//686 1210//1210
f 687//687 673//673 684//684
f 1213//1213 692//692 1212//1212
f 684//684 686//686 688//688
f 684//684 688//688 687//687
f 1212//1212 692//692 686//686
f 686//686 692//692 688//688
f 689//689 673//673 687//687
f 688//688 691//691 687//687
f 688//688 693//693 691//691
f 692//692 693//693 688//688
f 1214//1214 690//690 670//670
f 695//695 698//698 689//689
f 695//695 689//689 687//687
f 696//696 692//692 1213//1213
f 695//695 687//687 691//691
f 1215//1215 696//696 1213//1213
f 717//717 699//699 695//695
f 696//696 715//715 692//692
f 693//693 716//716 697//697
f 691//691 693//693 697//697
f 695//695 691//691 697//697
f 715//715 716//716 692//692
f 692//692 716//716 693//693
f 672//672 714//714 694//694
f 696//696 694//694 714//714
f 697//697 716//716 717//717
f 695//695 697//697 717//717
f 695//695 699//699 698//698
f 698//698 699//699 675//675
f 699//699 722//722 675//675
f 724//724 727//727 637//637
f 646//646 700//700 701//701
f 637//637 727//727 647//647
f 700//700 647//647 727//727
f 700//700 702//702 701//701
f 702//702 704//704 701//701
f 702//702 700//700 727//727
f 729//729 702//702 727//727
f 704//704 702//702 729//729
f 705//705 648//648 704//704
f 705//705 706//706 648//648
f 734//734 705//705 704//704
f 736//736 705//705 734//734
f 740//740 650//650 707//707
f 706//706 649//649 648//648
f 740//740 707//707 710//710
f 708//708 649//649 706//706
f 708//708 709//709 650//650
f 649//649 708//708 650//650
f 707//707 650//650 709//709
f 710//710 707//707 709//709
f 706//706 705//705 711//711
f 708//708 706//706 711//711
f 741//741 710//710 709//709
f 711//711 709//709 1217//1217
f 737//737 741//741 709//709
f 736//736 711//711 705//705
f 711//711 737//737 709//709
f 740//740 1218//1218 1224//1224
f 1219//1219 650//650 740//740
f 1219//1219 743//743 744//744
f 744//744 750//750 1219//1219
f 720//720 713//713 760//760
f 1220//1220 672//672 713//713
f 720//720 1220//1220 713//713
f 720//720 718//718 1220//1220
f 714//714 718//718 696//696
f 718//718 715//715 696//696
f 718//718 716//716 715//715
f 718//718 719//719 716//716
f 716//716 719//719 717//717
f 719//719 723//723 717//717
f 719//719 718//718 720//720
f 720//720 723//723 719//719
f 717//717 722//722 699//699
f 675//675 722//722 721//721
f 722//722 723//723 721//721
f 723//723 758//758 721//721
f 717//717 723//723 722//722
f 758//758 723//723 720//720
f 654//654 726//726 1221//1221
f 728//728 724//724 725//725
f 726//726 1222//1222 1221//1221
f 724//724 728//728 727//727
f 727//727 728//728 730//730
f 730//730 729//729 727//727
f 704//704 729//729 731//731
f 729//729 730//730 732//732
f 731//731 729//729 732//732
f 730//730 728//728 732//732
f 1222//1222 746//746 732//732
f 732//732 733//733 731//731
f 731//731 733//733 752//752
f 752//752 747//747 731//731
f 1222//1222 726//726 746//746
f 732//732 746//746 733//733
f 746//746 752//752 733//733
f 735//735 736//736 734//734
f 734//734 704//704 731//731
f 731//731 747//747 734//734
f 734//734 747//747 735//735
f 735//735 747//747 1224//1224
f 736//736 735//735 711//711
f 738//738 737//737 711//711
f 738//738 741//741 737//737
f 735//735 741//741 738//738
f 711//711 735//735 738//738
f 740//740 742//742 1219//1219
f 753//753 740//740 1224//1224
f 753//753 742//742 740//740
f 742//742 743//743 1219//1219
f 753//753 743//743 742//742
f 744//744 743//743 748//748
f 744//744 748//748 749//749
f 750//750 745//745 712//712
f 757//757 745//745 765//765
f 758//758 720//720 760//760
f 654//654 721//721 726//726
f 726//726 721//721 758//758
f 758//758 746//746 726//726
f 752//752 746//746 758//758
f 753//753 1224//1224 747//747
f 768//768 703//703 1223//1223
f 769//769 743//743 753//753
f 773//773 745//745 757//757
f 749//749 751//751 744//744
f 750//750 744//744 1225//1225
f 765//765 750//750 764//764
f 756//756 751//751 749//749
f 755//755 756//756 749//749
f 750//750 1225//1225 764//764
f 751//751 756//756 763//763
f 745//745 750//750 765//765
f 752//752 753//753 747//747
f 759//759 752//752 758//758
f 621//621 703//703 760//760
f 753//753 752//752 759//759
f 703//703 768//768 760//760
f 761//761 743//743 769//769
f 748//748 743//743 761//761
f 754//754 748//748 761//761
f 762//762 754//754 761//761
f 748//748 754//754 749//749
f 755//755 749//749 754//754
f 762//762 755//755 754//754
f 756//756 755//755 763//763
f 770//770 763//763 755//755
f 1226//1226 751//751 763//763
f 763//763 771//771 1226//1226
f 764//764 772//772 765//765
f 758//758 766//766 759//759
f 759//759 769//769 753//753
f 767//767 769//769 759//759
f 808//808 762//762 761//761
f 762//762 808//808 755//755
f 739//739 773//773 815//815
f 808//808 770//770 755//755
f 770//770 771//771 763//763
f 764//764 771//771 772//772
f 772//772 774//774 765//765
f 765//765 774//774 757//757
f 797//797 773//773 757//757
f 774//774 797//797 757//757
f 766//766 767//767 759//759
f 760//760 768//768 758//758
f 758//758 768//768 766//766
f 766//766 804//804 767//767
f 766//766 805//805 804//804
f 804//804 769//769 767//767
f 761//761 769//769 808//808
f 768//768 1223//1223 1229//1229
f 779//779 797//797 774//774
f 772//772 778//778 774//774
f 816//816 773//773 796//796
f 773//773 797//797 796//796
f 775//775 779//779 774//774
f 778//778 776//776 774//774
f 774//774 776//776 775//775
f 786//786 775//775 776//776
f 776//776 778//778 795//795
f 777//777 776//776 795//795
f 795//795 827//827 777//777
f 778//778 829//829 795//795
f 780//780 779//779 786//786
f 782//782 799//799 779//779
f 782//782 779//779 780//780
f 780//780 786//786 791//791
f 780//780 791//791 781//781
f 781//781 782//782 780//780
f 781//781 783//783 784//784
f 783//783 781//781 791//791
f 782//782 781//781 784//784
f 782//782 784//784 785//785
f 782//782 785//785 799//799
f 791//791 820//820 783//783
f 783//783 817//817 1227//1227
f 785//785 784//784 818//818
f 818//818 784//784 817//817
f 775//775 786//786 779//779
f 787//787 786//786 788//788
f 786//786 789//789 788//788
f 786//786 776//776 790//790
f 789//789 786//786 790//790
f 776//776 777//777 790//790
f 786//786 787//787 791//791
f 787//787 788//788 792//792
f 792//792 788//788 789//789
f 789//789 790//790 793//793
f 777//777 794//794 790//790
f 790//790 794//794 793//793
f 794//794 777//777 827//827
f 792//792 791//791 787//787
f 821//821 792//792 789//789
f 789//789 793//793 821//821
f 793//793 794//794 821//821
f 794//794 827//827 821//821
f 820//820 791//791 792//792
f 821//821 820//820 792//792
f 800//800 842//842 797//797
f 797//797 842//842 796//796
f 779//779 798//798 797//797
f 798//798 779//779 799//799
f 799//799 833//833 798//798
f 785//785 833//833 799//799
f 797//797 802//802 800//800
f 797//797 798//798 802//802
f 800//800 843//843 842//842
f 801//801 802//802 798//798
f 798//798 838//838 801//801
f 846//846 802//802 801//801
f 857//857 855//855 803//803
f 855//855 859//859 803//803
f 766//766 768//768 805//805
f 805//805 768//768 974//974
f 888//888 805//805 974//974
f 769//769 806//806 808//808
f 769//769 804//804 806//806
f 806//806 804//804 807//807
f 805//805 807//807 804//804
f 809//809 808//808 806//806
f 810//810 809//809 806//806
f 807//807 810//810 806//806
f 811//811 809//809 810//810
f 811//811 808//808 809//809
f 812//812 770//770 808//808
f 808//808 811//811 812//812
f 812//812 811//811 814//814
f 770//770 812//812 814//814
f 814//814 892//892 813//813
f 814//814 771//771 770//770
f 771//771 814//814 813//813
f 813//813 772//772 771//771
f 813//813 964//964 772//772
f 778//778 772//772 972//972
f 895//895 773//773 816//816
f 778//778 972//972 829//829
f 829//829 972//972 830//830
f 815//815 773//773 895//895
f 820//820 823//823 817//817
f 820//820 817//817 783//783
f 825//825 818//818 819//819
f 818//818 817//817 819//819
f 823//823 819//819 817//817
f 826//826 825//825 1230//1230
f 818//818 825//825 834//834
f 828//828 822//822 827//827
f 822//822 821//821 827//827
f 823//823 820//820 821//821
f 824//824 821//821 822//822
f 828//828 824//824 822//822
f 1231//1231 821//821 824//824
f 1231//1231 824//824 1230//1230
f 824//824 826//826 1230//1230
f 837//837 824//824 828//828
f 825//825 836//836 834//834
f 837//837 826//826 824//824
f 835//835 825//825 826//826
f 835//835 836//836 825//825
f 795//795 829//829 830//830
f 827//827 795//795 896//896
f 896//896 795//795 830//830
f 828//828 827//827 896//896
f 896//896 837//837 828//828
f 830//830 897//897 896//896
f 796//796 831//831 816//816
f 831//831 832//832 816//816
f 895//895 816//816 832//832
f 895//895 832//832 898//898
f 818//818 834//834 1228//1228
f 785//785 834//834 833//833
f 834//834 836//836 838//838
f 835//835 826//826 837//837
f 836//836 835//835 900//900
f 900//900 839//839 836//836
f 831//831 841//841 832//832
f 898//898 832//832 841//841
f 841//841 905//905 898//898
f 842//842 831//831 796//796
f 831//831 842//842 841//841
f 905//905 841//841 908//908
f 798//798 833//833 838//838
f 838//838 833//833 834//834
f 838//838 836//836 839//839
f 839//839 840//840 838//838
f 839//839 900//900 840//840
f 840//840 923//923 838//838
f 842//842 843//843 841//841
f 908//908 841//841 844//844
f 844//844 841//841 843//843
f 843//843 800//800 849//849
f 849//849 847//847 843//843
f 844//844 843//843 847//847
f 845//845 844//844 847//847
f 908//908 844//844 845//845
f 845//845 909//909 908//908
f 800//800 802//802 849//849
f 848//848 845//845 847//847
f 802//802 846//846 851//851
f 847//847 849//849 850//850
f 848//848 847//847 850//850
f 848//848 850//850 915//915
f 915//915 850//850 916//916
f 802//802 851//851 849//849
f 850//850 849//849 851//851
f 850//850 851//851 916//916
f 852//852 846//846 801//801
f 916//916 851//851 983//983
f 852//852 851//851 846//846
f 924//924 983//983 851//851
f 1245//1245 851//851 852//852
f 801//801 923//923 852//852
f 921//921 853//853 920//920
f 854//854 855//855 857//857
f 854//854 920//920 855//855
f 920//920 853//853 855//855
f 855//855 853//853 859//859
f 922//922 856//856 853//853
f 853//853 856//856 859//859
f 1232//1232 856//856 929//929
f 989//989 929//929 856//856
f 856//856 922//922 986//986
f 928//928 927//927 858//858
f 928//928 860//860 988//988
f 858//858 860//860 928//928
f 803//803 858//858 857//857
f 927//927 854//854 857//857
f 861//861 858//858 803//803
f 857//857 858//858 927//927
f 858//858 861//861 860//860
f 803//803 1233//1233 863//863
f 929//929 1234//1234 1232//1232
f 860//860 861//861 862//862
f 990//990 988//988 860//860
f 861//861 803//803 863//863
f 861//861 863//863 862//862
f 867//867 866//866 884//884
f 864//864 867//867 884//884
f 868//868 892//892 886//886
f 865//865 869//869 868//868
f 866//866 865//865 886//886
f 868//868 886//886 865//865
f 867//867 869//869 865//865
f 866//866 867//867 865//865
f 864//864 930//930 867//867
f 867//867 930//930 869//869
f 870//870 868//868 869//869
f 870//870 938//938 871//871
f 870//870 871//871 868//868
f 938//938 939//939 871//871
f 974//974 1018//1018 888//888
f 805//805 872//872 807//807
f 888//888 872//872 805//805
f 872//872 810//810 807//807
f 810//810 872//872 873//873
f 810//810 1236//1236 811//811
f 888//888 873//873 872//872
f 874//874 814//814 811//811
f 875//875 874//874 811//811
f 875//875 811//811 1236//1236
f 873//873 889//889 1237//1237
f 873//873 888//888 889//889
f 874//874 876//876 814//814
f 875//875 1238//1238 874//874
f 1237//1237 889//889 877//877
f 875//875 1239//1239 1238//1238
f 814//814 876//876 891//891
f 876//876 878//878 891//891
f 1238//1238 879//879 1240//1240
f 879//879 881//881 1240//1240
f 1239//1239 879//879 1238//1238
f 1241//1241 945//945 1242//1242
f 890//890 1241//1241 877//877
f 890//890 945//945 1241//1241
f 891//891 878//878 880//880
f 880//880 882//882 891//891
f 884//884 1242//1242 885//885
f 885//885 1242//1242 945//945
f 883//883 886//886 882//882
f 883//883 866//866 886//886
f 1242//1242 880//880 878//878
f 880//880 883//883 882//882
f 883//883 880//880 884//884
f 884//884 866//866 883//883
f 880//880 1242//1242 884//884
f 885//885 864//864 884//884
f 885//885 945//945 864//864
f 864//864 945//945 931//931
f 886//886 892//892 882//882
f 871//871 887//887 892//892
f 868//868 871//871 892//892
f 887//887 893//893 813//813
f 939//939 947//947 871//871
f 871//871 947//947 887//887
f 887//887 947//947 893//893
f 961//961 889//889 888//888
f 961//961 877//877 889//889
f 882//882 814//814 891//891
f 890//890 877//877 961//961
f 892//892 814//814 882//882
f 892//892 887//887 813//813
f 888//888 1018//1018 961//961
f 965//965 772//772 964//964
f 965//965 972//972 772//772
f 1229//1229 894//894 768//768
f 768//768 894//894 974//974
f 815//815 895//895 1243//1243
f 1243//1243 905//905 903//903
f 896//896 897//897 902//902
f 830//830 972//972 897//897
f 895//895 898//898 1243//1243
f 898//898 905//905 1243//1243
f 899//899 900//900 835//835
f 835//835 837//837 899//899
f 899//899 901//901 900//900
f 899//899 837//837 901//901
f 896//896 901//901 837//837
f 896//896 902//902 901//901
f 902//902 897//897 972//972
f 903//903 905//905 907//907
f 907//907 975//975 1244//1244
f 913//913 975//975 912//912
f 900//900 904//904 840//840
f 901//901 904//904 900//900
f 923//923 840//840 904//904
f 901//901 902//902 904//904
f 906//906 905//905 908//908
f 906//906 907//907 905//905
f 906//906 909//909 910//910
f 907//907 906//906 910//910
f 907//907 910//910 975//975
f 975//975 910//910 912//912
f 923//923 801//801 838//838
f 902//902 923//923 904//904
f 908//908 909//909 906//906
f 845//845 848//848 909//909
f 909//909 848//848 915//915
f 911//911 910//910 909//909
f 911//911 912//912 910//910
f 909//909 915//915 911//911
f 911//911 915//915 913//913
f 912//912 911//911 913//913
f 913//913 917//917 978//978
f 976//976 914//914 902//902
f 976//976 918//918 914//914
f 976//976 979//979 918//918
f 979//979 919//919 918//918
f 919//919 980//980 920//920
f 915//915 916//916 917//917
f 913//913 915//915 917//917
f 983//983 917//917 916//916
f 902//902 914//914 923//923
f 914//914 926//926 925//925
f 914//914 918//918 926//926
f 919//919 854//854 926//926
f 918//918 919//919 926//926
f 854//854 919//919 920//920
f 921//921 920//920 980//980
f 981//981 921//921 980//980
f 921//921 922//922 853//853
f 1039//1039 986//986 922//922
f 852//852 923//923 1245//1245
f 983//983 924//924 987//987
f 923//923 914//914 925//925
f 923//923 1246//1246 987//987
f 987//987 1246//1246 1247//1247
f 927//927 928//928 1247//1247
f 854//854 927//927 926//926
f 989//989 856//856 986//986
f 987//987 1247//1247 928//928
f 988//988 987//987 928//928
f 860//860 862//862 990//990
f 990//990 862//862 992//992
f 992//992 862//862 863//863
f 992//992 863//863 993//993
f 929//929 993//993 863//863
f 930//930 864//864 931//931
f 931//931 933//933 930//930
f 932//932 934//934 869//869
f 869//869 934//934 1235//1235
f 930//930 932//932 869//869
f 933//933 932//932 930//930
f 933//933 934//934 932//932
f 934//934 935//935 1235//1235
f 1235//1235 935//935 1248//1248
f 935//935 940//940 1248//1248
f 934//934 936//936 935//935
f 935//935 936//936 940//940
f 934//934 933//933 937//937
f 936//936 934//934 937//937
f 937//937 933//933 946//946
f 937//937 946//946 994//994
f 940//940 939//939 1248//1248
f 942//942 939//939 941//941
f 939//939 940//940 941//941
f 940//940 944//944 941//941
f 940//940 936//936 949//949
f 949//949 936//936 937//937
f 939//939 942//942 947//947
f 941//941 943//943 942//942
f 941//941 944//944 943//943
f 948//948 942//942 952//952
f 952//952 942//942 943//943
f 944//944 955//955 943//943
f 955//955 952//952 943//943
f 949//949 944//944 940//940
f 949//949 950//950 944//944
f 950//950 955//955 944//944
f 890//890 946//946 945//945
f 945//945 946//946 931//931
f 931//931 946//946 933//933
f 949//949 937//937 994//994
f 948//948 951//951 947//947
f 951//951 893//893 947//947
f 942//942 948//948 947//947
f 951//951 953//953 893//893
f 953//953 962//962 893//893
f 952//952 954//954 948//948
f 949//949 998//998 950//950
f 948//948 954//954 951//951
f 951//951 954//954 953//953
f 953//953 956//956 962//962
f 956//956 953//953 954//954
f 952//952 955//955 957//957
f 954//954 952//952 957//957
f 957//957 958//958 954//954
f 954//954 958//958 956//956
f 1249//1249 955//955 950//950
f 958//958 957//957 959//959
f 959//959 960//960 958//958
f 960//960 956//956 958//958
f 950//950 995//995 1249//1249
f 998//998 995//995 950//950
f 1249//1249 995//995 959//959
f 997//997 960//960 959//959
f 890//890 961//961 946//946
f 946//946 1018//1018 994//994
f 962//962 1008//1008 893//893
f 1008//1008 813//813 893//893
f 956//956 963//963 962//962
f 960//960 963//963 956//956
f 960//960 997//997 1001//1001
f 1001//1001 963//963 960//960
f 946//946 961//961 1018//1018
f 1008//1008 962//962 963//963
f 813//813 1008//1008 964//964
f 964//964 1252//1252 1010//1010
f 965//965 964//964 966//966
f 972//972 965//965 966//966
f 966//966 968//968 972//972
f 966//966 964//964 969//969
f 966//966 969//969 968//968
f 967//967 964//964 1010//1010
f 969//969 964//964 967//967
f 967//967 1014//1014 969//969
f 969//969 970//970 968//968
f 970//970 971//971 968//968
f 1014//1014 970//970 969//969
f 1014//1014 1250//1250 970//970
f 973//973 972//972 968//968
f 968//968 1020//1020 973//973
f 971//971 1020//1020 968//968
f 1018//1018 974//974 975//975
f 973//973 1020//1020 1022//1022
f 973//973 1022//1022 1025//1025
f 894//894 1244//1244 974//974
f 974//974 1244//1244 975//975
f 972//972 973//973 1025//1025
f 1025//1025 1030//1030 972//972
f 1018//1018 975//975 1028//1028
f 902//902 1029//1029 976//976
f 972//972 1029//1029 902//902
f 1028//1028 975//975 913//913
f 1028//1028 913//913 978//978
f 1028//1028 978//978 1036//1036
f 976//976 977//977 979//979
f 977//977 1032//1032 979//979
f 980//980 979//979 1032//1032
f 979//979 980//980 919//919
f 1037//1037 921//921 981//981
f 1037//1037 1039//1039 921//921
f 917//917 983//983 982//982
f 978//978 917//917 1038//1038
f 978//978 1038//1038 1036//1036
f 982//982 1038//1038 917//917
f 1039//1039 922//922 921//921
f 986//986 1039//1039 1040//1040
f 986//986 1040//1040 989//989
f 983//983 987//987 984//984
f 984//984 985//985 983//983
f 983//983 985//985 982//982
f 987//987 1041//1041 984//984
f 987//987 1245//1245 923//923
f 987//987 991//991 1041//1041
f 991//991 987//987 988//988
f 991//991 1042//1042 1041//1041
f 989//989 993//993 929//929
f 990//990 991//991 988//988
f 1044//1044 990//990 992//992
f 990//990 1044//1044 991//991
f 993//993 1044//1044 992//992
f 998//998 949//949 994//994
f 998//998 994//994 1006//1006
f 998//998 996//996 995//995
f 959//959 995//995 996//996
f 997//997 959//959 996//996
f 998//998 1006//1006 999//999
f 996//996 998//998 999//999
f 996//996 999//999 1002//1002
f 996//996 1002//1002 997//997
f 1005//1005 1004//1004 1007//1007
f 994//994 1000//1000 1006//1006
f 1006//1006 1000//1000 1004//1004
f 1004//1004 1000//1000 1007//1007
f 997//997 1003//1003 1001//1001
f 1005//1005 1001//1001 1003//1003
f 1005//1005 963//963 1001//1001
f 999//999 1006//1006 1002//1002
f 1002//1002 1006//1006 1004//1004
f 1002//1002 1004//1004 1003//1003
f 997//997 1002//1002 1003//1003
f 1004//1004 1005//1005 1003//1003
f 994//994 1018//1018 1000//1000
f 1000//1000 1018//1018 1007//1007
f 963//963 1005//1005 1253//1253
f 1005//1005 1007//1007 1253//1253
f 1018//1018 1011//1011 1007//1007
f 1007//1007 1011//1011 1009//1009
f 1255//1255 1254//1254 1251//1251
f 1011//1011 1018//1018 1012//1012
f 1256//1256 1254//1254 1255//1255
f 1011//1011 1012//1012 1009//1009
f 1009//1009 1012//1012 1257//1257
f 1013//1013 967//967 1258//1258
f 1013//1013 1014//1014 967//967
f 1013//1013 1257//1257 1012//1012
f 1018//1018 1016//1016 1012//1012
f 1014//1014 1013//1013 1012//1012
f 1012//1012 1016//1016 1014//1014
f 1018//1018 1019//1019 1016//1016
f 1014//1014 1016//1016 1015//1015
f 1014//1014 1015//1015 1250//1250
f 1015//1015 1016//1016 1017//1017
f 1016//1016 1019//1019 1017//1017
f 1250//1250 1015//1015 1259//1259
f 1019//1019 1018//1018 1021//1021
f 1015//1015 1017//1017 1021//1021
f 1017//1017 1019//1019 1021//1021
f 1015//1015 1021//1021 1259//1259
f 1024//1024 1259//1259 1021//1021
f 1024//1024 1021//1021 1027//1027
f 1020//1020 1023//1023 1022//1022
f 1023//1023 1025//1025 1022//1022
f 1024//1024 1023//1023 1259//1259
f 1026//1026 1023//1023 1024//1024
f 1021//1021 1018//1018 1027//1027
f 1026//1026 1025//1025 1023//1023
f 1026//1026 1260//1260 1025//1025
f 1024//1024 1027//1027 1026//1026
f 1028//1028 1031//1031 1018//1018
f 1018//1018 1031//1031 1027//1027
f 972//972 1261//1261 1029//1029
f 1035//1035 1026//1026 1027//1027
f 976//976 1029//1029 977//977
f 1029//1029 1032//1032 977//977
f 1261//1261 1032//1032 1029//1029
f 1264//1264 1260//1260 1026//1026
f 1045//1045 1035//1035 1027//1027
f 1045//1045 1046//1046 1035//1035
f 1264//1264 1033//1033 1260//1260
f 1028//1028 1036//1036 1031//1031
f 1031//1031 1036//1036 1057//1057
f 1027//1027 1031//1031 1045//1045
f 1032//1032 981//981 980//980
f 1032//1032 1261//1261 1262//1262
f 1262//1262 1034//1034 1032//1032
f 1264//1264 1263//1263 1033//1033
f 1263//1263 981//981 1032//1032
f 1047//1047 981//981 1263//1263
f 1263//1263 1264//1264 1046//1046
f 1263//1263 1046//1046 1047//1047
f 1057//1057 1036//1036 1053//1053
f 1037//1037 981//981 1047//1047
f 1047//1047 1048//1048 1037//1037
f 1037//1037 1049//1049 1039//1039
f 1037//1037 1048//1048 1049//1049
f 1040//1040 1039//1039 1051//1051
f 1049//1049 1051//1051 1039//1039
f 1038//1038 982//982 1052//1052
f 1055//1055 1052//1052 982//982
f 985//985 1055//1055 982//982
f 1043//1043 989//989 1040//1040
f 1040//1040 1051//1051 1054//1054
f 1040//1040 1054//1054 1043//1043
f 1042//1042 985//985 984//984
f 1041//1041 1042//1042 984//984
f 985//985 1042//1042 1055//1055
f 1043//1043 993//993 989//989
f 1042//1042 991//991 1067//1067
f 1044//1044 1067//1067 991//991
f 1045//1045 1031//1031 1057//1057
f 1057//1057 1056//1056 1045//1045
f 1045//1045 1056//1056 1046//1046
f 1056//1056 1047//1047 1046//1046
f 1047//1047 1056//1056 1048//1048
f 1053//1053 1038//1038 1052//1052
f 1038//1038 1053//1053 1036//1036
f 1050//1050 1051//1051 1049//1049
f 1050//1050 1049//1049 1048//1048
f 1071//1071 1054//1054 1051//1051
f 1051//1051 1050//1050 1071//1071
f 1052//1052 1055//1055 1060//1060
f 1054//1054 1064//1064 1043//1043
f 1064//1064 1063//1063 1043//1043
f 1063//1063 993//993 1043//1043
f 1069//1069 1056//1056 1057//1057
f 1057//1057 1070//1070 1069//1069
f 1048//1048 1056//1056 1058//1058
f 1058//1058 1056//1056 1069//1069
f 1048//1048 1058//1058 1050//1050
f 1050//1050 1058//1058 1071//1071
f 1053//1053 1052//1052 1060//1060
f 1053//1053 1059//1059 1070//1070
f 1059//1059 1053//1053 1060//1060
f 1070//1070 1057//1057 1053//1053
f 1059//1059 1060//1060 1073//1073
f 1059//1059 1073//1073 1070//1070
f 1064//1064 1054//1054 1071//1071
f 1062//1062 1055//1055 1042//1042
f 1055//1055 1062//1062 1060//1060
f 1073//1073 1060//1060 1062//1062
f 1062//1062 1042//1042 1061//1061
f 1061//1061 1074//1074 1062//1062
f 1074//1074 1061//1061 1066//1066
f 1063//1063 1068//1068 993//993
f 1065//1065 1068//1068 1063//1063
f 1076//1076 1065//1065 1064//1064
f 1066//1066 1068//1068 1065//1065
f 1065//1065 1076//1076 1066//1066
f 1064//1064 1065//1065 1063//1063
f 1042//1042 1067//1067 1061//1061
f 1068//1068 1044//1044 993//993
f 1067//1067 1044//1044 1068//1068
f 1066//1066 1061//1061 1067//1067
f 1067//1067 1068//1068 1066//1066
f 1070//1070 1072//1072 1069//1069
f 1076//1076 1072//1072 1075//1075
f 1075//1075 1072//1072 1070//1070
f 1071//1071 1076//1076 1064//1064
f 1058//1058 1069//1069 1072//1072
f 1072//1072 1071//1071 1058//1058
f 1071//1071 1072//1072 1076//1076
f 1074//1074 1073//1073 1062//1062
f 1074//1074 1076//1076 1075//1075
f 1075//1075 1073//1073 1074//1074
f 1075//1075 1070//1070 1073//1073
f 1074//1074 1066//1066 1076//1076
