# Wavafront OBJ file of BodyParts3D
# BodyParts3D, Copyright(C) 2010-2011 The Database Center for Life Science licensed under CC Attribution-Share Alike 2.1 Japan.
vn -0.865064 -0.268115 -0.424002
v 13.4756 -128.045 1495.96
vn -0.787289 -0.613394 -0.0626415
v 13.4241 -128.045 1496.16
vn -0.857792 0.153152 -0.49065
v 13.5915 -127.839 1495.75
vn -0.933964 0.334858 -0.124824
v 13.4096 -127.839 1496.16
vn -0.717277 -0.68699 0.116437
v 13.54 -128.045 1497.4
vn -0.644632 0.76382 -0.0320707
v 13.6157 -127.602 1496.37
vn -0.987081 0.0981453 0.126645
v 13.7138 -127.839 1499.25
vn -0.748347 0.660583 0.0600529
v 13.7677 -127.633 1499.25
vn -0.52462 -0.759952 -0.383728
v 15.4697 -130.396 1496.57
vn -0.636971 -0.546125 -0.544074
v 14.1258 -128.457 1495.34
vn -0.714274 -0.656921 -0.241389
v 14.243 -129.075 1495.96
vn -0.527795 -0.793707 0.302427
v 15.2636 -129.801 1497.81
vn -0.640044 -0.754687 0.144191
v 14.8517 -128.854 1500.69
vn -0.368359 -0.906568 0.206024
v 15.2636 -129.128 1500.49
vn -0.447233 -0.845486 0.291783
v 15.2636 -128.457 1503.28
vn -0.77493 -0.226273 -0.590156
v 15.2636 -127.427 1493.37
vn -0.811701 0.450268 -0.372023
v 15.2636 -126.821 1493.48
vn -0.682536 -0.702746 0.20073
v 14.3051 -127.839 1502.55
vn -0.737989 0.657026 -0.153914
v 14.2739 -127.427 1502.55
vn -0.992141 -0.0968006 0.0792773
v 14.4184 -127.221 1504.61
vn -0.557121 -0.635099 0.535038
v 15.0528 -126.809 1506.05
vn -0.436271 -0.766744 0.470926
v 15.4697 -127.589 1505.43
vn -0.927967 -0.254215 0.272493
v 14.3737 -125.573 1506.46
vn -0.676289 -0.518699 0.523054
v 14.6456 -125.573 1506.91
vn -0.477651 -0.586094 0.654479
v 15.4697 -125.794 1507.49
vn -0.979005 0.203623 0.00936662
v 14.4541 -123.925 1507.9
vn -0.782089 -0.35517 0.512046
v 14.5185 -123.925 1508.11
vn -0.962429 0.215585 0.165087
v 14.953 -122.483 1509.55
vn -0.825878 0.561218 -0.0544021
v 15.0947 -122.071 1509.55
vn -0.929336 0.319462 0.185145
v 15.4004 -121.659 1510.38
vn -0.45435 -0.757464 -0.468843
v 15.6757 -130.311 1496.12
vn -0.195716 -0.867978 -0.456409
v 16.7057 -130.708 1496.16
vn -0.384052 -0.901638 -0.198878
v 15.8816 -130.641 1496.57
vn -0.178592 -0.875069 0.449843
v 15.8816 -130.019 1497.81
vn -0.166129 -0.880293 0.444393
v 16.2936 -130.757 1496.99
vn 0.142901 -0.88498 0.443159
v 16.2936 -130.042 1497.81
vn -0.127691 -0.982781 -0.133556
v 16.7057 -130.892 1496.57
vn 0.202935 -0.938088 0.280728
v 17.1177 -130.882 1496.57
vn 0.285017 -0.723314 0.628954
v 17.1177 -130.723 1496.8
vn 0.414783 -0.707264 0.57248
v 17.1177 -130.077 1497.4
vn -0.476341 -0.687529 -0.54809
v 16.7057 -129.015 1493.28
vn 0.0345865 -0.947419 0.318121
v 16.2936 -128.457 1504.02
vn -0.0670051 -0.865045 0.4972
v 16.0877 -127.918 1505.23
vn 0.344486 -0.817672 0.461239
v 16.9116 -127.75 1505.23
vn -0.173523 -0.729844 0.661224
v 15.8816 -126.836 1506.67
vn 0.304932 -0.735983 0.604438
v 16.9116 -127.015 1506.28
vn -0.611902 0.785228 -0.0948302
v 15.8816 -126.299 1493.28
vn -0.605916 0.794826 -0.033434
v 15.8816 -126.318 1499.05
vn -0.665375 -0.387134 0.638282
v 15.6942 -121.865 1510.79
vn -0.28346 -0.655759 0.699736
v 16.2936 -122.689 1510.5
vn -0.467349 -0.594124 0.654676
v 16.3091 -121.247 1511.82
vn -0.484012 0.852273 0.198404
v 16.4997 -120.885 1511.61
vn -0.298667 -0.696115 0.652856
v 16.8797 -121.453 1512.02
vn -0.764581 0.0892195 0.638322
v 17.0356 -120.835 1512.44
vn -0.407848 -0.614296 0.6755
v 17.1177 -121.041 1512.56
vn -0.350317 -0.508911 0.786312
v 17.3155 -120.835 1512.85
vn 0.0556727 -0.967792 -0.245518
v 17.5296 -130.792 1496.16
vn 0.358227 -0.921897 0.147577
v 17.8429 -130.723 1496.16
vn 0.212296 -0.946646 -0.24247
v 18.5597 -130.454 1495.34
vn 0.609672 -0.694903 0.381326
v 18.7656 -130.335 1495.75
vn 0.463208 -0.695075 0.549827
v 17.5296 -130.696 1496.57
vn 0.585245 -0.514339 0.626853
v 17.9417 -130.295 1496.57
vn 0.608308 -0.685541 0.399995
v 17.9417 -129.624 1497.19
vn 0.464445 -0.84414 0.267803
v 17.7357 -128.893 1499.87
vn 0.518544 -0.805354 0.287259
v 17.5296 -128.014 1503.99
vn 0.569057 -0.682125 0.459216
v 17.9417 -126.624 1505.84
vn 0.111985 -0.782197 0.612884
v 17.3237 -122.475 1510.79
vn -0.413192 0.862166 0.293159
v 17.3237 -120.701 1512.64
vn 0.178985 -0.819911 0.543793
v 17.9417 -121.12 1512.64
vn -0.131474 0.935103 0.329084
v 18.1476 -120.457 1512.44
vn 0.37178 -0.74971 0.547462
v 18.3537 -120.994 1512.64
vn 0.42738 -0.519878 0.739644
v 18.3537 -120.835 1512.79
vn 0.068495 0.796763 0.600398
v 18.3537 -120.629 1512.75
vn 0.123707 0.894887 0.428804
v 18.5253 -120.423 1512.44
vn 0.609075 -0.539374 0.581467
v 18.8033 -120.835 1512.44
vn 0.399971 0.182553 0.898163
v 18.7656 -120.629 1512.57
vn -0.240564 -0.662217 0.709646
v 17.5296 -120.982 1512.85
vn -0.248903 0.794578 0.553799
v 17.5296 -120.713 1512.85
vn 0.0248668 -0.753711 0.656735
v 17.7357 -121.008 1512.85
vn -0.0510712 0.807932 0.587059
v 17.7357 -120.679 1512.85
vn -0.00393596 -0.550667 0.834716
v 17.7357 -120.835 1512.99
vn 0.210561 -0.686858 0.695622
v 17.9417 -120.982 1512.85
vn 0.23225 -0.908076 -0.348507
v 19.7957 -129.646 1493.9
vn 0.555351 -0.831232 -0.0252488
v 20.2346 -129.487 1494.1
vn 0.692568 -0.616778 0.374078
v 19.6331 -129.693 1495.13
vn -0.1914 -0.82624 -0.529806
v 19.5897 -126.767 1488.13
vn 0.630701 -0.748136 0.206175
v 20.0016 -127.544 1498.43
vn -0.764305 -0.268797 -0.586162
v 20.2077 -125.367 1485.73
vn -0.622173 -0.540929 -0.565948
v 19.4588 -125.779 1487.1
vn -0.291907 -0.796793 -0.529067
v 19.7957 -125.835 1486.89
vn -0.757313 0.602625 -0.251634
v 19.3305 -124.337 1487.3
vn -0.85929 0.0473501 -0.509292
v 19.3836 -124.749 1486.75
vn 0.579477 -0.643047 0.500697
v 19.7904 -121.659 1509.96
vn 0.883714 -0.0689238 0.462924
v 20.264 -120.629 1510.38
vn 0.338553 0.846586 0.4107
v 19.174 -120.423 1512.02
vn 0.741629 -0.482743 0.465774
v 19.7361 -120.835 1511.2
vn 0.808571 -0.0853345 0.582178
v 19.5897 -120.629 1511.61
vn 0.774037 0.411311 0.481341
v 19.6724 -120.423 1511.41
vn -0.53795 0.842725 -0.0205803
v 19.1777 -119.43 1503.58
vn 0.172885 0.936338 0.305585
v 19.5897 -119.925 1510.38
vn -0.972188 0.0530805 -0.228105
v 22.1759 -136.697 1491.22
vn -0.972222 0.0752102 -0.221646
v 22.2467 -136.285 1491.01
vn -0.969744 0.192343 -0.150336
v 22.0085 -135.667 1492.66
vn -0.760729 -0.494556 0.420364
v 22.0858 -135.255 1493.48
vn 0.652325 -0.677501 0.339799
v 20.7751 -129.075 1494.1
vn 0.66306 -0.518368 0.540043
v 20.6196 -128.457 1494.91
vn 0.467639 -0.857542 -0.214327
v 21.6497 -127.473 1489.98
vn 0.672879 -0.739198 0.0286514
v 21.8556 -128.249 1493.69
vn 0.600342 -0.707551 0.372776
v 22.0617 -126.633 1495.34
vn -0.0265381 -0.89131 -0.452617
v 21.4437 -126.476 1487.51
vn -0.847969 0.21171 -0.485929
v 20.8723 -123.719 1484.42
vn -0.740406 0.6183 -0.263637
v 21.1202 -123.307 1484.42
vn -0.665388 0.737141 -0.117825
v 21.8132 -122.277 1486.69
vn 0.867869 0.168754 0.467252
v 20.75 -120.423 1509.35
vn 0.820926 -0.309012 0.480201
v 20.9013 -121.041 1508.93
vn -0.0433739 0.974613 0.219656
v 21.0317 -118.847 1506.05
vn 0.356368 0.871145 0.337798
v 21.6497 -118.876 1505.84
vn 0.427864 0.845922 0.318352
v 21.6497 -118.934 1506.05
vn 0.592597 0.70905 0.3822
v 21.8556 -118.981 1505.79
vn 0.126719 0.93043 0.343863
v 21.0317 -119.134 1507.08
vn 0.413657 0.797414 0.439339
v 21.2376 -119.188 1507.08
vn 0.241495 0.896648 0.371082
v 21.2376 -119.066 1506.87
vn 0.722456 0.509606 0.467288
v 21.4437 -119.599 1507.36
vn 0.558527 0.700462 0.444297
v 21.4437 -119.187 1506.89
vn -0.889399 -0.0816049 -0.449789
v 23.6501 -137.933 1487.72
vn -0.921454 0.127228 -0.367064
v 22.3948 -137.109 1490.19
vn -0.886754 -0.457532 0.0658233
v 22.3529 -136.903 1490.6
vn -0.490186 -0.835259 0.249118
v 22.6797 -137.497 1490.39
vn -0.759786 -0.607214 0.232414
v 22.6797 -137.233 1490.81
vn -0.453558 -0.869336 0.196317
v 22.6797 -137.197 1491.01
vn -0.177492 -0.923359 0.340449
v 22.8857 -137.274 1490.81
vn -0.231599 -0.86246 0.450027
v 22.4736 -136.563 1492.04
vn -0.31478 -0.829829 0.460757
v 22.8599 -137.109 1491.42
vn -0.224689 -0.890503 0.395625
v 23.0917 -136.541 1492.25
vn -0.535042 -0.843431 0.0485261
v 23.0917 -136.605 1492.45
vn -0.438917 -0.718182 0.539969
v 23.3353 -137.109 1491.63
vn -0.4056 -0.727353 0.553576
v 23.2977 -136.798 1491.84
vn -0.669647 -0.685146 0.286616
v 23.3899 -136.697 1492.25
vn -0.272247 -0.929829 0.247587
v 23.5037 -137.262 1491.42
vn -0.283887 -0.942405 0.176865
v 23.7097 -137.303 1491.84
vn -0.53508 -0.784237 0.314105
v 23.7097 -136.737 1493.28
vn -0.567191 -0.708018 0.420721
v 22.2677 -136.235 1492.66
vn -0.289839 -0.870113 0.39862
v 22.8857 -136.434 1492.45
vn -0.486762 -0.749259 0.449081
v 22.8857 -136.334 1492.66
vn -0.318552 -0.710836 0.627086
v 22.6797 -135.461 1493.94
vn -0.297289 -0.764788 0.571593
v 23.0917 -135.762 1493.69
vn -0.310004 -0.660791 0.683559
v 23.0917 -135.549 1493.9
vn 0.0501527 0.354316 0.93378
v 23.0917 -135.255 1493.97
vn -0.572801 -0.616627 0.540065
v 23.5037 -135.923 1493.9
vn -0.942639 0.271202 -0.19463
v 22.369 -134.843 1491.63
vn -0.31969 0.244799 0.915353
v 22.3623 -134.843 1493.69
vn -0.80798 0.475382 0.348111
v 23.3765 -131.753 1492.04
vn 0.628 -0.638346 0.445119
v 22.8857 -127.092 1493.9
vn 0.576002 -0.720323 0.386467
v 23.7097 -125.793 1494.72
vn 0.631126 -0.741067 0.229128
v 22.6797 -125.249 1497.81
vn 0.683405 -0.692525 0.231014
v 22.4399 -124.955 1500.49
vn 0.706823 -0.632578 0.316617
v 22.2677 -124.195 1502.96
vn 0.757937 -0.552349 0.347048
v 23.6533 -122.483 1502.55
vn 0.696846 -0.575123 0.428531
v 22.4302 -122.689 1505.23
vn 0.84337 -0.382708 0.377175
v 23.0128 -122.277 1504.61
vn -0.773529 0.601773 -0.1988
v 23.2188 -120.835 1486.69
vn 0.851426 -0.289558 0.437299
v 23.7097 -121.496 1503.58
vn 0.881625 0.0651972 0.467426
v 23.2977 -120.423 1504.66
vn 0.824384 -0.289721 0.486264
v 22.3465 -121.659 1506.46
vn 0.739554 0.510297 0.438927
v 22.6555 -119.187 1504.81
vn -0.396121 0.915781 0.0665809
v 23.5037 -116.803 1496.57
vn 0.0439917 -0.711788 -0.701015
v 24.9457 -138.295 1486.27
vn 0.479315 -0.658127 -0.580625
v 25.1516 -138.185 1486.27
vn -0.0458145 -0.965657 0.25575
v 24.3277 -138.218 1487.3
vn -0.546034 -0.781334 -0.302264
v 24.7397 -138.433 1486.48
vn -0.0715578 -0.97916 0.190066
v 24.7397 -138.462 1486.69
vn 0.152536 -0.867073 0.474255
v 24.7397 -138.253 1487.1
vn 0.376275 -0.898071 -0.227784
v 24.9457 -138.459 1486.48
vn 0.231303 -0.908364 0.348388
v 25.1516 -138.298 1486.89
vn 0.109027 -0.775186 -0.622254
v 25.1516 -136.697 1484.78
vn -0.833133 -0.170945 -0.525992
v 24.4194 -136.697 1485.86
vn -0.869318 -0.263943 -0.417876
v 24.7091 -136.697 1485.45
vn -0.725324 -0.411849 -0.551621
v 24.7397 -138.139 1486.19
vn -0.632809 -0.45764 -0.624595
v 24.7969 -136.903 1485.45
vn -0.856171 -0.369003 -0.361674
v 24.8282 -136.697 1485.04
vn 0.0604961 -0.555871 -0.829064
v 24.9457 -138.048 1486.07
vn -0.136224 -0.548513 -0.824971
v 24.9457 -137.313 1485.66
vn -0.324981 -0.728111 -0.603524
v 24.9457 -137.051 1485.45
vn -0.282776 -0.617977 -0.733582
v 24.9457 -136.69 1484.83
vn 0.231194 -0.583422 -0.778568
v 25.1516 -137.594 1485.86
vn 0.170594 -0.773366 -0.610576
v 25.1516 -137.065 1485.45
vn 0.370264 -0.704267 -0.605734
v 25.3577 -136.982 1485.45
vn 0.451392 -0.762796 -0.463019
v 25.3577 -136.866 1485.24
vn -0.806869 -0.319648 -0.496777
v 24.0879 -137.933 1486.89
vn 0.841052 -0.279772 0.46299
v 25.3432 -137.315 1489.57
vn -0.101197 -0.976034 0.192655
v 24.1217 -137.458 1491.01
vn -0.0357968 -0.966015 0.255996
v 24.3277 -137.68 1490.39
vn 0.500359 -0.777953 0.380039
v 24.3277 -137.455 1491.01
vn -0.097837 -0.973218 0.208027
v 23.9156 -137.336 1491.84
vn 0.872628 -0.381242 0.305245
v 24.4484 -136.903 1491.84
vn -0.927463 -0.0514582 -0.370357
v 24.9215 -135.667 1484.63
vn -0.801061 -0.27255 -0.532933
v 24.9827 -136.285 1484.63
vn -0.765104 -0.340114 -0.546752
v 24.98 -136.079 1484.42
vn -0.315401 -0.544982 -0.776863
v 25.1516 -136.491 1484.63
vn 0.170964 -0.706022 -0.687244
v 25.3577 -136.364 1484.42
vn 0.369846 -0.761448 -0.532363
v 25.3577 -136.491 1484.69
vn -0.910869 -0.0880759 -0.403188
v 24.6704 -136.491 1485.45
vn -0.923006 -0.0241672 -0.384025
v 24.7992 -136.491 1485.04
vn -0.942433 -0.0437967 -0.331514
v 24.8314 -136.285 1485.04
vn -0.909788 -0.0130562 -0.414867
v 24.0106 -135.049 1486.48
vn 0.926311 -0.308219 0.216678
v 24.5336 -136.125 1492.87
vn 0.243152 -0.25305 0.936399
v 23.9156 -135.873 1494.05
vn 0.484232 -0.614201 0.623118
v 24.1217 -136.161 1493.69
vn 0.684614 -0.61384 0.393071
v 24.3277 -136.285 1493.33
vn 0.781394 -0.290646 0.552221
v 24.3743 -135.873 1493.69
vn 0.739044 -0.00276794 0.673651
v 24.3277 -135.461 1493.75
vn -0.945487 0.09744 -0.310739
v 25.0535 -133.401 1484.21
vn 0.932857 -0.202748 0.297776
v 25.3657 -133.401 1492.25
vn -0.577605 0.512761 0.635176
v 24.1217 -131.135 1492.22
vn 0.21016 0.269088 0.939907
v 24.5697 -131.135 1492.04
vn -0.261301 0.446596 0.85573
v 24.5336 -130.105 1491.79
vn -0.29533 0.658924 0.691809
v 24.9457 -128.663 1491.03
vn -0.0960056 0.595903 0.797297
v 25.1516 -128.869 1491.28
vn -0.707692 0.534033 0.46258
v 25.3577 -127.633 1490.61
vn -0.844514 0.476693 0.24405
v 25.4204 -127.015 1489.78
vn 0.762877 -0.630142 0.144708
v 24.0492 -125.985 1493.69
vn 0.70029 -0.711355 -0.0597295
v 24.5063 -124.955 1488.13
vn 0.761244 -0.592187 0.26424
v 25.2337 -123.925 1496.57
vn 0.654342 -0.687771 0.314336
v 24.7397 -122.607 1500.49
vn 0.834907 -0.412721 0.364131
v 25.2852 -122.277 1500.08
vn -0.853943 0.298331 -0.426356
v 24.2617 -121.659 1479.89
vn -0.69249 0.700964 -0.170606
v 24.5336 -120.82 1481.95
vn 0.88717 -0.0286701 0.460552
v 24.6415 -120.835 1502.14
vn 0.757129 0.402312 0.514684
v 24.9408 -118.981 1500.9
vn -0.306547 0.930134 0.202185
v 24.1217 -116.81 1498.43
vn 0.168242 0.895397 0.412261
v 24.5336 -116.839 1498.63
vn 0.545619 0.689479 0.47636
v 24.9996 -117.127 1498.63
vn 0.582405 0.676358 0.450938
v 24.5336 -117.379 1499.66
vn 0.0413163 0.950607 0.307634
v 24.7397 -116.388 1497.81
vn -0.294762 0.955282 0.023483
v 25.1516 -116.303 1496.9
vn 0.477338 0.720051 0.503662
v 24.9457 -116.715 1498.24
vn 0.480336 -0.64271 -0.596826
v 25.9879 -137.315 1486.07
vn 0.679172 -0.587138 -0.440449
v 26.7997 -136.528 1485.86
vn 0.302445 -0.945905 0.117435
v 25.9757 -137.889 1487.3
vn 0.498229 -0.851875 0.161481
v 26.1817 -137.86 1487.72
vn 0.618753 -0.741036 -0.260786
v 26.1817 -137.727 1487.09
vn 0.660035 -0.73256 -0.166459
v 26.3116 -137.727 1487.3
vn 0.90249 -0.301786 0.307307
v 26.4472 -137.521 1487.72
vn 0.817632 -0.57225 -0.0633069
v 26.5322 -137.315 1486.89
vn 0.912125 -0.409388 -0.0206975
v 26.5599 -137.315 1487.1
vn 0.778258 -0.598509 -0.190003
v 26.6757 -137.109 1486.69
vn 0.948235 -0.20476 0.242742
v 26.6339 -137.109 1486.89
vn 0.518314 -0.725443 -0.452862
v 25.5637 -136.325 1484.63
vn 0.540194 -0.636665 -0.550316
v 25.5637 -136.185 1484.42
vn 0.410768 -0.602912 -0.683935
v 25.5637 -135.961 1484.21
vn 0.517042 -0.656517 -0.54923
v 26.7997 -135.688 1485.04
vn 0.971529 -0.168301 0.16675
v 27.0056 -136.285 1486.12
vn 0.917654 0.0675842 0.39159
v 26.6854 -136.491 1486.69
vn 0.933135 -0.0248374 0.358667
v 25.8099 -135.255 1488.54
vn -0.834078 -0.173241 -0.523738
v 25.5653 -133.813 1482.98
vn -0.496724 -0.488678 -0.717259
v 25.9757 -134.431 1483.12
vn 0.926001 -0.00633816 0.377469
v 27.0909 -134.225 1485.45
vn -0.528902 -0.34523 -0.775293
v 26.5937 -132.344 1481.33
vn -0.729682 -0.335265 -0.595955
v 26.1817 -132.989 1481.76
vn 0.203101 -0.656122 -0.72681
v 26.4415 -133.195 1481.95
vn -0.77435 -0.226058 -0.591
v 26.4086 -131.135 1480.92
vn -0.943713 0.0495408 -0.327034
v 26.4601 -130.311 1480.71
vn -0.677784 -0.401948 -0.615668
v 26.7997 -131.547 1480.72
vn 0.210835 0.302913 0.929404
v 25.7696 -130.929 1491.9
vn 0.909666 -0.209077 0.358879
v 26.1446 -131.341 1491.42
vn -0.831499 -0.214882 -0.512283
v 27.0523 -129.693 1479.06
vn -0.00713097 0.442569 0.896706
v 25.5637 -129.075 1491.4
vn -0.146103 0.70305 0.69597
v 25.5637 -128.838 1491.22
vn 0.0738556 0.835143 0.545052
v 25.5637 -128.663 1490.95
vn 0.128831 0.220659 0.966805
v 25.5637 -128.457 1490.94
vn -0.0989767 0.43344 0.895731
v 25.7696 -128.869 1491.31
vn -0.409429 0.39172 0.823968
v 25.7696 -128.457 1491.03
vn 0.215211 0.214767 0.952659
v 25.9757 -128.869 1491.29
vn -0.0849169 0.475218 0.875761
v 25.9757 -128.591 1491.22
vn 0.350325 0.00672449 0.936604
v 26.1968 -128.869 1491.22
vn 0.373899 0.216132 0.901935
v 26.1817 -128.663 1491.22
vn 0.467058 0.154938 0.870546
v 26.3876 -129.075 1491.14
vn 0.951677 -0.204122 0.229446
v 26.6503 -129.693 1491.22
vn 0.948259 -0.231041 0.217772
v 26.9815 -129.075 1490.39
vn 0.520724 0.228889 0.822469
v 26.9815 -128.663 1490.6
vn -0.934421 0.253281 -0.25041
v 26.8463 -127.221 1481.95
vn 0.159582 0.395217 0.90462
v 25.5673 -128.045 1490.81
vn 0.393584 0.538791 0.744846
v 25.5637 -127.627 1490.6
vn -0.0459755 0.662343 0.747789
v 25.5637 -127.427 1490.44
vn -0.693471 0.481009 0.536404
v 25.5637 -127.015 1490.06
vn -0.0791183 0.534431 0.841501
v 25.7696 -128.183 1490.81
vn 0.276177 0.607046 0.745132
v 25.7696 -127.834 1490.6
vn 0.699502 0.525216 0.484608
v 25.7696 -127.633 1490.31
vn -0.151198 0.644032 0.749908
v 25.7696 -127.361 1490.39
vn -0.256238 0.593913 0.762633
v 25.7696 -127.015 1490.13
vn -0.297485 0.633376 0.714379
v 25.9757 -127.839 1490.62
vn 0.274334 -0.28576 0.918195
v 25.9757 -127.427 1490.31
vn 0.482655 0.528747 0.698191
v 25.9757 -127.221 1490.12
vn 0.35472 -0.697001 0.623188
v 25.9757 -126.809 1490.22
vn -0.378148 0.611547 0.694992
v 26.1817 -127.427 1490.38
vn 0.461992 0.457941 0.759509
v 26.1817 -127.015 1489.88
vn 0.356381 0.324671 0.876117
v 26.3876 -127.427 1490.54
vn -0.52404 0.564147 0.638059
v 26.3876 -127.061 1490.19
vn 0.326999 -0.715292 0.6176
v 26.3876 -126.809 1490
vn -0.93939 0.225359 -0.25838
v 27.1907 -125.573 1481.74
vn -0.932004 0.347792 -0.102023
v 25.6264 -126.603 1489.16
vn -0.924462 0.381268 -0.00208098
v 25.8582 -125.985 1489.36
vn -0.793794 0.494732 0.353739
v 25.9757 -125.985 1489.58
vn -0.87873 -0.0483986 0.474859
v 25.9757 -125.779 1489.6
vn -0.276383 0.828304 0.487365
v 26.1817 -125.985 1489.7
vn -0.63979 0.600439 0.479731
v 26.1817 -125.367 1489.39
vn -0.326846 0.212766 0.920816
v 26.3876 -125.779 1489.75
vn 0.725105 0.474714 0.498869
v 26.7401 -125.161 1489.36
vn -0.51105 0.533075 0.674284
v 26.5937 -125.161 1489.6
vn 0.313913 0.41973 0.851637
v 26.7997 -126.159 1489.57
vn 0.613857 0.0863609 0.784679
v 27.0056 -125.367 1489.22
vn -0.728377 0.456051 0.511355
v 25.9757 -126.191 1489.93
vn 0.360949 0.426733 0.829225
v 26.283 -126.191 1489.78
vn 0.446288 0.17377 0.877856
v 27.0056 -126.603 1490.18
vn -0.39395 0.614743 0.683297
v 27.0056 -126.191 1489.86
vn -0.874888 0.469775 0.117824
v 26.3876 -124.678 1488.75
vn 0.594817 0.334031 0.731174
v 26.7997 -124.955 1489.12
vn -0.0859752 -0.909732 -0.406196
v 27.0056 -121.902 1476.18
vn -0.765776 -0.29046 -0.573778
v 25.6876 -122.071 1477.62
vn 0.0793114 -0.941839 -0.326571
v 25.9757 -122.277 1477.53
vn 0.376021 -0.910747 -0.170726
v 26.5937 -122.761 1480.09
vn 0.715299 -0.698809 -0.00348161
v 25.9097 -123.307 1484.21
vn 0.77003 -0.636276 0.0469752
v 26.3152 -122.689 1487.72
vn 0.91097 -0.212356 0.353607
v 26.3876 -122.071 1494.63
vn 0.910595 -0.319475 0.262206
v 26.135 -122.689 1494.93
vn 0.91625 -0.24035 0.320498
v 26.0867 -122.483 1495.13
vn -0.656649 -0.472379 -0.587938
v 26.4197 -121.659 1476.18
vn -0.801126 -0.101381 -0.589846
v 26.695 -121.247 1475.77
vn -0.52045 -0.612867 -0.59458
v 26.7997 -121.504 1475.77
vn 0.91374 -0.322984 0.246497
v 26.5341 -121.659 1494.51
vn 0.91629 -0.320952 0.239589
v 26.2412 -121.247 1497.81
vn 0.907034 -0.0412394 0.419034
v 26.5019 -119.187 1498.22
vn 0.500556 0.640454 0.582462
v 26.3876 -117.173 1497.6
vn 0.803769 0.273892 0.528146
v 26.7176 -117.951 1497.81
vn 0.568761 0.626226 0.533248
v 25.6805 -117.951 1499.05
vn 0.412238 0.768499 0.489356
v 25.5637 -117.154 1498.02
vn -0.710382 0.685555 -0.159282
v 25.5637 -115.706 1489.16
vn 0.0501188 0.950945 0.305274
v 25.5637 -116.085 1495.96
vn 0.155836 0.871512 0.464954
v 26.1817 -116.037 1495.54
vn 0.0490529 0.829208 0.556784
v 26.3876 -116.198 1495.75
vn 0.0726595 0.850538 0.52087
v 27.0056 -116.353 1495.96
vn 0.453771 0.788029 0.416054
v 25.8549 -116.509 1496.57
vn 0.0864742 0.876416 0.473727
v 26.3876 -116.665 1496.37
vn 0.068716 0.899343 0.43181
v 26.7997 -116.655 1496.57
vn 0.916965 -0.383166 -0.11117
v 27.2117 -135.083 1484.83
vn 0.361873 -0.713882 -0.599517
v 27.6236 -133.607 1483.13
vn 0.962156 -0.158451 0.221695
v 27.4611 -134.431 1484.42
vn 0.830794 -0.477659 -0.285697
v 27.6188 -134.019 1483.6
vn 0.955064 -0.296329 0.0063973
v 27.6832 -133.607 1483.39
vn 0.400999 -0.67189 -0.622707
v 27.6236 -132.577 1481.97
vn 0.638474 -0.606713 -0.473551
v 27.8297 -133.195 1482.75
vn 0.826691 -0.521036 -0.212374
v 27.8924 -133.195 1482.98
vn 0.72937 -0.533671 -0.428036
v 28.0357 -132.474 1482.36
vn 0.969696 -0.0522895 0.238653
v 27.5094 -132.989 1484.63
vn 0.0804577 -0.706136 -0.70349
v 27.2117 -131.4 1480.51
vn 0.313193 -0.730823 -0.606472
v 28.4477 -130.723 1480.19
vn 0.964087 -0.235633 0.122533
v 28.5201 -130.723 1480.71
vn 0.957189 -0.10665 0.2691
v 28.1145 -130.929 1482.36
vn 0.964344 -0.0841775 0.250907
v 27.6059 -131.135 1483.39
vn 0.965907 -0.0978112 0.2397
v 27.5319 -130.723 1484.63
vn 0.132356 -0.731474 -0.6689
v 27.4177 -129.693 1478.7
vn 0.958102 -0.266619 0.104668
v 28.5555 -128.457 1481.74
vn -0.941535 0.127356 -0.311919
v 27.4901 -128.045 1478.03
vn -0.696536 -0.329878 -0.637195
v 28.0357 -127.427 1476.87
vn -0.403315 -0.570557 -0.715403
v 28.4477 -127.892 1477
vn 0.950551 -0.25844 0.172226
v 28.1628 -127.633 1485.04
vn -0.906999 -0.0276314 -0.420225
v 28.5201 -126.191 1475.77
vn -0.952127 0.289178 -0.0991474
v 27.3163 -125.985 1480.3
vn -0.968109 0.197041 -0.154727
v 27.4482 -125.985 1481.12
vn -0.967404 0.253198 0.00448629
v 27.5223 -125.367 1480.51
vn -0.954822 0.200563 -0.219294
v 27.5287 -125.161 1481.12
vn -0.894991 0.0903357 -0.436842
v 27.2873 -125.985 1481.54
vn -0.306743 0.550327 0.776562
v 27.2117 -125.367 1489.24
vn 0.5807 0.156117 0.799009
v 28.3075 -125.161 1488.95
vn -0.1409 0.468823 0.871982
v 27.4177 -124.261 1488.54
vn -0.36699 0.429111 0.825338
v 27.6236 -124.337 1488.7
vn -0.412551 0.460802 0.785788
v 28.0194 -123.925 1488.75
vn -0.323356 0.534475 0.780882
v 27.8297 -123.561 1488.33
vn -0.325371 0.475985 0.817051
v 28.0357 -124.543 1488.94
vn -0.205131 0.504121 0.838918
v 28.4477 -123.345 1488.33
vn 0.367917 0.305688 0.878175
v 28.6537 -123.719 1488.44
vn 0.691811 -0.719493 0.0610547
v 27.6236 -121.879 1478.65
vn -0.96271 0.249823 0.10382
v 27.5126 -122.277 1487.51
vn -0.978773 0.061171 0.195608
v 27.5255 -122.071 1487.51
vn -0.929168 0.0580709 0.365067
v 27.6616 -122.483 1487.92
vn -0.930461 -0.252208 0.265769
v 27.7743 -121.865 1487.3
vn 0.443043 0.19493 0.875052
v 27.8297 -122.81 1487.92
vn 0.46036 -0.256732 0.849799
v 27.8297 -122.277 1487.85
vn -0.989798 -0.0376046 0.137423
v 27.8297 -122.071 1487.3
vn -0.983761 0.179482 0
v 27.8297 -122.071 1487.31
vn -0.438659 0.397504 0.805958
v 27.8297 -122.071 1487.74
vn -0.24517 0.553385 0.796026
v 28.0357 -122.689 1487.87
vn 0.346966 -0.30537 0.886771
v 28.0357 -122.483 1487.67
vn 0.235944 -0.377765 0.895335
v 28.0357 -122.277 1487.76
vn -0.00844488 -0.0111553 0.999902
v 28.0357 -122.063 1487.3
vn 0.482596 0.748973 0.454027
v 28.0357 -122.066 1487.51
vn 0.606203 -0.771668 0.192474
v 28.2263 -121.865 1487.72
vn 0.482596 0.748973 0.454027
v 28.2416 -122.324 1487.72
vn -0.380637 0.480514 0.790077
v 28.2416 -122.483 1487.8
vn -0.00345935 0.999976 0.0060246
v 28.6537 -122.071 1487.78
vn -0.441781 0.417898 0.793846
v 27.2117 -123.101 1488.38
vn -0.258698 -0.872281 -0.414972
v 27.2117 -121.596 1475.56
vn -0.170681 -0.912559 -0.371623
v 27.4177 -121.58 1475.36
vn 0.0200792 -0.960715 -0.276811
v 27.4177 -121.615 1475.56
vn 0.305074 -0.936894 -0.170758
v 27.6236 -121.659 1475.86
vn 0.753397 -0.657281 0.0193407
v 28.1821 -120.835 1481.12
vn 0.782362 -0.619814 0.0611679
v 27.4579 -121.453 1484.21
vn -0.943899 0.265056 -0.196976
v 28.5555 -121.041 1484.01
vn -0.98565 -0.0593468 -0.158028
v 28.5169 -120.629 1484.42
vn 0.614314 -0.776219 -0.141782
v 28.4477 -120.458 1484.42
vn -0.893673 0.377917 -0.241923
v 28.5008 -120.629 1484.63
vn 0.57006 -0.797572 -0.197258
v 28.6537 -120.089 1483.8
vn 0.698717 -0.715346 -0.00865639
v 27.5738 -121.247 1485.66
vn -0.970837 0.202683 -0.128044
v 28.0823 -121.247 1486.27
vn 0.600599 -0.793829 -0.0954841
v 28.2416 -120.67 1485.24
vn 0.745353 -0.666669 0.000900545
v 28.2416 -120.576 1484.83
vn 0.575801 -0.81758 -0.00398497
v 27.6972 -121.247 1487.1
vn 0.670874 -0.687934 0.276902
v 27.6236 -121.218 1487.51
vn -0.993504 0.098808 -0.0564563
v 27.9025 -121.453 1487.3
vn 0.228519 -0.946661 -0.227184
v 27.9021 -121.247 1487.3
vn 0.579522 -0.753905 0.309486
v 27.8297 -121.144 1487.3
vn -0.852607 0.413827 -0.319076
v 27.9254 -121.247 1487.51
vn 0.736619 -0.583931 0.3412
v 27.8297 -121.041 1487.44
vn 0.767471 -0.612331 0.189839
v 27.8828 -120.835 1487.72
vn -0.619719 0.246339 0.745162
v 28.0357 -121.659 1487.8
vn 0.551984 0.514988 0.655821
v 28.1857 -121.453 1487.51
vn -0.980467 0.146503 -0.131227
v 28.0855 -121.041 1486.48
vn 0.0353868 0.436524 0.898996
v 28.2416 -121.659 1487.6
vn 0.813713 -0.571811 0.104422
v 28.2416 -120.423 1487.26
vn 0.781731 -0.620544 0.0618186
v 28.3656 -120.217 1487.51
vn 0.814608 -0.57319 0.0887006
v 28.3269 -120.217 1488.33
vn 0.762384 -0.643507 0.0683318
v 28.5844 -120.011 1487.1
vn 0.751473 -0.575053 0.323423
v 28.7486 -119.805 1487.1
vn 0.64345 0.446902 0.621491
v 27.4177 -116.921 1496.22
vn 0.0639826 0.89289 0.445707
v 27.8297 -115.685 1494.64
vn 0.395886 0.779127 0.486041
v 28.0357 -115.685 1494.56
vn 0.603407 0.638503 0.477717
v 28.2416 -115.891 1494.58
vn 0.404776 0.687279 0.603162
v 27.6236 -116.248 1495.54
vn 0.283911 0.76002 0.584607
v 28.0357 -115.891 1494.95
vn -0.670581 0.731949 -0.120713
v 28.0357 -114.244 1485.86
vn -0.199226 0.945322 0.258217
v 27.2117 -114.895 1492.04
vn -0.0565814 0.860214 0.506784
v 28.4477 -114.981 1493.07
vn 0.179817 -0.734189 -0.654701
v 29.2717 -128.649 1478.03
vn 0.904635 -0.413761 -0.102162
v 29.3537 -128.869 1478.65
vn -0.69022 -0.388178 -0.610667
v 28.8596 -126.809 1475.71
vn 0.416319 -0.78302 -0.462123
v 29.6837 -127.129 1476.18
vn 0.889885 -0.455212 0.0297814
v 30.0956 -126.762 1476.39
vn 0.416347 -0.721452 -0.553319
v 29.2717 -127.892 1477.21
vn 0.354409 -0.804172 -0.47718
v 29.2717 -127.596 1476.8
vn 0.873873 -0.441744 -0.203
v 29.6241 -127.633 1477.42
vn 0.744144 -0.633373 -0.212337
v 29.6559 -127.427 1477
vn 0.958842 -0.259623 0.114972
v 29.8269 -127.015 1477.21
vn 0.973623 -0.174085 0.147486
v 29.6338 -127.633 1478.45
vn 0.68233 -0.639767 -0.353729
v 30.2679 -126.397 1475.77
vn 0.961021 -0.164764 0.222015
v 30.2872 -125.985 1476.18
vn 0.940368 -0.328183 -0.0894682
v 29.2314 -126.603 1480.71
vn 0.900503 -0.354233 -0.252219
v 29.3891 -126.397 1480.92
vn 0.976475 -0.21538 -0.0103799
v 29.6209 -125.367 1480.71
vn 0.968774 -0.238799 0.0667299
v 29.4406 -126.603 1481.54
vn -0.830734 -0.44657 -0.332349
v 29.6788 -123.925 1472.88
vn -0.787071 -0.601614 -0.136305
v 29.557 -123.719 1472.68
vn -0.80576 -0.415752 -0.421784
v 29.4857 -123.719 1473.09
vn -0.94454 0.253575 -0.208671
v 29.3183 -123.925 1474.94
vn 0.966094 -0.202901 0.159665
v 30.0956 -124.749 1477.45
vn 0.96566 -0.121493 0.229653
v 29.5404 -124.955 1481.33
vn 0.953352 -0.270989 0.132982
v 28.9964 -123.925 1487.92
vn 0.931377 -0.180882 0.315941
v 29.0479 -123.719 1487.72
vn 0.828974 -0.0619671 0.555843
v 28.8596 -123.925 1488.27
vn 0.337879 0.563708 0.753705
v 28.8596 -123.588 1488.33
vn 0.215564 -0.499447 0.839098
v 29.0737 -123.719 1488.33
vn -0.774925 -0.0977388 -0.624451
v 30.0956 -122.689 1471.62
vn -0.949004 0.128617 -0.287836
v 29.9621 -122.483 1471.85
vn 0.425268 0.709489 0.561937
v 28.8596 -123.307 1487.98
vn 0.726622 -0.0037144 0.687028
v 29.0657 -121.865 1487.75
vn -0.946149 -0.0381983 -0.321469
v 30.3017 -121.435 1471.24
vn -0.98349 0.0506223 -0.173737
v 30.3644 -120.217 1473.09
vn 0.603 -0.784725 0.143517
v 29.9412 -120.217 1473.5
vn 0.490913 -0.870508 0.0349403
v 30.0956 -120.138 1473.3
vn -0.968329 0.195585 -0.155195
v 30.3017 -120.2 1473.5
vn -0.936524 0.277554 -0.214214
v 29.8011 -120.423 1476.8
vn -0.623668 -0.529273 -0.575246
v 30.0586 -119.599 1470.82
vn -0.313127 -0.839021 -0.444966
v 30.3017 -119.929 1471.24
vn -0.911068 -0.393404 -0.123237
v 30.2197 -120.011 1473.5
vn 0.436009 -0.70821 0.55528
v 30.5045 -119.805 1473.5
vn 0.565723 -0.706586 0.42508
v 30.3017 -119.805 1473.66
vn 0.708974 -0.682518 0.177551
v 30.3017 -119.627 1474.33
vn 0.70702 -0.682614 0.184826
v 29.7593 -120.011 1475.15
vn 0.743102 -0.605192 0.285555
v 29.8351 -119.805 1476.39
vn 0.696753 -0.333429 0.635107
v 30.0393 -119.187 1476.39
vn -0.903626 0.0181784 -0.427936
v 30.2067 -120.011 1474.94
vn -0.83399 -0.174968 -0.523303
v 30.1635 -119.805 1474.94
vn -0.888809 -0.0298102 -0.457307
v 30.0956 -119.725 1476.18
vn 0.594193 -0.760897 0.260711
v 30.2338 -119.599 1475.15
vn 0.641032 -0.757468 0.123773
v 30.0956 -119.584 1475.77
vn 0.772992 -0.173872 0.610124
v 30.0956 -119.393 1476.26
vn -0.798184 -0.0721141 0.598082
v 30.3387 -119.805 1475.15
vn -0.400144 0.718428 0.568987
v 30.3017 -119.187 1476.14
vn -0.899881 0.428168 0.0829785
v 30.3805 -119.187 1476.39
vn 0.55459 -0.583222 0.593533
v 30.3017 -118.937 1476.39
vn 0.835855 -0.413469 0.361095
v 29.8365 -119.599 1476.59
vn 0.740846 -0.664592 0.0972868
v 30.0168 -119.187 1476.8
vn -0.900012 0.435179 -0.0244396
v 30.2035 -119.599 1476.59
vn 0.618313 -0.76152 0.19436
v 30.2652 -118.775 1477.62
vn 0.544615 -0.836548 0.0598588
v 30.3332 -118.981 1476.8
vn -0.904467 0.40001 -0.148091
v 30.3419 -118.981 1477.42
vn -0.911451 0.373764 -0.171925
v 29.9202 -119.187 1478.86
vn 0.743398 -0.664743 0.0740042
v 29.8897 -118.981 1478.47
vn -0.95554 0.244738 -0.164462
v 29.3376 -120.011 1480.51
vn 0.481136 -0.83741 -0.25933
v 29.2717 -119.684 1479.89
vn -0.968671 -0.00802845 -0.248216
v 29.3887 -119.805 1480.3
vn 0.882336 -0.336602 0.32891
v 29.2717 -119.599 1481.25
vn 0.88464 -0.170865 0.433839
v 29.2717 -119.385 1481.33
vn -0.0424414 -0.366118 0.9296
v 29.4776 -119.408 1481.33
vn -0.9582 0.25649 -0.126753
v 29.2717 -119.627 1482.36
vn 0.641043 -0.763747 -0.0758644
v 29.2717 -119.391 1481.95
vn -0.938682 0.232266 -0.25481
v 28.8596 -120.011 1483.83
vn -0.208464 0.543743 0.812949
v 29.6837 -118.981 1486.18
vn 0.56656 0.192144 0.801306
v 30.3017 -119.393 1486.45
vn 0.765237 -0.321779 0.557558
v 28.8596 -119.805 1486.97
vn 0.84838 -0.473667 0.236414
v 28.8596 -119.654 1487.1
vn 0.896602 -0.310596 0.315648
v 29.0512 -119.393 1486.69
vn 0.358465 0.455618 0.81481
v 29.1586 -119.393 1486.48
vn -0.310192 0.636441 0.706204
v 29.2717 -119.85 1486.69
vn 0.830079 -0.363539 0.422858
v 29.3248 -118.981 1486.48
vn 0.184426 0.35027 0.918312
v 29.6837 -119.805 1486.83
vn 0.845172 -0.154175 0.511775
v 30.3017 -119.599 1486.53
vn 0.913006 -0.272885 0.303237
v 29.7174 -116.715 1491.01
vn -0.80919 0.54328 -0.223739
v 29.6837 -114.655 1477.53
vn -0.151856 0.917625 0.367293
v 28.8596 -114.669 1492.66
vn 0.0694722 0.871869 0.484787
v 29.0754 -114.655 1492.66
vn -0.026314 0.9387 0.343728
v 29.2717 -114.351 1491.63
vn 0.475321 0.711159 0.517999
v 29.4776 -114.486 1491.84
vn 0.917792 -0.237942 0.317869
v 30.0554 -114.861 1491.42
vn 0.251083 0.780315 0.572771
v 28.9627 -115.067 1493.07
vn -0.525886 0.850276 0.0217925
v 29.4776 -113.311 1485.04
vn -0.256611 0.915331 0.310354
v 30.3017 -113.419 1489.65
vn 0.354558 -0.706558 -0.612425
v 30.9197 -123.402 1472.47
vn 0.936056 -0.351313 -0.0194401
v 30.844 -124.749 1474.53
vn 0.193301 -0.664463 -0.721889
v 31.3316 -122.076 1471.24
vn -0.534968 -0.578116 -0.616111
v 30.7136 -120.133 1469.38
vn -0.371454 -0.688542 -0.622842
v 30.9197 -120.727 1469.79
vn -0.623161 -0.271922 -0.7333
v 30.5077 -121.453 1470.98
vn -0.989404 0.0394494 -0.139723
v 30.6251 -120.217 1470.41
vn -0.456699 -0.268748 -0.848057
v 30.7136 -121.659 1470.93
vn 0.0393235 -0.755745 -0.653684
v 31.1257 -121.453 1470.65
vn 0.916548 -0.395527 -0.059144
v 31.8998 -121.453 1471.44
vn 0.629381 -0.653078 -0.421151
v 31.8998 -121.247 1470.82
vn -0.989137 0.122851 -0.0807194
v 30.5929 -120.217 1471.85
vn 0.92152 -0.2616 0.286994
v 30.5511 -120.217 1485.66
vn -0.980941 0.13151 -0.143041
v 31.079 -118.569 1467.94
vn -0.962223 0.00302178 -0.272246
v 31.1373 -118.569 1467.73
vn -0.309901 -0.650792 -0.693132
v 31.7437 -118.775 1467.39
vn -0.982282 0.159947 -0.0976719
v 30.8569 -119.393 1468.97
vn -0.498833 -0.689737 -0.524813
v 30.7893 -119.187 1469.59
vn -0.999692 -0.0185386 -0.0165213
v 30.5575 -120.011 1471.24
vn -0.396655 -0.798537 -0.452773
v 30.5077 -119.61 1470.41
vn 0.405491 -0.91232 -0.0570105
v 30.5077 -119.862 1471.85
vn -0.99741 0.0715768 -0.00702572
v 30.5994 -119.805 1473.91
vn -0.989356 -0.14052 0.0378073
v 30.5701 -119.599 1473.91
vn 0.563922 -0.745197 0.355913
v 30.5077 -119.528 1473.91
vn -0.942643 0.0273566 -0.33268
v 30.5077 -119.597 1474.33
vn -0.809249 0.288685 0.511642
v 30.5077 -119.396 1475.36
vn -0.850838 0.263821 0.454394
v 30.5077 -119.393 1475.36
vn -0.67888 0.360815 0.63948
v 30.5093 -119.393 1475.36
vn 0.529928 -0.836629 0.138666
v 30.5077 -119.391 1475.36
vn -0.846944 0.218064 -0.484905
v 30.5077 -119.393 1475.36
vn 0.938699 -0.289861 0.186616
v 31.1691 -118.569 1484.42
vn 0.797096 -0.0595708 0.600907
v 30.5077 -119.393 1486.25
vn 0.86694 -0.121099 0.483477
v 30.6766 -119.187 1486.07
vn 0.305003 0.346888 0.886928
v 30.7136 -118.772 1486.07
vn -0.637912 0.727806 -0.251727
v 31.5377 -117.127 1466.49
vn -0.398859 -0.372794 -0.837817
v 31.7437 -117.539 1466.45
vn -0.25032 0.361802 -0.89802
v 31.7437 -116.959 1466.5
vn -0.121354 0.499358 0.857855
v 30.7136 -117.951 1485.72
vn 0.938938 -0.248982 0.237493
v 31.0178 -118.157 1485.45
vn 0.614124 -0.122529 0.77964
v 31.3316 -117.127 1485.37
vn -0.819118 0.513828 -0.255002
v 31.6197 -116.509 1468.15
vn -0.616911 0.72487 -0.30657
v 31.7437 -116.658 1467.32
vn -0.812195 0.434538 -0.389251
v 31.9609 -116.303 1467.53
vn 0.772443 -0.243758 0.586442
v 31.7437 -115.891 1484.59
vn 0.596304 0.117389 0.794129
v 32.0092 -116.097 1484.42
vn -0.781392 0.570999 -0.251765
v 31.0178 -113.213 1476.39
vn -0.727462 0.66804 -0.156597
v 30.6728 -113.007 1477.42
vn -0.472918 0.84845 0.237657
v 31.5377 -112.213 1487.51
vn 0.0664072 0.816511 0.573498
v 31.9496 -112.093 1487.51
vn 0.264424 0.77218 0.57777
v 30.7136 -113.353 1489.57
vn 0.902818 -0.198148 0.38165
v 31.3316 -113.213 1488.89
vn -0.657157 0.753662 0.0117923
v 32.0897 -111.359 1482.57
vn -0.360509 0.845924 0.392996
v 32.127 -111.771 1487.1
vn 0.221047 -0.790782 -0.57079
v 32.1557 -119.925 1468.76
vn -0.274522 -0.00920166 -0.961537
v 32.3617 -117.127 1466.26
vn -0.707468 -0.161679 -0.688003
v 32.5676 -117.004 1466.09
vn -0.0090325 -0.631949 -0.774958
v 32.7737 -118.004 1466.5
vn 0.541412 -0.577604 -0.610939
v 33.1806 -117.539 1466.29
vn -0.688198 -0.229837 -0.688156
v 32.9796 -116.921 1465.63
vn 0.774986 -0.563605 -0.285913
v 33.1293 -118.363 1467.32
vn -0.800135 0.368328 -0.473412
v 32.3617 -116.715 1466.43
vn -0.826328 0.0257134 -0.562602
v 32.6497 -116.509 1465.88
vn -0.814872 0.222857 -0.535088
v 32.8686 -115.685 1465.88
vn -0.537181 0.198915 -0.819676
v 32.9796 -116.097 1465.49
vn -0.641957 0.282915 -0.712636
v 32.9796 -115.685 1465.75
vn 0.711242 -0.374337 -0.594985
v 33.2967 -116.715 1465.88
vn -0.0928993 0.0740725 -0.992916
v 33.2549 -116.097 1465.47
vn -0.4076 0.262578 -0.874594
v 33.1856 -115.685 1465.61
vn -0.650864 0.0617446 -0.75668
v 33.1856 -115.479 1465.61
vn 0.947421 -0.218932 -0.233372
v 33.3917 -115.677 1465.88
vn 0.505195 -0.0132946 -0.862903
v 33.3917 -115.479 1465.73
vn 0.321186 -0.494444 -0.807691
v 33.3917 -115.273 1465.56
vn 0.974841 -0.148027 -0.166649
v 33.4898 -115.273 1465.88
vn 0.961982 -0.259993 0.0836347
v 33.3289 -116.509 1472.68
vn 0.917911 0.339003 0.206196
v 33.4855 -115.273 1471.65
vn 0.991358 -0.122806 0.0461235
v 33.5976 -115.685 1471.72
vn 0.385908 0.840532 -0.380239
v 33.5976 -115.184 1471.85
vn -0.882443 0.313201 -0.350997
v 32.904 -114.449 1466.5
vn -0.752839 0.396431 -0.525429
v 33.1856 -114.575 1465.88
vn -0.712549 0.272235 -0.646655
v 33.3917 -114.861 1465.37
vn 0.91774 0.107576 -0.382335
v 33.4769 -114.861 1465.47
vn -0.587368 0.537162 -0.605356
v 33.3917 -114.581 1465.67
vn 0.964181 0.153734 -0.216152
v 33.4866 -114.655 1465.88
vn -0.746323 0.508606 -0.429327
v 33.3917 -113.421 1466.5
vn 0.955061 0.187661 -0.229438
v 33.654 -113.625 1466.7
vn 0.992141 0.0618755 0.108755
v 33.5349 -114.655 1470.41
vn 0.928809 -0.353358 -0.11159
v 33.4126 -114.655 1471.44
vn 0.99696 0.0430292 -0.0649515
v 33.3418 -115.067 1471.85
vn 0.98456 -0.174846 -0.00842985
v 33.3482 -114.861 1471.65
vn 0.846 -0.413407 -0.336717
v 33.3836 -114.861 1471.85
vn 0.406582 0.885561 -0.224663
v 33.5694 -115.067 1472.27
vn 0.816283 -0.455776 -0.354894
v 33.5976 -114.617 1471.85
vn 0.992041 0.0778792 -0.0989449
v 33.6451 -114.655 1473.09
vn 0.984649 -0.141569 -0.102105
v 33.7892 -114.449 1472.27
vn 0.999542 -0.0285268 0.0101343
v 33.5864 -114.243 1473.3
vn 0.988185 -0.12262 -0.0919498
v 33.7924 -114.449 1473.91
vn 0.532885 -0.0070328 0.846159
v 32.6851 -114.449 1484.01
vn -0.824775 0.508192 -0.247966
v 33.1583 -113.007 1467.73
vn -0.766571 0.548399 -0.334107
v 33.1856 -113.419 1467.02
vn -0.640394 0.682089 -0.353057
v 33.3917 -113.282 1466.91
vn -0.702029 0.63028 -0.331514
v 33.3917 -112.827 1467.53
vn -0.69458 0.696387 -0.180563
v 33.3917 -112.667 1468.15
vn 0.749223 0.537501 -0.386985
v 33.5976 -113.394 1466.91
vn 0.996351 0.0606933 -0.0600023
v 33.7344 -113.213 1467.73
vn 0.162261 0.755142 -0.635163
v 33.6703 -113.007 1467.32
vn 0.509814 0.821013 -0.256958
v 33.5976 -112.84 1467.53
vn 0.954265 0.292348 -0.0625426
v 33.728 -113.007 1467.73
vn -0.773591 0.606284 -0.184326
v 33.1856 -112.119 1469.59
vn -0.771596 0.57812 -0.26536
v 33.3917 -112.033 1469.18
vn 0.999475 0.00974962 0.0309052
v 33.6572 -112.801 1468.35
vn 0.994968 -0.0274695 -0.0963592
v 33.7119 -112.389 1469.59
vn 0.521354 0.768996 -0.369912
v 33.6765 -112.183 1469.18
vn -0.106076 0.982717 0.151711
v 33.5976 -112.075 1469.59
vn -0.849356 0.477006 -0.225965
v 32.2796 -113.007 1471.44
vn 0.993771 -0.0532873 -0.0978718
v 33.7473 -112.389 1470.41
vn 0.928719 0.159764 -0.334599
v 33.7859 -111.977 1470.41
vn 0.879548 -0.388681 0.274449
v 32.7173 -113.213 1484.83
vn 0.883443 -0.239553 0.40267
v 32.8847 -111.977 1485.86
vn 0.893233 -0.337484 0.297051
v 33.2388 -112.389 1485.04
vn 0.136525 0.933471 -0.331653
v 33.5891 -111.565 1470.62
vn -0.541888 0.821392 -0.177969
v 33.3917 -111.553 1471.44
vn 0.0172387 0.896008 -0.443703
v 33.6025 -111.771 1470.21
vn -0.116544 0.993178 0.00380066
v 33.5976 -111.528 1471.03
vn 0.0282665 0.553437 -0.832411
v 33.6121 -111.565 1471.44
vn -0.708698 0.658005 -0.254513
v 33.2355 -111.359 1472.06
vn 0.0282665 0.553437 -0.832411
v 33.5976 -111.254 1471.65
vn -0.256703 0.907627 -0.332139
v 33.5976 -110.947 1472.38
vn -0.616774 0.773628 -0.145225
v 33.3917 -110.919 1473.5
vn -0.35134 0.931784 -0.0913144
v 33.5976 -110.778 1473.3
vn 0.456524 0.611487 0.646274
v 32.9796 -111.359 1486.13
vn -0.397538 0.866586 0.301649
v 33.1856 -110.546 1484.83
vn 0.873195 -0.0454138 0.485251
v 33.4609 -111.153 1485.24
vn 0.0935534 0.834908 0.54238
v 33.3917 -110.66 1485.04
vn -0.630024 0.764151 -0.138361
v 33.7731 -110.123 1475.56
vn -0.680403 0.732688 -0.0148353
v 33.4544 -110.123 1480.3
vn -0.606627 0.794931 0.00938363
v 33.5976 -109.967 1481.74
vn -0.581729 0.809111 -0.0832565
v 33.6425 -109.917 1482.15
vn 0.96667 -0.245937 0.0711671
v 33.8036 -114.504 1475.97
vn 0.98488 0.115422 -0.129184
v 34.0097 -113.625 1475.39
vn 0.985419 -0.0318197 -0.167143
v 33.8036 -111.977 1471.7
vn 0.967573 0.141276 -0.209391
v 33.8036 -113.184 1475.36
vn 0.981748 0.0926405 -0.166099
v 33.9726 -113.213 1475.97
vn 0.98745 -0.157883 -0.0038076
v 34.0048 -113.213 1476.39
vn 0.967461 -0.249251 -0.0435189
v 34.3138 -112.595 1477.83
vn 0.938636 0.058623 -0.33989
v 33.9115 -111.771 1470.62
vn 0.511225 0.856034 -0.0765176
v 33.8036 -111.621 1470.62
vn 0.751919 0.645688 0.133062
v 33.8036 -111.657 1470.82
vn 0.83909 0.218023 -0.498392
v 33.8036 -111.211 1471.85
vn 0.135233 0.8628 -0.487123
v 33.8036 -111.043 1472.27
vn 0.989648 -0.036502 -0.138797
v 33.9726 -111.153 1472.47
vn -0.0555331 0.947768 -0.314088
v 33.8036 -110.89 1472.47
vn -0.0257767 0.989568 -0.14174
v 33.8036 -110.713 1473.71
vn -0.34398 0.895943 -0.281007
v 33.8036 -110.372 1474.74
vn 0.997125 -0.0325668 -0.0684195
v 34.0499 -110.947 1473.5
vn 0.576892 0.697689 -0.424765
v 34.0097 -110.435 1474.74
vn -0.562427 0.777477 -0.281436
v 33.8036 -110.247 1475.15
vn 0.980612 -0.131928 -0.144896
v 34.1625 -110.535 1474.94
vn 0.517765 0.734221 -0.439134
v 34.0097 -110.163 1475.15
vn 0.982754 -0.141966 -0.118494
v 34.2156 -111.498 1476.18
vn 0.752247 0.573941 -0.323598
v 34.3074 -110.329 1475.36
vn 0.99158 -0.112117 -0.0648016
v 34.5198 -110.535 1477.42
vn 0.875075 -0.445299 0.189614
v 34.1207 -111.565 1482.57
vn 0.968795 -0.247658 0.0101292
v 34.8288 -110.741 1481.74
vn -0.558849 0.828925 -0.0238816
v 33.8036 -110.089 1476.39
vn -0.41499 0.896435 -0.155524
v 34.0097 -109.97 1475.56
vn -0.0897657 0.995815 -0.0171713
v 34.0097 -110.028 1476.18
vn 0.801504 0.586933 -0.114459
v 34.2156 -110.066 1475.77
vn -0.109167 0.990373 -0.0851125
v 34.0097 -109.886 1477.83
vn -0.578629 0.808367 -0.108312
v 33.8036 -109.882 1478.45
vn -0.56704 0.812696 -0.134128
v 34.0097 -109.627 1478.65
vn -0.482511 0.872039 -0.0820477
v 34.2156 -109.505 1478.9
vn -0.656149 0.754598 -0.00710859
v 34.0097 -109.667 1480.09
vn -0.674137 0.731301 0.103628
v 34.0097 -109.609 1481.33
vn 0.983097 -0.116108 -0.141561
v 34.6277 -109.928 1480.3
vn -0.247831 0.959998 -0.130324
v 34.6277 -109.505 1480.93
vn 0.985183 -0.146183 -0.0896989
v 34.9254 -109.711 1481.12
vn -0.709712 0.696939 -0.102878
v 33.8696 -109.711 1482.36
vn -0.628434 0.775174 -0.0646201
v 34.0097 -109.757 1481.95
vn -0.635209 0.717856 -0.284943
v 34.4216 -109.203 1481.95
vn -0.202611 0.854063 0.479087
v 34.4216 -109.299 1483.18
vn -0.506664 0.838839 0.1991
v 34.4216 -109.027 1482.57
vn -0.336594 0.852352 -0.400251
v 34.6277 -109.365 1481.54
vn -0.670031 0.677466 -0.303475
v 34.6277 -108.904 1482.15
vn 0.943336 -0.301741 0.138096
v 34.8417 -110.123 1482.36
vn 0.977159 -0.178196 -0.11579
v 34.9093 -109.917 1481.95
vn 0.949013 -0.265002 0.170731
v 34.9962 -109.711 1482.57
vn 0.619215 0.762702 -0.186705
v 34.8739 -109.505 1481.74
vn 0.919505 -0.151308 0.362789
v 35.0123 -109.299 1482.77
vn -0.161634 0.905476 0.392411
v 34.8336 -108.998 1482.77
vn 0.969033 -0.126773 -0.211907
v 35.0396 -109.484 1482.15
vn 0.996087 -0.0647542 -0.0601425
v 35.0895 -109.299 1482.36
vn 0.9783 -0.103771 0.179336
v 35.0831 -109.299 1482.57
vn 0.931711 0.113164 -0.345121
v 35.0396 -109.093 1482.14
vn 0.668474 0.396803 0.629039
v 35.0838 -109.093 1482.57
vn -0.576847 0.767967 0.278342
v 33.8036 -109.854 1483.6
vn -0.186734 0.779059 0.598496
v 34.1127 -109.711 1483.6
vn 0.421501 0.407903 0.809909
v 34.2389 -109.711 1483.6
vn -0.263377 0.752824 0.603232
v 34.2156 -109.505 1483.44
vn 0.883605 -0.208168 0.419414
v 34.4216 -109.9 1483.6
vn -0.112847 0.756483 0.644204
v 34.4216 -109.505 1483.48
vn -0.994586 -0.0714079 -0.0754993
v 13.4241 -128.045 1496.16
vn -0.993947 -0.054404 0.0954449
v 13.54 -128.045 1497.4
vn -0.751191 -0.645458 0.138191
v 13.7138 -127.839 1499.25
vn -0.626658 -0.748068 0.21839
v 15.4697 -130.396 1496.57
vn -0.989092 -0.0749049 0.126835
v 14.3051 -127.839 1502.55
vn -0.995453 0.00569662 0.0950795
v 14.2739 -127.427 1502.55
vn -0.648263 -0.649461 0.397436
v 14.4184 -127.221 1504.61
vn -0.768242 -0.253964 0.587628
v 14.953 -122.483 1509.55
vn -0.831829 -0.0909113 0.547536
v 15.4004 -121.659 1510.38
vn -0.674338 0.736514 0.0530526
v 15.4004 -121.659 1510.38
vn -0.831321 -0.0875524 0.548853
v 16.3091 -121.247 1511.82
vn -0.723758 0.58709 0.362629
v 16.3091 -121.247 1511.82
vn -0.690675 0.159946 0.705255
v 16.3091 -121.247 1511.82
vn -0.629084 0.673591 0.387981
v 17.0356 -120.835 1512.44
vn -0.764581 0.0892195 0.638322
v 17.1177 -121.041 1512.56
vn -0.827061 0.0171601 0.56185
v 17.3155 -120.835 1512.85
vn -0.455384 0.666335 0.590444
v 17.3155 -120.835 1512.85
vn 0.351253 0.186488 0.91752
v 18.3537 -120.835 1512.79
vn 0.351253 0.186488 0.91752
v 18.3537 -120.629 1512.75
vn 0.315619 0.742297 0.591084
v 18.7656 -120.629 1512.57
vn 0.708728 -0.142144 0.691014
v 18.7656 -120.629 1512.57
vn -0.111801 0.623885 0.773478
v 17.7357 -120.835 1512.99
vn 0.301564 0.189907 0.934342
v 17.7357 -120.835 1512.99
vn -0.254051 -0.857818 -0.446774
v 20.2077 -125.367 1485.73
vn 0.743067 0.253009 0.619547
v 19.174 -120.423 1512.02
vn -0.893716 -0.407612 0.187413
v 22.1759 -136.697 1491.22
vn -0.57332 -0.773624 0.269835
v 22.1759 -136.697 1491.22
vn -0.884474 -0.403396 0.234471
v 22.0085 -135.667 1492.66
vn -0.930401 0.36356 0.0466774
v 22.0858 -135.255 1493.48
vn -0.608704 0.0118316 0.793309
v 22.0858 -135.255 1493.48
vn -0.552368 -0.827935 -0.097026
v 23.6501 -137.933 1487.72
vn -0.890501 -0.45495 -0.00530764
v 22.3948 -137.109 1490.19
vn -0.186019 -0.915872 0.355776
v 22.6797 -137.233 1490.81
vn -0.537388 -0.804921 -0.251627
v 23.0917 -136.541 1492.25
vn -0.36257 -0.925065 -0.113127
v 23.3899 -136.697 1492.25
vn -0.723586 -0.564932 0.396579
v 23.7097 -137.303 1491.84
vn -0.791124 -0.569427 0.223327
v 23.7097 -136.737 1493.28
vn -0.148125 -0.920691 0.361091
v 23.7097 -136.737 1493.28
vn 0.279748 -0.731629 0.621659
v 23.7097 -136.737 1493.28
vn -0.622102 -0.747274 -0.233606
v 22.8857 -136.434 1492.45
vn -0.417928 0.151663 0.895731
v 22.6797 -135.461 1493.94
vn 0.058958 -0.239105 0.969202
v 22.6797 -135.461 1493.94
vn -0.0776841 -0.238798 0.967957
v 23.0917 -135.549 1493.9
vn -0.152072 -0.254729 0.95498
v 23.0917 -135.255 1493.97
vn -0.240561 -0.387651 0.889863
v 23.5037 -135.923 1493.9
vn -0.737715 0.489884 0.464532
v 22.3623 -134.843 1493.69
vn -0.165402 -0.73416 -0.658522
v 24.7397 -138.433 1486.48
vn -0.122807 -0.982771 -0.138129
v 24.9457 -138.459 1486.48
vn -0.225268 -0.603681 -0.764738
v 24.7397 -138.139 1486.19
vn -0.640855 -0.662565 -0.387701
v 24.9457 -136.69 1484.83
vn -0.865661 -0.139403 -0.480831
v 24.9457 -136.69 1484.83
vn 0.532957 -0.753815 0.384343
v 23.9156 -137.336 1491.84
vn 0.113031 -0.898191 -0.424826
v 25.1516 -136.491 1484.63
vn 0.150896 0.303955 0.94066
v 24.1217 -131.135 1492.22
vn 0.0386316 0.2591 0.965078
v 24.9457 -128.663 1491.03
vn -0.035404 0.541929 0.839678
v 25.3577 -127.633 1490.61
vn 0.397694 0.86202 0.314264
v 25.1516 -116.303 1496.9
vn -0.418958 -0.452525 -0.787207
v 25.5637 -135.961 1484.21
vn -0.116898 -0.481515 -0.868607
v 25.5653 -133.813 1482.98
vn 0.301173 -0.694198 -0.653747
v 25.9757 -134.431 1483.12
vn 0.118125 -0.634341 -0.763975
v 26.5937 -132.344 1481.33
vn 0.0452496 -0.642169 -0.765226
v 26.1817 -132.989 1481.76
vn -0.35602 -0.349859 -0.866515
v 26.1817 -132.989 1481.76
vn -0.154405 -0.644088 -0.749206
v 26.7997 -131.547 1480.72
vn 0.755923 -0.0673447 0.651187
v 25.7696 -130.929 1491.9
vn 0.13402 0.0615419 0.989066
v 25.5637 -128.663 1490.95
vn -0.484491 0.162037 0.859658
v 25.5637 -128.663 1490.95
vn -0.448294 0.748567 0.488549
v 25.5637 -128.663 1490.95
vn -0.400032 0.0569167 0.914732
v 25.5637 -128.457 1490.94
vn -0.322449 0.59361 0.737329
v 25.5637 -128.457 1490.94
vn -0.407565 0.512722 0.75565
v 25.9757 -128.591 1491.22
vn 0.719357 -0.135541 0.681288
v 26.6503 -129.693 1491.22
vn 0.450052 0.280575 0.84778
v 26.6503 -129.693 1491.22
vn 0.934617 -0.159012 0.31813
v 26.9815 -128.663 1490.6
vn 0.749041 0.407709 0.522218
v 25.5637 -127.427 1490.44
vn 0.310738 -0.28245 0.907559
v 25.5637 -127.427 1490.44
vn -0.136097 0.657097 0.741418
v 25.5637 -127.015 1490.06
vn -0.315914 -0.12703 0.940246
v 25.5637 -127.015 1490.06
vn 0.292589 -0.284157 0.913042
v 25.7696 -127.633 1490.31
vn -0.253004 0.596321 0.761833
v 25.7696 -127.633 1490.31
vn 0.292589 -0.284157 0.913042
v 25.7696 -127.361 1490.39
vn 0.491334 0.562374 0.665077
v 25.7696 -127.361 1490.39
vn 0.495044 0.491222 0.716681
v 25.7696 -127.015 1490.13
vn 0.38204 -0.677919 0.628069
v 25.7696 -127.015 1490.13
vn -0.315914 -0.12703 0.940246
v 25.7696 -127.015 1490.13
vn 0.455176 0.600634 0.657308
v 25.9757 -127.427 1490.31
vn -0.260181 0.476984 0.839519
v 25.9757 -127.427 1490.31
vn -0.114477 0.721356 0.683038
v 25.9757 -127.221 1490.12
vn -0.315914 -0.12703 0.940246
v 25.9757 -126.809 1490.22
vn -0.500312 0.368111 0.783698
v 25.9757 -126.809 1490.22
vn 0.432169 0.383394 0.816234
v 25.9757 -126.809 1490.22
vn 0.35472 -0.697001 0.623188
v 26.1817 -127.015 1489.88
vn -0.00396353 0.772738 0.634713
v 26.1817 -127.015 1489.88
vn -0.685111 0.50517 0.524811
v 26.1817 -127.015 1489.88
vn -0.475045 0.599379 0.644264
v 26.3876 -127.427 1490.54
vn -0.573281 0.553336 0.604292
v 26.3876 -126.809 1490
vn 0.391921 0.378439 0.838559
v 26.3876 -126.809 1490
vn -0.989798 -0.0376046 0.137423
v 27.1907 -125.573 1481.74
vn -0.321012 0.817696 -0.477833
v 27.1907 -125.573 1481.74
vn -0.766267 0.491293 0.414084
v 25.8582 -125.985 1489.36
vn -0.87873 -0.0483986 0.474859
v 25.8582 -125.985 1489.36
vn -0.87873 -0.0483986 0.474859
v 25.9757 -125.985 1489.58
vn -0.276383 0.828304 0.487365
v 25.9757 -125.985 1489.58
vn -0.491367 -0.0883118 0.866464
v 25.9757 -125.985 1489.58
vn -0.628851 0.353094 0.692728
v 25.9757 -125.779 1489.6
vn -0.415532 0.00756416 0.909547
v 26.1817 -125.985 1489.7
vn 0.349318 0.47649 0.806805
v 26.1817 -125.985 1489.7
vn 0.101179 -0.3308 0.938261
v 26.1817 -125.985 1489.7
vn 0.101179 -0.3308 0.938261
v 26.3876 -125.779 1489.75
vn 0.613857 0.0863609 0.784679
v 26.3876 -125.779 1489.75
vn 0.748602 0.474163 0.463428
v 26.5937 -125.161 1489.6
vn 0.66618 -0.0436781 0.744511
v 26.5937 -125.161 1489.6
vn 0.176642 0.8746 0.451523
v 26.5937 -125.161 1489.6
vn 0.101179 -0.3308 0.938261
v 26.7997 -126.159 1489.57
vn 0.548484 0.214564 0.808163
v 26.7997 -126.159 1489.57
vn -0.609459 0.615864 0.499271
v 26.7997 -126.159 1489.57
vn -0.102369 0.424214 0.899757
v 26.7997 -126.159 1489.57
vn 0.334183 0.528413 0.780449
v 27.0056 -125.367 1489.22
vn -0.276383 0.828304 0.487365
v 25.9757 -126.191 1489.93
vn 0.415562 0.416298 0.808705
v 25.9757 -126.191 1489.93
vn -0.272643 0.616448 0.738686
v 27.0056 -126.603 1490.18
vn 0.439508 0.213843 0.872412
v 27.0056 -126.191 1489.86
vn 0.176642 0.8746 0.451523
v 26.3876 -124.678 1488.75
vn -0.441781 0.417898 0.793846
v 26.3876 -124.678 1488.75
vn 0.176642 0.8746 0.451523
v 26.7997 -124.955 1489.12
vn -0.441781 0.417898 0.793846
v 26.7997 -124.955 1489.12
vn -0.517461 -0.667328 -0.535638
v 25.9757 -122.277 1477.53
vn -0.132846 0.966308 0.220457
v 25.5637 -117.154 1498.02
vn 0.851743 -0.482069 -0.205289
v 27.6236 -133.607 1483.13
vn 0.961039 -0.0389501 0.273656
v 27.8924 -133.195 1482.98
vn 0.98232 -0.16186 0.0940667
v 28.0357 -132.474 1482.36
vn 0.841222 -0.506655 -0.188803
v 28.4477 -130.723 1480.19
vn -0.552917 -0.458007 -0.69607
v 27.4177 -129.693 1478.7
vn 0.136321 -0.788069 -0.600304
v 28.4477 -127.892 1477
vn 0.797809 -0.030003 0.602164
v 28.3075 -125.161 1488.95
vn 0.0662427 0.611559 0.788421
v 28.3075 -125.161 1488.95
vn 0.401105 0.30378 0.864195
v 28.0194 -123.925 1488.75
vn 0.495865 0.23776 0.835218
v 28.0357 -124.543 1488.94
vn 0.318223 0.514271 0.796404
v 28.4477 -123.345 1488.33
vn 0.65169 0.0270226 0.758004
v 28.4477 -123.345 1488.33
vn 0.215564 -0.499447 0.839098
v 28.6537 -123.719 1488.44
vn -0.458307 0.717527 0.524509
v 27.5126 -122.277 1487.51
vn -0.321012 0.817696 -0.477833
v 27.5255 -122.071 1487.51
vn -0.754014 0.171842 -0.633982
v 27.5255 -122.071 1487.51
vn -0.5895 0.340141 0.732662
v 27.5255 -122.071 1487.51
vn 0.548807 -0.145785 0.823139
v 27.6616 -122.483 1487.92
vn -0.350312 0.498944 0.792677
v 27.6616 -122.483 1487.92
vn 0.352022 0.180956 0.918333
v 27.6616 -122.483 1487.92
vn 0.436785 0.61647 0.655121
v 27.6616 -122.483 1487.92
vn -0.458307 0.717527 0.524509
v 27.6616 -122.483 1487.92
vn -0.654915 0.0365981 -0.754816
v 27.7743 -121.865 1487.3
vn -0.948593 0.298797 -0.104363
v 27.7743 -121.865 1487.3
vn -0.00844488 -0.0111553 0.999902
v 27.7743 -121.865 1487.3
vn 0.690612 0.180046 -0.700456
v 27.7743 -121.865 1487.3
vn -0.60353 -0.797235 -0.0129663
v 27.7743 -121.865 1487.3
vn -0.204932 0.491229 0.84658
v 27.8297 -122.81 1487.92
vn -0.175521 0.462066 0.869303
v 27.8297 -122.277 1487.85
vn 0.349114 0.439821 0.827452
v 27.8297 -122.277 1487.85
vn -0.00844488 -0.0111553 0.999902
v 27.8297 -122.071 1487.3
vn -0.0396713 0.999213 0
v 27.8297 -122.071 1487.3
vn -0.321012 0.817696 -0.477833
v 27.8297 -122.071 1487.31
vn -0.550976 -0.154265 -0.820139
v 27.8297 -122.071 1487.31
vn 0.690612 0.180046 -0.700456
v 27.8297 -122.071 1487.31
vn -0.015553 0.999871 0.00401357
v 27.8297 -122.071 1487.31
vn 0.482596 0.748973 0.454027
v 27.8297 -122.071 1487.74
vn 0.310814 0.405071 0.859833
v 27.8297 -122.071 1487.74
vn 0.44147 -0.811197 0.38349
v 27.8297 -122.071 1487.74
vn 0.1681 -0.226462 0.959405
v 27.8297 -122.071 1487.74
vn 0.201726 0.103697 0.973937
v 28.0357 -122.689 1487.87
vn 0.436785 0.61647 0.655121
v 28.0357 -122.689 1487.87
vn 0.436785 0.61647 0.655121
v 28.0357 -122.483 1487.67
vn -0.456648 0.525051 0.718188
v 28.0357 -122.483 1487.67
vn 0.310814 0.405071 0.859833
v 28.0357 -122.277 1487.76
vn -0.60353 -0.797235 -0.0129663
v 28.0357 -122.063 1487.3
vn -0.0393866 0.998644 0.0340287
v 28.0357 -122.063 1487.3
vn -0.427758 -0.721547 0.54442
v 28.0357 -122.063 1487.3
vn 0.73142 -0.681837 -0.0110895
v 28.0357 -122.063 1487.3
vn 0.690612 0.180046 -0.700456
v 28.0357 -122.066 1487.51
vn -0.60353 -0.797235 -0.0129663
v 28.0357 -122.066 1487.51
vn 0.606203 -0.771668 0.192474
v 28.0357 -122.066 1487.51
vn 0.0321553 0.997913 -0.0559997
v 28.0357 -122.066 1487.51
vn -0.365513 0.385379 0.84728
v 28.0357 -122.066 1487.51
vn -0.427758 -0.721547 0.54442
v 28.2263 -121.865 1487.72
vn 0.113381 0.497204 0.860193
v 28.2263 -121.865 1487.72
vn 0.659287 0.343936 0.668617
v 28.2263 -121.865 1487.72
vn 0.1681 -0.226462 0.959405
v 28.2263 -121.865 1487.72
vn 0.271357 0.368813 0.889012
v 28.2416 -122.324 1487.72
vn -0.416427 0.417257 0.807766
v 28.2416 -122.324 1487.72
vn 0.105431 -0.386574 0.916212
v 28.2416 -122.324 1487.72
vn -0.174955 0.428303 0.886536
v 28.6537 -122.071 1487.78
vn -0.427758 -0.721547 0.54442
v 28.6537 -122.071 1487.78
vn -0.857488 0.487065 0.16578
v 27.2117 -123.101 1488.38
vn 0.498071 0.238079 0.833813
v 27.2117 -123.101 1488.38
vn -0.458307 0.717527 0.524509
v 27.2117 -123.101 1488.38
vn -0.679504 -0.276041 -0.679762
v 28.5169 -120.629 1484.42
vn -0.679504 -0.276041 -0.679762
v 28.4477 -120.458 1484.42
vn -0.924051 -0.375385 -0.0722172
v 28.4477 -120.458 1484.42
vn -0.515963 -0.720658 -0.463071
v 28.4477 -120.458 1484.42
vn -0.977051 -0.198848 -0.0763592
v 28.5008 -120.629 1484.63
vn -0.441842 -0.829412 -0.341835
v 28.5008 -120.629 1484.63
vn -0.817482 -0.439424 -0.37233
v 28.5008 -120.629 1484.63
vn -0.817482 -0.439424 -0.37233
v 28.0823 -121.247 1486.27
vn -0.989818 0.10807 -0.0926359
v 28.2416 -120.67 1485.24
vn -0.353573 -0.91161 -0.209653
v 28.2416 -120.67 1485.24
vn -0.817482 -0.439424 -0.37233
v 28.2416 -120.67 1485.24
vn -0.436119 -0.84539 -0.308409
v 28.2416 -120.67 1485.24
vn -0.441842 -0.829412 -0.341835
v 28.2416 -120.576 1484.83
vn -0.634646 -0.44625 0.630939
v 27.6972 -121.247 1487.1
vn -0.805302 0.326362 -0.49495
v 27.9025 -121.453 1487.3
vn -0.961808 -0.216341 0.167696
v 27.9021 -121.247 1487.3
vn -0.436119 -0.84539 -0.308409
v 27.9021 -121.247 1487.3
vn -0.696588 -0.489805 0.524268
v 27.8297 -121.144 1487.3
vn -0.646171 0.31363 0.695772
v 27.9254 -121.247 1487.51
vn 0.46493 0.587508 0.662325
v 27.9254 -121.247 1487.51
vn -0.973712 -0.199237 0.110405
v 27.9254 -121.247 1487.51
vn 0.182574 0.230709 0.955741
v 27.9254 -121.247 1487.51
vn -0.301419 0.683064 0.665259
v 27.9254 -121.247 1487.51
vn 0.147785 0.393017 0.907578
v 27.9254 -121.247 1487.51
vn -0.846025 -0.464986 0.260825
v 27.8297 -121.041 1487.44
vn 0.147785 0.393017 0.907578
v 27.8297 -121.041 1487.44
vn 0.526529 -0.106094 0.843512
v 27.8297 -121.041 1487.44
vn 0.590604 0.459826 0.663134
v 28.0357 -121.659 1487.8
vn 0.1681 -0.226462 0.959405
v 28.0357 -121.659 1487.8
vn 0.043187 0.333709 0.941686
v 28.1857 -121.453 1487.51
vn -0.436119 -0.84539 -0.308409
v 28.0855 -121.041 1486.48
vn 0.646413 0.390372 0.65556
v 28.2416 -121.659 1487.6
vn 0.52863 -0.11194 0.841439
v 28.2416 -120.423 1487.26
vn 0.588802 -0.284485 0.756558
v 28.5844 -120.011 1487.1
vn 0.898692 0.0242013 0.437912
v 27.4177 -116.921 1496.22
vn 0.887187 0.0401188 0.459662
v 28.2416 -115.891 1494.58
vn 0.64666 0.673031 0.35897
v 28.0357 -115.891 1494.95
vn 0.870306 0.0781117 0.486277
v 28.0357 -115.891 1494.95
vn 0.756961 -0.542227 -0.364691
v 29.2717 -128.649 1478.03
vn 0.0799623 -0.735119 -0.673205
v 28.8596 -126.809 1475.71
vn 0.96568 -0.204893 0.159626
v 30.2679 -126.397 1475.77
vn 0.0580013 -0.69901 -0.712756
v 29.6788 -123.925 1472.88
vn -0.955743 0.164632 -0.243828
v 29.557 -123.719 1472.68
vn 0.0597695 -0.711585 -0.700053
v 29.557 -123.719 1472.68
vn -0.955327 0.281359 -0.0904829
v 29.4857 -123.719 1473.09
vn -0.926735 0.210226 -0.311396
v 29.3183 -123.925 1474.94
vn -0.856257 0.371967 0.35842
v 29.3183 -123.925 1474.94
vn -0.910586 0.207178 0.357646
v 29.3183 -123.925 1474.94
vn 0.629257 -0.7359 0.249972
v 28.9964 -123.925 1487.92
vn 0.899632 0.435037 -0.0374911
v 29.0479 -123.719 1487.72
vn 0.215564 -0.499447 0.839098
v 28.8596 -123.925 1488.27
vn 0.629257 -0.7359 0.249972
v 28.8596 -123.925 1488.27
vn 0.341954 0.561499 0.753516
v 29.0737 -123.719 1488.33
vn 0.959234 -0.27977 -0.039975
v 29.0737 -123.719 1488.33
vn 0.899632 0.435037 -0.0374911
v 29.0737 -123.719 1488.33
vn 0.629257 -0.7359 0.249972
v 29.0737 -123.719 1488.33
vn 0.0737104 -0.669187 -0.739429
v 30.0956 -122.689 1471.62
vn 0.729306 0.00423483 0.684175
v 28.8596 -123.307 1487.98
vn 0.899632 0.435037 -0.0374911
v 28.8596 -123.307 1487.98
vn 0.00977259 0.397692 0.917467
v 29.0657 -121.865 1487.75
vn -0.911068 -0.393404 -0.123237
v 30.3644 -120.217 1473.09
vn 0.107394 -0.873708 0.474448
v 30.3644 -120.217 1473.09
vn -0.469336 -0.832833 -0.29345
v 30.3644 -120.217 1473.09
vn 0.107394 -0.873708 0.474448
v 30.0956 -120.138 1473.3
vn -0.469336 -0.832833 -0.29345
v 30.0956 -120.138 1473.3
vn -0.911068 -0.393404 -0.123237
v 30.3017 -120.2 1473.5
vn 0 0 1
v 30.3017 -120.2 1473.5
vn -0.772617 0.396091 0.496159
v 30.3017 -120.2 1473.5
vn 0.417816 -0.903756 -0.0930302
v 30.3017 -119.929 1471.24
vn -0.299226 -0.93289 0.200448
v 30.3017 -119.929 1471.24
vn 0.107394 -0.873708 0.474448
v 30.2197 -120.011 1473.5
vn 0.527209 -0.717814 0.454746
v 30.2197 -120.011 1473.5
vn 0 0 1
v 30.2197 -120.011 1473.5
vn 0 0 1
v 30.5045 -119.805 1473.5
vn -0.923267 0.207582 0.323245
v 30.5045 -119.805 1473.5
vn -0.682638 -0.604319 0.410859
v 30.5045 -119.805 1473.5
vn 0.21823 -0.955694 -0.197547
v 30.3017 -119.627 1474.33
vn 0.372727 -0.910494 -0.179096
v 29.7593 -120.011 1475.15
vn 0.0352731 -0.945649 -0.323272
v 29.8351 -119.805 1476.39
vn 0.811397 -0.582809 0.0443752
v 30.0393 -119.187 1476.39
vn -0.852755 0.0244209 0.52174
v 30.2067 -120.011 1474.94
vn 0.257081 -0.942366 -0.214141
v 30.1635 -119.805 1474.94
vn 0.579011 -0.666818 0.469148
v 30.1635 -119.805 1474.94
vn -0.735413 -0.261227 0.625243
v 30.1635 -119.805 1474.94
vn 0.738833 -0.35463 0.57303
v 30.0956 -119.725 1476.18
vn -0.885425 0.455472 0.0925674
v 30.0956 -119.725 1476.18
vn 0.0755865 -0.94353 -0.322548
v 30.0956 -119.725 1476.18
vn -0.960756 -0.0619576 0.270387
v 30.0956 -119.725 1476.18
vn -0.596514 -0.303764 0.742898
v 30.2338 -119.599 1475.15
vn 0.028443 -0.72277 0.690503
v 30.2338 -119.599 1475.15
vn 0.0755865 -0.94353 -0.322548
v 30.0956 -119.584 1475.77
vn -0.36424 -0.649104 -0.667828
v 30.0956 -119.584 1475.77
vn -0.960756 -0.0619576 0.270387
v 30.0956 -119.393 1476.26
vn -0.400144 0.718428 0.568987
v 30.0956 -119.393 1476.26
vn 0.616221 -0.430516 0.659491
v 30.3017 -119.187 1476.14
vn -0.829797 0.49007 0.266963
v 30.3017 -119.187 1476.14
vn -0.911564 -0.288174 0.293269
v 30.3017 -119.187 1476.14
vn -0.952253 -0.281996 0.117019
v 30.3805 -119.187 1476.39
vn 0.61956 -0.783596 -0.0460703
v 30.3017 -118.937 1476.39
vn -0.939834 -0.297112 0.168632
v 30.3017 -118.937 1476.39
vn -0.960756 -0.0619576 0.270387
v 30.2035 -119.599 1476.59
vn -0.400144 0.718428 0.568987
v 30.2035 -119.599 1476.59
vn -0.965589 -0.218511 -0.141032
v 30.2652 -118.775 1477.62
vn -0.446479 -0.804049 -0.392633
v 30.2652 -118.775 1477.62
vn -0.952385 -0.304056 0.0226582
v 30.3332 -118.981 1476.8
vn -0.969205 -0.229626 -0.088958
v 30.3419 -118.981 1477.42
vn -0.892554 -0.188354 -0.409721
v 29.9202 -119.187 1478.86
vn -0.955056 -0.0667773 -0.288805
v 29.9202 -119.187 1478.86
vn -0.326841 -0.844756 -0.423748
v 29.9202 -119.187 1478.86
vn -0.137021 -0.901099 -0.411395
v 29.8897 -118.981 1478.47
vn 0.450449 -0.867217 -0.212205
v 29.3887 -119.805 1480.3
vn -0.891203 -0.453458 -0.0115252
v 29.3887 -119.805 1480.3
vn -0.891203 -0.453458 -0.0115252
v 29.2717 -119.599 1481.25
vn -0.0424414 -0.366118 0.9296
v 29.2717 -119.599 1481.25
vn -0.682523 0.730628 0.0185699
v 29.2717 -119.599 1481.25
vn 0.746915 -0.664882 -0.00705994
v 29.2717 -119.385 1481.33
vn -0.0424414 -0.366118 0.9296
v 29.2717 -119.385 1481.33
vn -0.115145 -0.993293 -0.0105471
v 29.2717 -119.385 1481.33
vn -0.115145 -0.993293 -0.0105471
v 29.4776 -119.408 1481.33
vn -0.682523 0.730628 0.0185699
v 29.4776 -119.408 1481.33
vn -0.842446 -0.467544 -0.267747
v 29.4776 -119.408 1481.33
vn -0.891203 -0.453458 -0.0115252
v 29.2717 -119.627 1482.36
vn -0.682523 0.730628 0.0185699
v 29.2717 -119.627 1482.36
vn -0.773011 -0.550514 -0.315261
v 29.2717 -119.627 1482.36
vn -0.115145 -0.993293 -0.0105471
v 29.2717 -119.391 1481.95
vn -0.773011 -0.550514 -0.315261
v 29.2717 -119.391 1481.95
vn -0.679504 -0.276041 -0.679762
v 28.8596 -120.011 1483.83
vn 0.370738 -0.878581 -0.301079
v 28.8596 -120.011 1483.83
vn -0.692782 -0.625797 -0.358373
v 28.8596 -120.011 1483.83
vn 0.166884 0.438936 0.882884
v 29.6837 -118.981 1486.18
vn 0.63946 -0.146538 0.75473
v 29.6837 -118.981 1486.18
vn 0.535129 0.453339 0.712826
v 28.8596 -119.805 1486.97
vn 0.797587 -0.233551 0.556155
v 29.1586 -119.393 1486.48
vn 0.147785 0.393017 0.907578
v 29.2717 -119.85 1486.69
vn 0.531952 -0.139227 0.83525
v 29.2717 -119.85 1486.69
vn 0.358465 0.455618 0.81481
v 29.2717 -119.85 1486.69
vn -0.294914 0.623871 0.723747
v 29.6837 -119.805 1486.83
vn 0.446374 0.311604 0.83884
v 30.3017 -119.599 1486.53
vn 0.732671 0.456363 0.504903
v 29.0754 -114.655 1492.66
vn 0.743567 0.384557 0.547014
v 30.0554 -114.861 1491.42
vn 0.832286 0.190684 0.520519
v 28.9627 -115.067 1493.07
vn -0.984361 0.118035 -0.130771
v 30.7136 -120.133 1469.38
vn -0.297629 -0.763331 -0.573361
v 30.5077 -121.453 1470.98
vn -0.0478083 -0.637899 -0.768634
v 30.7136 -121.659 1470.93
vn -0.445457 -0.25527 -0.858141
v 31.1257 -121.453 1470.65
vn -0.615701 -0.455175 -0.643217
v 31.1373 -118.569 1467.73
vn -0.950672 0.0200399 -0.309549
v 30.7893 -119.187 1469.59
vn -0.27909 -0.870114 -0.406215
v 30.5575 -120.011 1471.24
vn -0.299226 -0.93289 0.200448
v 30.5575 -120.011 1471.24
vn -0.957906 -0.185484 -0.219114
v 30.5077 -119.61 1470.41
vn -0.967431 -0.232595 -0.0998807
v 30.5077 -119.862 1471.85
vn -0.299226 -0.93289 0.200448
v 30.5077 -119.862 1471.85
vn -0.469336 -0.832833 -0.29345
v 30.5077 -119.862 1471.85
vn -0.682638 -0.604319 0.410859
v 30.5701 -119.599 1473.91
vn -0.744186 -0.658806 -0.110277
v 30.5701 -119.599 1473.91
vn 0.139865 -0.976584 -0.163469
v 30.5077 -119.528 1473.91
vn -0.682638 -0.604319 0.410859
v 30.5077 -119.528 1473.91
vn -0.744186 -0.658806 -0.110277
v 30.5077 -119.528 1473.91
vn 0.138766 -0.96891 -0.204837
v 30.5077 -119.597 1474.33
vn -0.744186 -0.658806 -0.110277
v 30.5077 -119.597 1474.33
vn -0.747362 0.308349 -0.588532
v 30.5077 -119.396 1475.36
vn -0.461492 -0.235006 0.855451
v 30.5077 -119.393 1475.36
vn 0.028443 -0.72277 0.690503
v 30.5077 -119.393 1475.36
vn -0.591369 -0.583078 0.557048
v 30.5077 -119.393 1475.36
vn -0.657734 0.349576 -0.66722
v 30.5093 -119.393 1475.36
vn -0.591369 -0.583078 0.557048
v 30.5093 -119.393 1475.36
vn -0.577234 -0.569142 -0.585559
v 30.5093 -119.393 1475.36
vn 0.028443 -0.72277 0.690503
v 30.5077 -119.391 1475.36
vn -0.474219 -0.613628 -0.631329
v 30.5077 -119.391 1475.36
vn -0.591369 -0.583078 0.557048
v 30.5077 -119.391 1475.36
vn -0.474219 -0.613628 -0.631329
v 30.5077 -119.393 1475.36
vn 0.115777 -0.939874 -0.321298
v 30.5077 -119.393 1475.36
vn 0.905545 -0.132196 0.403128
v 30.7136 -118.772 1486.07
vn 0.735916 0.262797 0.623992
v 30.7136 -118.772 1486.07
vn -0.267416 0.157859 -0.950562
v 31.5377 -117.127 1466.49
vn -0.737148 -0.312294 -0.599237
v 31.5377 -117.127 1466.49
vn -0.975708 0.147073 -0.162371
v 31.5377 -117.127 1466.49
vn -0.494178 0.816729 -0.297895
v 31.7437 -116.959 1466.5
vn 0.277789 0.37286 0.885329
v 30.7136 -117.951 1485.72
vn 0.691423 0.0718383 0.71887
v 30.7136 -117.951 1485.72
vn 0.691423 0.0718383 0.71887
v 31.0178 -118.157 1485.45
vn 0.917365 -0.285271 0.277598
v 31.3316 -117.127 1485.37
vn -0.121755 0.486699 0.865043
v 31.3316 -117.127 1485.37
vn 0.64648 0.239204 0.724462
v 31.3316 -117.127 1485.37
vn -0.940969 0.122265 -0.31564
v 31.6197 -116.509 1468.15
vn 0.596304 0.117389 0.794129
v 31.7437 -115.891 1484.59
vn -0.265029 0.574425 0.774465
v 31.7437 -115.891 1484.59
vn 0.907631 -0.308453 0.284716
v 32.0092 -116.097 1484.42
vn 0.613464 0.485743 0.622669
v 31.3316 -113.213 1488.89
vn 0.275379 0.754904 0.59522
v 32.127 -111.771 1487.1
vn -0.707012 0.269638 -0.653781
v 32.3617 -117.127 1466.26
vn 0.990908 -0.130802 -0.0314844
v 33.1806 -117.539 1466.29
vn 0.608058 -0.46764 -0.641544
v 32.9796 -116.921 1465.63
vn -0.0919073 -0.163132 -0.982314
v 32.9796 -116.921 1465.63
vn -0.247362 0.369426 -0.895732
v 32.3617 -116.715 1466.43
vn 0.989043 -0.11094 -0.0973931
v 33.2967 -116.715 1465.88
vn 0.709698 -0.356958 -0.607379
v 33.2549 -116.097 1465.47
vn 0.96885 -0.0886842 -0.231224
v 33.2549 -116.097 1465.47
vn 0.750384 0.322317 -0.577092
v 33.2549 -116.097 1465.47
vn 0.750384 0.322317 -0.577092
v 33.1856 -115.685 1465.61
vn 0.505195 -0.0132946 -0.862903
v 33.1856 -115.685 1465.61
vn 0.728674 -0.420539 -0.540538
v 33.1856 -115.685 1465.61
vn 0.505195 -0.0132946 -0.862903
v 33.1856 -115.479 1465.61
vn 0.321186 -0.494444 -0.807691
v 33.1856 -115.479 1465.61
vn 0.750384 0.322317 -0.577092
v 33.3917 -115.677 1465.88
vn 0.876993 -0.296377 -0.378212
v 33.3917 -115.479 1465.73
vn 0.415783 -0.568125 -0.710182
v 33.3917 -115.479 1465.73
vn 0.874455 -0.263135 -0.407539
v 33.3917 -115.273 1465.56
vn 0.799841 -0.28442 -0.528544
v 33.3289 -116.509 1472.68
vn 0.354946 0.773095 -0.525678
v 33.4855 -115.273 1471.65
vn 0.841777 0.143661 -0.520358
v 33.4855 -115.273 1471.65
vn 0.841777 0.143661 -0.520358
v 33.5976 -115.685 1471.72
vn 0.841777 0.143661 -0.520358
v 33.5976 -115.184 1471.85
vn 0.997034 -0.0204806 0.0741834
v 33.5976 -115.184 1471.85
vn 0.218917 -0.408954 -0.885908
v 33.3917 -114.861 1465.37
vn 0.72023 -0.290758 -0.629863
v 33.3917 -114.861 1465.37
vn 0.612164 0.581935 -0.535356
v 33.3917 -114.861 1465.37
vn 0.804934 0.40175 -0.436668
v 33.3917 -114.581 1465.67
vn 0.665956 0.611601 -0.427137
v 33.3917 -113.421 1466.5
vn 0.385908 0.840532 -0.380239
v 33.3418 -115.067 1471.85
vn 0.989818 -0.0667095 0.125742
v 33.5694 -115.067 1472.27
vn 0.813776 -0.339192 -0.471929
v 33.5694 -115.067 1472.27
vn 0.88589 -0.30583 0.348809
v 32.6851 -114.449 1484.01
vn -0.299729 0.812535 -0.49995
v 33.1583 -113.007 1467.73
vn 0.306282 0.78935 -0.532088
v 33.3917 -113.282 1466.91
vn 0.0632508 0.866463 -0.495218
v 33.3917 -112.827 1467.53
vn 0.425227 0.841624 -0.332943
v 33.3917 -112.667 1468.15
vn -0.299729 0.812535 -0.49995
v 33.3917 -112.667 1468.15
vn 0.972422 0.183442 -0.144031
v 33.6703 -113.007 1467.32
vn -0.106076 0.982717 0.151711
v 33.1856 -112.119 1469.59
vn -0.0884274 0.891992 -0.443318
v 33.1856 -112.119 1469.59
vn -0.299729 0.812535 -0.49995
v 33.3917 -112.033 1469.18
vn -0.106076 0.982717 0.151711
v 33.3917 -112.033 1469.18
vn 0.440689 0.840519 -0.315153
v 33.3917 -112.033 1469.18
vn 0.687077 0.693703 -0.216103
v 33.6572 -112.801 1468.35
vn 0.980093 0.19799 0.0147651
v 33.6765 -112.183 1469.18
vn 0.459659 0.876701 -0.141807
v 33.5976 -112.075 1469.59
vn 0.908308 0.39493 -0.137863
v 33.5976 -112.075 1469.59
vn -0.0964382 0.893431 -0.438727
v 33.5976 -112.075 1469.59
vn -0.465236 0.876537 -0.123446
v 33.5891 -111.565 1470.62
vn 0.0282665 0.553437 -0.832411
v 33.3917 -111.553 1471.44
vn 0.797629 0.379137 -0.469087
v 33.6025 -111.771 1470.21
vn 0.489677 0.87128 0.0329825
v 33.5976 -111.528 1471.03
vn 0.722169 0.680766 0.122595
v 33.6121 -111.565 1471.44
vn 0.0508119 0.99486 0.0875852
v 33.6121 -111.565 1471.44
vn 0.744529 0.294721 -0.599012
v 33.6121 -111.565 1471.44
vn 0.572399 0.471603 -0.670783
v 33.5976 -111.254 1471.65
vn -0.601338 0.720424 -0.345517
v 33.5976 -111.254 1471.65
vn 0.191839 0.904756 -0.380282
v 33.5976 -111.254 1471.65
vn 0.860322 0.114863 0.496641
v 32.9796 -111.359 1486.13
vn 0.670778 0.41001 0.61802
v 33.3917 -110.66 1485.04
vn 0.848494 0.497026 0.181721
v 33.8036 -111.977 1471.7
vn 0.833278 0.534868 0.139875
v 33.9115 -111.771 1470.62
vn 0.693509 0.498485 -0.520151
v 33.8036 -111.621 1470.62
vn 0.205547 0.904121 -0.374587
v 33.8036 -111.211 1471.85
vn 0.728119 0.634594 -0.259102
v 33.8036 -111.211 1471.85
vn 0.757325 0.570968 -0.316945
v 33.8036 -111.043 1472.27
vn 0.783628 0.560302 -0.268307
v 33.9726 -111.153 1472.47
vn 0.760338 0.610915 -0.22061
v 33.8036 -110.89 1472.47
vn -0.404422 0.90925 -0.0985275
v 33.8036 -110.713 1473.71
vn 0.588032 0.78662 -0.188274
v 33.8036 -110.713 1473.71
vn 0.358737 0.846806 -0.392717
v 33.8036 -110.372 1474.74
vn 0.588252 0.774131 -0.233841
v 34.0499 -110.947 1473.5
vn 0.734296 0.635393 -0.238926
v 34.0499 -110.947 1473.5
vn 0.795694 0.491628 -0.353798
v 34.1625 -110.535 1474.94
vn -0.354521 0.87268 -0.335773
v 34.0097 -110.163 1475.15
vn 0.965533 -0.189469 -0.178459
v 34.3074 -110.329 1475.36
vn 0.820632 0.555423 -0.13442
v 34.5198 -110.535 1477.42
vn 0.631025 0.706878 -0.319579
v 34.0097 -109.97 1475.56
vn 0.349748 0.932754 0.08744
v 34.0097 -109.97 1475.56
vn 0.186064 0.982537 0.000930147
v 34.2156 -110.066 1475.77
vn -0.449055 0.852225 -0.268443
v 34.0097 -109.886 1477.83
vn 0.716214 0.67528 -0.176168
v 34.0097 -109.886 1477.83
vn 0.764938 0.591583 -0.254753
v 34.2156 -109.505 1478.9
vn 0.330235 0.926143 0.182221
v 34.2156 -109.505 1478.9
vn 0.330235 0.926143 0.182221
v 34.0097 -109.667 1480.09
vn -0.19587 0.979555 -0.0459136
v 34.0097 -109.667 1480.09
vn 0.47277 0.729653 -0.494061
v 34.0097 -109.667 1480.09
vn -0.234244 0.942723 -0.237494
v 34.0097 -109.609 1481.33
vn 0.887282 0.443553 -0.12646
v 34.6277 -109.928 1480.3
vn 0.330235 0.926143 0.182221
v 34.6277 -109.928 1480.3
vn 0.585331 0.671366 -0.454594
v 34.6277 -109.928 1480.3
vn 0.608556 0.724622 -0.323392
v 34.6277 -109.505 1480.93
vn 0.6706 0.67714 -0.302948
v 34.9254 -109.711 1481.12
vn 0.595504 0.78303 -0.179555
v 34.6277 -109.365 1481.54
vn 0.708695 0.324071 -0.626682
v 34.6277 -109.365 1481.54
vn 0.330272 0.757015 -0.56378
v 34.6277 -109.365 1481.54
vn -0.168805 0.964726 0.202011
v 34.6277 -108.904 1482.15
vn 0.330272 0.757015 -0.56378
v 34.6277 -108.904 1482.15
vn 0.39128 0.920185 -0.0126571
v 34.6277 -108.904 1482.15
vn 0.948283 0.0288259 -0.316113
v 34.8739 -109.505 1481.74
vn 0.683651 0.328052 0.651922
v 35.0123 -109.299 1482.77
vn 0.659085 0.39123 0.642297
v 34.8336 -108.998 1482.77
vn 0.367652 0.929791 0.0178931
v 34.8336 -108.998 1482.77
vn 0.330272 0.757015 -0.56378
v 35.0396 -109.093 1482.14
vn 0.414288 0.909121 -0.0431873
v 35.0396 -109.093 1482.14
vn 0.39128 0.920185 -0.0126571
v 35.0838 -109.093 1482.57
vn 0.995397 0.042048 0.0861197
v 35.0838 -109.093 1482.57
vn -0.0564708 0.734602 0.676144
v 34.2389 -109.711 1483.6
vn 0.565593 0.350091 0.746687
v 34.4216 -109.9 1483.6
vn 0.568609 0.294127 0.768227
v 34.4216 -109.505 1483.48
f 1//1 11//11 2//2
f 11//11 5//5 2//2
f 1//1 4//4 3//3
f 4//4 1//1 737//737
f 17//17 3//3 4//4
f 3//3 16//16 1//1
f 3//3 17//17 16//16
f 4//4 47//47 17//17
f 6//6 47//47 4//4
f 737//737 738//738 4//4
f 738//738 7//7 4//4
f 4//4 7//7 8//8
f 6//6 4//4 8//8
f 5//5 13//13 739//739
f 9//9 11//11 31//31
f 12//12 5//5 740//740
f 9//9 31//31 33//33
f 12//12 740//740 35//35
f 12//12 35//35 34//34
f 12//12 34//34 14//14
f 11//11 1//1 10//10
f 11//11 740//740 5//5
f 31//31 11//11 10//10
f 5//5 12//12 14//14
f 13//13 5//5 14//14
f 13//13 14//14 15//15
f 14//14 42//42 15//15
f 43//43 15//15 42//42
f 16//16 17//17 92//92
f 91//91 92//92 17//17
f 16//16 10//10 1//1
f 41//41 10//10 16//16
f 8//8 47//47 6//6
f 47//47 8//8 48//48
f 48//48 8//8 19//19
f 8//8 7//7 742//742
f 13//13 18//18 739//739
f 7//7 741//741 742//742
f 15//15 18//18 13//13
f 741//741 20//20 742//742
f 15//15 22//22 743//743
f 743//743 18//18 15//15
f 22//22 15//15 43//43
f 20//20 23//23 742//742
f 21//21 743//743 22//22
f 45//45 21//21 22//22
f 47//47 91//91 17//17
f 161//161 48//48 19//19
f 26//26 337//337 19//19
f 742//742 23//23 26//26
f 23//23 743//743 24//24
f 743//743 21//21 24//24
f 25//25 24//24 21//21
f 45//45 25//25 21//21
f 45//45 50//50 25//25
f 23//23 27//27 26//26
f 27//27 28//28 26//26
f 24//24 27//27 23//23
f 24//24 25//25 27//27
f 29//29 26//26 28//28
f 29//29 337//337 26//26
f 744//744 27//27 49//49
f 25//25 49//49 27//27
f 29//29 28//28 30//30
f 25//25 50//50 49//49
f 744//744 49//49 745//745
f 746//746 99//99 29//29
f 33//33 31//31 32//32
f 57//57 37//37 32//32
f 57//57 32//32 59//59
f 35//35 740//740 33//33
f 33//33 37//37 35//35
f 37//37 33//33 32//32
f 34//34 35//35 36//36
f 36//36 35//35 39//39
f 39//39 40//40 36//36
f 38//38 35//35 37//37
f 57//57 38//38 37//37
f 35//35 38//38 39//39
f 32//32 41//41 86//86
f 41//41 31//31 10//10
f 31//31 41//41 32//32
f 36//36 14//14 34//34
f 64//64 36//36 40//40
f 64//64 65//65 36//36
f 14//14 36//36 42//42
f 36//36 65//65 42//42
f 47//47 48//48 113//113
f 22//22 43//43 45//45
f 44//44 43//43 42//42
f 44//44 46//46 43//43
f 65//65 44//44 42//42
f 45//45 43//43 46//46
f 48//48 161//161 113//113
f 67//67 45//45 46//46
f 93//93 67//67 46//46
f 66//66 93//93 46//46
f 161//161 337//337 528//528
f 337//337 161//161 19//19
f 50//50 45//45 67//67
f 50//50 51//51 49//49
f 67//67 53//53 50//50
f 51//51 50//50 53//53
f 746//746 52//52 99//99
f 49//49 747//747 745//745
f 746//746 748//748 52//52
f 53//53 55//55 51//51
f 749//749 751//751 54//54
f 748//748 750//750 52//52
f 52//52 750//750 68//68
f 77//77 55//55 53//53
f 77//77 53//53 67//67
f 55//55 77//77 56//56
f 751//751 752//752 54//54
f 750//750 753//753 68//68
f 60//60 106//106 62//62
f 57//57 59//59 58//58
f 59//59 60//60 58//58
f 58//58 38//38 57//57
f 58//58 61//61 38//38
f 61//61 39//39 38//38
f 39//39 61//61 40//40
f 58//58 60//60 61//61
f 62//62 63//63 40//40
f 60//60 62//62 61//61
f 61//61 62//62 40//40
f 32//32 86//86 59//59
f 106//106 63//63 62//62
f 64//64 40//40 63//63
f 87//87 64//64 63//63
f 109//109 87//87 63//63
f 65//65 64//64 87//87
f 89//89 41//41 16//16
f 89//89 86//86 41//41
f 66//66 65//65 157//157
f 157//157 65//65 156//156
f 66//66 44//44 65//65
f 66//66 46//46 44//44
f 92//92 89//89 16//16
f 159//159 93//93 66//66
f 337//337 29//29 99//99
f 70//70 68//68 78//78
f 77//77 67//67 79//79
f 70//70 78//78 80//80
f 71//71 69//69 67//67
f 79//79 67//67 69//69
f 82//82 79//79 69//69
f 73//73 70//70 80//80
f 71//71 67//67 93//93
f 71//71 82//82 69//69
f 74//74 70//70 73//73
f 68//68 70//70 116//116
f 75//75 71//71 93//93
f 75//75 72//72 71//71
f 70//70 74//74 116//116
f 754//754 76//76 755//755
f 756//756 74//74 73//73
f 72//72 75//75 757//757
f 95//95 74//74 756//756
f 56//56 77//77 81//81
f 78//78 68//68 753//753
f 758//758 78//78 753//753
f 77//77 79//79 81//81
f 80//80 78//78 758//758
f 79//79 82//82 81//81
f 73//73 80//80 758//758
f 82//82 71//71 72//72
f 81//81 82//82 72//72
f 754//754 755//755 759//759
f 116//116 52//52 68//68
f 84//84 60//60 59//59
f 59//59 83//83 84//84
f 107//107 84//84 83//83
f 84//84 107//107 108//108
f 105//105 84//84 108//108
f 84//84 85//85 60//60
f 60//60 85//85 106//106
f 85//85 84//84 105//105
f 106//106 85//85 105//105
f 83//83 59//59 86//86
f 83//83 86//86 110//110
f 109//109 63//63 106//106
f 109//109 155//155 87//87
f 156//156 87//87 155//155
f 156//156 65//65 87//87
f 89//89 90//90 86//86
f 88//88 89//89 92//92
f 86//86 90//90 110//110
f 90//90 760//760 110//110
f 90//90 89//89 760//760
f 157//157 159//159 66//66
f 91//91 111//111 92//92
f 91//91 112//112 111//111
f 111//111 88//88 92//92
f 47//47 227//227 91//91
f 93//93 96//96 75//75
f 115//115 94//94 96//96
f 96//96 94//94 97//97
f 94//94 98//98 97//97
f 115//115 96//96 93//93
f 98//98 94//94 114//114
f 75//75 97//97 757//757
f 97//97 761//761 757//757
f 97//97 75//75 96//96
f 98//98 761//761 97//97
f 100//100 95//95 121//121
f 98//98 123//123 121//121
f 74//74 100//100 116//116
f 74//74 95//95 100//100
f 98//98 121//121 95//95
f 127//127 101//101 102//102
f 101//101 103//103 102//102
f 142//142 104//104 764//764
f 102//102 103//103 150//150
f 762//762 142//142 764//764
f 126//126 102//102 150//150
f 150//150 103//103 765//765
f 142//142 145//145 104//104
f 777//777 151//151 766//766
f 108//108 153//153 105//105
f 107//107 83//83 110//110
f 222//222 108//108 107//107
f 153//153 106//106 105//105
f 153//153 109//109 106//106
f 320//320 110//110 760//760
f 110//110 320//320 107//107
f 111//111 319//319 88//88
f 88//88 319//319 863//863
f 112//112 226//226 111//111
f 112//112 227//227 226//226
f 227//227 112//112 91//91
f 47//47 113//113 227//227
f 93//93 159//159 164//164
f 115//115 93//93 164//164
f 123//123 114//114 165//165
f 123//123 98//98 114//114
f 94//94 115//115 114//114
f 114//114 115//115 164//164
f 52//52 116//116 231//231
f 230//230 99//99 52//52
f 52//52 231//231 230//230
f 117//117 116//116 118//118
f 116//116 117//117 231//231
f 117//117 118//118 119//119
f 165//165 233//233 119//119
f 118//118 165//165 119//119
f 233//233 117//117 119//119
f 100//100 121//121 120//120
f 100//100 120//120 116//116
f 121//121 122//122 120//120
f 120//120 122//122 116//116
f 118//118 116//116 122//122
f 124//124 122//122 121//121
f 118//118 124//124 165//165
f 124//124 121//121 123//123
f 124//124 123//123 165//165
f 122//122 124//124 118//118
f 125//125 126//126 205//205
f 169//169 128//128 767//767
f 128//128 768//768 767//767
f 128//128 127//127 768//768
f 127//127 128//128 129//129
f 129//129 130//130 127//127
f 130//130 133//133 763//763
f 127//127 130//130 763//763
f 133//133 132//132 763//763
f 769//769 128//128 131//131
f 131//131 130//130 769//769
f 130//130 192//192 133//133
f 131//131 128//128 192//192
f 131//131 192//192 130//130
f 192//192 139//139 133//133
f 191//191 139//139 192//192
f 137//137 134//134 132//132
f 134//134 143//143 132//132
f 133//133 137//137 132//132
f 135//135 776//776 770//770
f 137//137 133//133 136//136
f 134//134 137//137 138//138
f 135//135 770//770 771//771
f 136//136 133//133 139//139
f 771//771 141//141 135//135
f 144//144 135//135 141//141
f 140//140 139//139 191//191
f 136//136 139//139 140//140
f 772//772 137//137 136//136
f 138//138 137//137 772//772
f 773//773 138//138 772//772
f 194//194 140//140 191//191
f 194//194 774//774 140//140
f 300//300 205//205 126//126
f 127//127 102//102 768//768
f 132//132 142//142 763//763
f 144//144 132//132 143//143
f 144//144 143//143 135//135
f 146//146 145//145 142//142
f 777//777 148//148 151//151
f 142//142 132//132 146//146
f 145//145 146//146 147//147
f 779//779 780//780 778//778
f 146//146 132//132 144//144
f 146//146 149//149 147//147
f 144//144 149//149 146//146
f 779//779 781//781 780//780
f 141//141 149//149 144//144
f 781//781 775//775 207//207
f 207//207 780//780 781//781
f 209//209 208//208 775//775
f 775//775 208//208 207//207
f 150//150 300//300 126//126
f 765//765 782//782 152//152
f 150//150 765//765 152//152
f 782//782 214//214 152//152
f 790//790 151//151 148//148
f 153//153 108//108 221//221
f 153//153 154//154 109//109
f 221//221 154//154 153//153
f 223//223 154//154 221//221
f 223//223 109//109 154//154
f 155//155 109//109 223//223
f 224//224 156//156 155//155
f 319//319 111//111 226//226
f 156//156 224//224 158//158
f 158//158 157//157 156//156
f 158//158 160//160 157//157
f 158//158 162//162 160//160
f 160//160 159//159 157//157
f 160//160 164//164 159//159
f 227//227 113//113 161//161
f 162//162 163//163 160//160
f 163//163 162//162 228//228
f 114//114 164//164 163//163
f 163//163 164//164 160//160
f 165//165 114//114 163//163
f 233//233 165//165 229//229
f 229//229 165//165 163//163
f 166//166 337//337 99//99
f 166//166 99//99 230//230
f 233//233 231//231 117//117
f 170//170 189//189 178//178
f 783//783 167//167 173//173
f 785//785 181//181 167//167
f 167//167 783//783 785//785
f 167//167 181//181 168//168
f 168//168 173//173 167//167
f 171//171 169//169 767//767
f 170//170 767//767 189//189
f 171//171 767//767 170//170
f 172//172 169//169 171//171
f 784//784 171//171 170//170
f 171//171 174//174 172//172
f 173//173 174//174 171//171
f 168//168 241//241 173//173
f 174//174 173//173 239//239
f 175//175 184//184 199//199
f 201//201 188//188 175//175
f 201//201 175//175 199//199
f 189//189 176//176 179//179
f 178//178 189//189 179//179
f 177//177 179//179 176//176
f 202//202 177//177 176//176
f 181//181 785//785 179//179
f 179//179 182//182 181//181
f 179//179 183//183 182//182
f 786//786 183//183 180//180
f 177//177 180//180 179//179
f 180//180 183//183 179//179
f 787//787 180//180 203//203
f 180//180 202//202 203//203
f 177//177 202//202 180//180
f 185//185 168//168 181//181
f 181//181 182//182 185//185
f 183//183 186//186 185//185
f 182//182 183//183 185//185
f 184//184 175//175 183//183
f 183//183 175//175 186//186
f 237//237 168//168 185//185
f 185//185 186//186 187//187
f 175//175 188//188 186//186
f 186//186 188//188 187//187
f 187//187 251//251 185//185
f 188//188 248//248 251//251
f 188//188 251//251 187//187
f 188//188 201//201 248//248
f 125//125 205//205 189//189
f 176//176 189//189 205//205
f 172//172 239//239 169//169
f 174//174 239//239 172//172
f 128//128 169//169 192//192
f 239//239 192//192 169//169
f 240//240 193//193 192//192
f 243//243 193//193 240//240
f 240//240 192//192 239//239
f 193//193 243//243 190//190
f 243//243 254//254 190//190
f 193//193 191//191 192//192
f 191//191 193//193 194//194
f 195//195 193//193 190//190
f 190//190 254//254 195//195
f 193//193 209//209 788//788
f 775//775 788//788 209//209
f 209//209 193//193 195//195
f 198//198 199//199 197//197
f 199//199 184//184 197//197
f 198//198 196//196 255//255
f 196//196 212//212 255//255
f 199//199 198//198 200//200
f 200//200 201//201 789//789
f 200//200 198//198 795//795
f 200//200 248//248 201//201
f 200//200 249//249 248//248
f 250//250 200//200 795//795
f 200//200 250//250 249//249
f 196//196 204//204 202//202
f 176//176 205//205 202//202
f 196//196 202//202 205//205
f 787//787 203//203 197//197
f 203//203 204//204 197//197
f 203//203 202//202 204//204
f 197//197 204//204 198//198
f 198//198 204//204 196//196
f 196//196 205//205 212//212
f 206//206 209//209 195//195
f 195//195 366//366 206//206
f 213//213 206//206 366//366
f 207//207 264//264 148//148
f 211//211 264//264 207//207
f 210//210 208//208 209//209
f 210//210 209//209 206//206
f 210//210 206//206 213//213
f 208//208 210//210 207//207
f 207//207 210//210 211//211
f 210//210 213//213 211//211
f 255//255 212//212 262//262
f 300//300 212//212 205//205
f 216//216 152//152 214//214
f 148//148 215//215 790//790
f 215//215 273//273 790//790
f 273//273 216//216 790//790
f 217//217 152//152 216//216
f 264//264 215//215 148//148
f 215//215 264//264 273//273
f 216//216 218//218 217//217
f 216//216 267//267 218//218
f 267//267 268//268 218//218
f 269//269 217//217 268//268
f 217//217 218//218 268//268
f 791//791 802//802 270//270
f 270//270 282//282 791//791
f 150//150 152//152 301//301
f 301//301 300//300 150//150
f 217//217 219//219 152//152
f 791//791 282//282 792//792
f 152//152 220//220 301//301
f 152//152 219//219 220//220
f 792//792 283//283 284//284
f 282//282 283//283 792//792
f 220//220 219//219 285//285
f 792//792 284//284 813//813
f 107//107 320//320 321//321
f 108//108 323//323 221//221
f 323//323 108//108 222//222
f 321//321 382//382 107//107
f 107//107 322//322 222//222
f 325//325 223//223 221//221
f 223//223 224//224 155//155
f 223//223 225//225 224//224
f 223//223 331//331 225//225
f 224//224 225//225 158//158
f 158//158 225//225 162//162
f 228//228 225//225 332//332
f 162//162 225//225 228//228
f 229//229 163//163 228//228
f 229//229 228//228 334//334
f 230//230 231//231 234//234
f 232//232 231//231 233//233
f 231//231 232//232 236//236
f 335//335 232//232 233//233
f 342//342 236//236 232//232
f 335//335 233//233 229//229
f 342//342 232//232 336//336
f 335//335 336//336 232//232
f 166//166 535//535 337//337
f 441//441 166//166 338//338
f 166//166 234//234 235//235
f 166//166 235//235 338//338
f 793//793 234//234 342//342
f 342//342 234//234 236//236
f 342//342 338//338 793//793
f 166//166 230//230 234//234
f 231//231 236//236 234//234
f 173//173 241//241 239//239
f 237//237 246//246 168//168
f 251//251 237//237 185//185
f 238//238 237//237 251//251
f 237//237 238//238 246//246
f 238//238 252//252 246//246
f 168//168 246//246 241//241
f 242//242 239//239 241//241
f 245//245 242//242 241//241
f 254//254 243//243 253//253
f 239//239 242//242 240//240
f 240//240 242//242 243//243
f 243//243 242//242 245//245
f 244//244 241//241 246//246
f 245//245 241//241 244//244
f 245//245 253//253 243//243
f 247//247 244//244 246//246
f 244//244 247//247 245//245
f 245//245 247//247 253//253
f 253//253 247//247 252//252
f 247//247 246//246 252//252
f 251//251 248//248 249//249
f 794//794 255//255 256//256
f 249//249 250//250 251//251
f 250//250 348//348 251//251
f 251//251 348//348 345//345
f 252//252 238//238 345//345
f 345//345 257//257 252//252
f 345//345 238//238 251//251
f 347//347 257//257 345//345
f 257//257 254//254 253//253
f 257//257 253//253 252//252
f 260//260 350//350 796//796
f 250//250 796//796 348//348
f 257//257 360//360 254//254
f 195//195 254//254 366//366
f 261//261 263//263 258//258
f 350//350 797//797 355//355
f 355//355 797//797 800//800
f 259//259 256//256 255//255
f 259//259 255//255 261//261
f 261//261 255//255 262//262
f 260//260 796//796 798//798
f 797//797 260//260 798//798
f 799//799 261//261 258//258
f 797//797 350//350 260//260
f 213//213 366//366 265//265
f 213//213 265//265 211//211
f 211//211 265//265 801//801
f 263//263 261//261 266//266
f 261//261 262//262 266//266
f 355//355 800//800 361//361
f 366//366 279//279 265//265
f 265//265 279//279 278//278
f 265//265 808//808 801//801
f 809//809 273//273 264//264
f 266//266 869//869 263//263
f 266//266 262//262 363//363
f 273//273 267//267 216//216
f 273//273 271//271 267//267
f 271//271 268//268 267//267
f 803//803 272//272 805//805
f 286//286 282//282 270//270
f 806//806 272//272 286//286
f 268//268 271//271 274//274
f 274//274 271//271 273//273
f 274//274 804//804 268//268
f 807//807 272//272 803//803
f 807//807 286//286 272//272
f 277//277 275//275 273//273
f 276//276 274//274 273//273
f 276//276 297//297 274//274
f 275//275 277//277 276//276
f 277//277 280//280 276//276
f 275//275 276//276 273//273
f 280//280 297//297 276//276
f 277//277 273//273 809//809
f 280//280 277//277 809//809
f 279//279 810//810 278//278
f 368//368 262//262 212//212
f 262//262 368//368 363//363
f 281//281 368//368 212//212
f 368//368 281//281 369//369
f 287//287 282//282 286//286
f 288//288 283//283 287//287
f 287//287 283//283 282//282
f 288//288 811//811 283//283
f 289//289 813//813 284//284
f 289//289 290//290 813//813
f 291//291 287//287 286//286
f 815//815 292//292 817//817
f 815//815 817//817 812//812
f 822//822 293//293 818//818
f 293//293 296//296 819//819
f 293//293 819//819 818//818
f 820//820 828//828 294//294
f 814//814 821//821 825//825
f 807//807 291//291 286//286
f 291//291 816//816 287//287
f 295//295 823//823 816//816
f 295//295 816//816 291//291
f 295//295 824//824 823//823
f 295//295 829//829 824//824
f 294//294 828//828 299//299
f 831//831 291//291 807//807
f 295//295 291//291 831//831
f 295//295 298//298 830//830
f 298//298 295//295 831//831
f 298//298 832//832 830//830
f 280//280 314//314 297//297
f 857//857 298//298 831//831
f 370//370 368//368 369//369
f 281//281 212//212 300//300
f 302//302 301//301 220//220
f 303//303 836//836 220//220
f 220//220 312//312 303//303
f 316//316 301//301 302//302
f 838//838 304//304 837//837
f 316//316 302//302 841//841
f 839//839 855//855 305//305
f 841//841 840//840 842//842
f 306//306 316//316 841//841
f 313//313 843//843 856//856
f 313//313 310//310 843//843
f 841//841 842//842 307//307
f 844//844 850//850 845//845
f 306//306 841//841 309//309
f 309//309 841//841 307//307
f 316//316 300//300 301//301
f 306//306 309//309 316//316
f 851//851 311//311 846//846
f 315//315 832//832 298//298
f 832//832 315//315 852//852
f 854//854 308//308 847//847
f 846//846 311//311 848//848
f 308//308 317//317 847//847
f 853//853 373//373 854//854
f 308//308 854//854 317//317
f 312//312 220//220 285//285
f 312//312 285//285 826//826
f 833//833 856//856 827//827
f 833//833 313//313 856//856
f 833//833 310//310 313//313
f 852//852 315//315 373//373
f 857//857 315//315 298//298
f 382//382 322//322 107//107
f 849//849 861//861 859//859
f 862//862 401//401 860//860
f 854//854 375//375 317//317
f 329//329 318//318 327//327
f 402//402 318//318 329//329
f 402//402 404//404 318//318
f 327//327 863//863 319//319
f 863//863 327//327 318//318
f 318//318 321//321 320//320
f 321//321 405//405 382//382
f 382//382 406//406 322//322
f 222//222 322//322 406//406
f 222//222 406//406 323//323
f 323//323 406//406 407//407
f 413//413 323//323 407//407
f 316//316 383//383 300//300
f 316//316 928//928 383//383
f 323//323 431//431 221//221
f 221//221 653//653 325//325
f 325//325 653//653 324//324
f 653//653 330//330 324//324
f 325//325 326//326 223//223
f 223//223 326//326 330//330
f 331//331 223//223 330//330
f 330//330 326//326 325//325
f 325//325 324//324 330//330
f 328//328 329//329 327//327
f 328//328 327//327 226//226
f 226//226 327//327 319//319
f 331//331 330//330 653//653
f 653//653 527//527 331//331
f 225//225 331//331 332//332
f 577//577 226//226 227//227
f 577//577 227//227 161//161
f 228//228 332//332 334//334
f 161//161 528//528 577//577
f 343//343 342//342 336//336
f 336//336 333//333 344//344
f 334//334 434//434 333//333
f 335//335 229//229 334//334
f 333//333 336//336 335//335
f 335//335 334//334 333//333
f 583//583 528//528 440//440
f 528//528 337//337 440//440
f 535//535 440//440 337//337
f 535//535 166//166 441//441
f 441//441 338//338 339//339
f 339//339 343//343 340//340
f 340//340 343//343 341//341
f 441//441 339//339 435//435
f 340//340 435//435 339//339
f 435//435 340//340 341//341
f 342//342 339//339 338//338
f 343//343 339//339 342//342
f 341//341 343//343 344//344
f 864//864 344//344 343//343
f 438//438 341//341 344//344
f 333//333 434//434 438//438
f 344//344 333//333 438//438
f 796//796 350//350 351//351
f 796//796 351//351 346//346
f 865//865 351//351 352//352
f 865//865 352//352 349//349
f 346//346 348//348 796//796
f 347//347 345//345 348//348
f 349//349 354//354 348//348
f 359//359 354//354 866//866
f 348//348 354//354 347//347
f 348//348 865//865 349//349
f 354//354 349//349 866//866
f 354//354 257//257 347//347
f 354//354 360//360 257//257
f 355//355 356//356 350//350
f 351//351 350//350 353//353
f 351//351 353//353 352//352
f 867//867 358//358 866//866
f 350//350 356//356 353//353
f 354//354 359//359 360//360
f 866//866 358//358 359//359
f 361//361 356//356 355//355
f 867//867 868//868 357//357
f 868//868 444//444 357//357
f 867//867 357//357 358//358
f 357//357 444//444 453//453
f 359//359 358//358 366//366
f 360//360 366//366 254//254
f 359//359 366//366 360//360
f 364//364 365//365 869//869
f 448//448 361//361 870//870
f 266//266 364//364 869//869
f 266//266 363//363 364//364
f 358//358 362//362 366//366
f 366//366 362//362 459//459
f 364//364 445//445 365//365
f 870//870 446//446 449//449
f 970//970 446//446 870//870
f 870//870 449//449 448//448
f 280//280 374//374 314//314
f 810//810 279//279 871//871
f 364//364 363//363 367//367
f 364//364 367//367 445//445
f 463//463 367//367 363//363
f 369//369 371//371 370//370
f 369//369 300//300 371//371
f 371//371 300//300 508//508
f 369//369 281//281 372//372
f 281//281 300//300 372//372
f 300//300 369//369 372//372
f 315//315 379//379 373//373
f 858//858 871//871 874//874
f 871//871 279//279 366//366
f 872//872 315//315 857//857
f 480//480 463//463 363//363
f 363//363 368//368 480//480
f 508//508 370//370 371//371
f 871//871 366//366 466//466
f 373//373 375//375 854//854
f 375//375 387//387 317//317
f 387//387 929//929 317//317
f 373//373 376//376 375//375
f 377//377 375//375 376//376
f 375//375 378//378 892//892
f 379//379 376//376 373//373
f 377//377 376//376 379//379
f 377//377 378//378 375//375
f 378//378 377//377 380//380
f 871//871 873//873 874//874
f 381//381 875//875 873//873
f 871//871 381//381 873//873
f 871//871 468//468 381//381
f 981//981 470//470 877//877
f 875//875 469//469 473//473
f 469//469 875//875 381//381
f 983//983 469//469 381//381
f 321//321 318//318 405//405
f 404//404 405//405 318//318
f 368//368 370//370 508//508
f 368//368 508//508 506//506
f 510//510 1037//1037 508//508
f 508//508 300//300 408//408
f 300//300 411//411 408//408
f 300//300 383//383 384//384
f 383//383 385//385 384//384
f 393//393 388//388 882//882
f 834//834 390//390 389//389
f 835//835 879//879 897//897
f 893//893 391//391 883//883
f 389//389 386//386 834//834
f 887//887 898//898 880//880
f 881//881 883//883 391//391
f 300//300 888//888 414//414
f 888//888 419//419 414//414
f 880//880 945//945 887//887
f 881//881 391//391 425//425
f 392//392 892//892 380//380
f 387//387 905//905 884//884
f 906//906 907//907 885//885
f 393//393 394//394 388//388
f 396//396 901//901 398//398
f 923//923 902//902 909//909
f 909//909 902//902 894//894
f 395//395 889//889 895//895
f 899//899 890//890 914//914
f 891//891 910//910 915//915
f 916//916 397//397 903//903
f 392//392 399//399 908//908
f 392//392 380//380 399//399
f 924//924 908//908 399//399
f 925//925 394//394 393//393
f 900//900 911//911 896//896
f 911//911 900//900 400//400
f 900//900 917//917 400//400
f 924//924 926//926 918//918
f 927//927 919//919 912//912
f 913//913 397//397 916//916
f 428//428 920//920 926//926
f 921//921 962//962 958//958
f 904//904 922//922 959//959
f 924//924 399//399 926//926
f 399//399 380//380 926//926
f 988//988 474//474 876//876
f 990//990 926//926 380//380
f 878//878 930//930 886//886
f 387//387 884//884 929//929
f 378//378 380//380 892//892
f 1115//1115 481//481 328//328
f 329//329 481//481 403//403
f 329//329 403//403 402//402
f 403//403 404//404 402//402
f 481//481 329//329 328//328
f 328//328 226//226 1115//1115
f 403//403 481//481 482//482
f 999//999 405//405 403//403
f 403//403 405//405 404//404
f 382//382 488//488 500//500
f 382//382 500//500 406//406
f 1041//1041 407//407 406//406
f 410//410 416//416 407//407
f 416//416 415//415 407//407
f 412//412 410//410 407//407
f 514//514 508//508 408//408
f 516//516 514//514 408//408
f 408//408 935//935 409//409
f 408//408 409//409 516//516
f 932//932 1057//1057 931//931
f 933//933 409//409 935//935
f 412//412 1058//1058 410//410
f 415//415 413//413 407//407
f 427//427 939//939 414//414
f 300//300 414//414 411//411
f 934//934 936//936 943//943
f 943//943 936//936 940//940
f 937//937 938//938 941//941
f 417//417 413//413 415//415
f 323//323 413//413 417//417
f 418//418 323//323 417//417
f 323//323 418//418 424//424
f 945//945 880//880 422//422
f 949//949 881//881 425//425
f 420//420 417//417 415//415
f 417//417 421//421 418//418
f 944//944 946//946 948//948
f 423//423 418//418 421//421
f 950//950 958//958 426//426
f 414//414 946//946 427//427
f 414//414 419//419 946//946
f 419//419 951//951 946//946
f 942//942 961//961 947//947
f 951//951 955//955 946//946
f 955//955 948//948 946//946
f 424//424 418//418 423//423
f 423//423 429//429 424//424
f 424//424 429//429 431//431
f 428//428 926//926 960//960
f 962//962 426//426 958//958
f 960//960 525//525 952//952
f 523//523 953//953 1067//1067
f 954//954 1064//1064 956//956
f 963//963 957//957 1065//1065
f 525//525 960//960 926//926
f 431//431 429//429 430//430
f 429//429 432//432 430//430
f 432//432 431//431 430//430
f 964//964 963//963 1065//1065
f 323//323 424//424 431//431
f 431//431 653//653 221//221
f 407//407 515//515 412//412
f 515//515 1058//1058 412//412
f 433//433 431//431 432//432
f 433//433 964//964 519//519
f 519//519 520//520 433//433
f 431//431 524//524 653//653
f 520//520 524//524 431//431
f 331//331 527//527 332//332
f 965//965 334//334 332//332
f 435//435 439//439 436//436
f 437//437 436//436 967//967
f 442//442 441//441 435//435
f 437//437 534//534 436//436
f 534//534 435//435 436//436
f 332//332 1071//1071 966//966
f 534//534 442//442 435//435
f 438//438 434//434 439//439
f 439//439 341//341 438//438
f 439//439 435//435 341//341
f 965//965 332//332 968//968
f 332//332 966//966 968//968
f 535//535 583//583 440//440
f 441//441 442//442 529//529
f 356//356 361//361 443//443
f 443//443 361//361 448//448
f 868//868 969//969 444//444
f 444//444 969//969 450//450
f 449//449 446//446 451//451
f 446//446 447//447 451//451
f 452//452 451//451 447//447
f 449//449 451//451 448//448
f 969//969 448//448 450//450
f 451//451 450//450 448//448
f 450//450 453//453 444//444
f 450//450 452//452 453//453
f 452//452 450//450 451//451
f 464//464 453//453 452//452
f 453//453 362//362 357//357
f 358//358 357//357 362//362
f 456//456 457//457 362//362
f 459//459 362//362 457//457
f 537//537 446//446 970//970
f 454//454 446//446 537//537
f 447//447 446//446 454//454
f 447//447 971//971 455//455
f 447//447 455//455 452//452
f 452//452 455//455 464//464
f 453//453 464//464 362//362
f 362//362 610//610 456//456
f 456//456 610//610 458//458
f 456//456 458//458 457//457
f 457//457 458//458 459//459
f 459//459 458//458 465//465
f 465//465 458//458 610//610
f 366//366 459//459 465//465
f 461//461 460//460 462//462
f 975//975 548//548 973//973
f 537//537 972//972 974//974
f 445//445 367//367 462//462
f 463//463 975//975 367//367
f 537//537 970//970 972//972
f 445//445 462//462 460//460
f 548//548 975//975 463//463
f 610//610 366//366 465//465
f 984//984 466//466 467//467
f 466//466 366//366 467//467
f 980//980 989//989 985//985
f 871//871 466//466 468//468
f 979//979 986//986 982//982
f 469//469 983//983 473//473
f 472//472 475//475 471//471
f 548//548 475//475 472//472
f 542//542 471//471 475//475
f 472//472 973//973 548//548
f 471//471 973//973 472//472
f 467//467 474//474 988//988
f 474//474 467//467 526//526
f 541//541 542//542 475//475
f 540//540 541//541 475//475
f 1072//1072 475//475 543//543
f 999//999 557//557 477//477
f 557//557 478//478 477//477
f 999//999 382//382 405//405
f 477//477 382//382 999//999
f 463//463 479//479 476//476
f 996//996 483//483 991//991
f 992//992 1001//1001 994//994
f 478//478 1002//1002 477//477
f 1002//1002 485//485 477//477
f 382//382 487//487 488//488
f 477//477 487//487 382//382
f 486//486 487//487 477//477
f 566//566 480//480 492//492
f 561//561 976//976 490//490
f 480//480 566//566 463//463
f 506//506 480//480 368//368
f 506//506 502//502 480//480
f 501//501 406//406 500//500
f 990//990 525//525 926//926
f 990//990 1068//1068 525//525
f 526//526 467//467 549//549
f 467//467 366//366 549//549
f 556//556 482//482 481//481
f 556//556 481//481 554//554
f 1115//1115 1077//1077 481//481
f 485//485 486//486 477//477
f 485//485 1002//1002 484//484
f 486//486 485//485 560//560
f 491//491 561//561 490//490
f 997//997 1004//1004 1003//1003
f 998//998 977//977 1005//1005
f 561//561 558//558 976//976
f 1089//1089 1012//1012 1007//1007
f 484//484 560//560 485//485
f 1086//1086 1089//1089 1007//1007
f 1012//1012 1008//1008 1007//1007
f 1015//1015 500//500 488//488
f 493//493 487//487 1013//1013
f 480//480 502//502 1016//1016
f 493//493 494//494 487//487
f 488//488 487//487 494//494
f 1009//1009 1021//1021 1017//1017
f 495//495 500//500 1015//1015
f 489//489 500//500 495//495
f 1010//1010 501//501 500//500
f 496//496 1014//1014 1011//1011
f 496//496 1011//1011 978//978
f 1023//1023 1018//1018 1031//1031
f 493//493 565//565 494//494
f 1024//1024 1032//1032 497//497
f 495//495 1025//1025 489//489
f 1025//1025 499//499 489//489
f 1010//1010 1029//1029 501//501
f 496//496 1019//1019 1014//1014
f 978//978 563//563 496//496
f 978//978 562//562 563//563
f 496//496 1092//1092 1019//1019
f 1020//1020 1093//1093 1098//1098
f 1099//1099 1101//1101 1022//1022
f 1091//1091 463//463 566//566
f 1017//1017 1021//1021 1102//1102
f 502//502 498//498 1026//1026
f 1030//1030 1027//1027 1028//1028
f 507//507 501//501 503//503
f 506//506 505//505 502//502
f 502//502 505//505 498//498
f 1029//1029 504//504 501//501
f 504//504 503//503 501//501
f 1028//1028 1036//1036 1035//1035
f 1035//1035 1030//1030 1028//1028
f 1036//1036 1033//1033 1035//1035
f 1033//1033 1036//1036 1038//1038
f 509//509 406//406 507//507
f 501//501 507//507 406//406
f 1040//1040 1041//1041 509//509
f 1039//1039 1041//1041 1040//1040
f 1040//1040 1034//1034 1039//1039
f 509//509 1041//1041 406//406
f 407//407 1041//1041 511//511
f 511//511 512//512 407//407
f 1046//1046 515//515 407//407
f 508//508 514//514 510//510
f 1052//1052 1043//1043 1042//1042
f 1047//1047 1044//1044 513//513
f 1049//1049 1055//1055 1048//1048
f 1053//1053 1050//1050 1045//1045
f 1056//1056 1051//1051 1054//1054
f 1059//1059 1056//1056 1054//1054
f 517//517 523//523 1067//1067
f 1060//1060 522//522 1066//1066
f 1061//1061 524//524 1063//1063
f 517//517 1067//1067 574//574
f 549//549 568//568 526//526
f 518//518 1068//1068 568//568
f 518//518 570//570 525//525
f 570//570 1109//1109 525//525
f 964//964 1065//1065 519//519
f 431//431 433//433 520//520
f 522//522 1062//1062 1066//1066
f 521//521 519//519 1063//1063
f 519//519 521//521 520//520
f 1063//1063 524//524 521//521
f 521//521 524//524 520//520
f 1068//1068 518//518 525//525
f 580//580 524//524 1061//1061
f 650//650 577//577 528//528
f 332//332 527//527 533//533
f 527//527 587//587 533//533
f 1071//1071 332//332 1070//1070
f 582//582 528//528 583//583
f 535//535 441//441 536//536
f 536//536 441//441 531//531
f 532//532 1070//1070 1119//1119
f 586//586 531//531 532//532
f 536//536 531//531 586//586
f 534//534 530//530 442//442
f 529//529 442//442 530//530
f 441//441 529//529 531//531
f 529//529 530//530 531//531
f 1069//1069 1071//1071 1070//1070
f 1069//1069 1070//1070 532//532
f 531//531 530//530 532//532
f 584//584 535//535 536//536
f 454//454 537//537 538//538
f 455//455 971//971 538//538
f 455//455 538//538 464//464
f 537//537 547//547 538//538
f 471//471 542//542 544//544
f 539//539 987//987 1074//1074
f 539//539 545//545 547//547
f 987//987 537//537 974//974
f 539//539 537//537 987//987
f 547//547 537//537 539//539
f 538//538 547//547 546//546
f 538//538 546//546 612//612
f 464//464 538//538 612//612
f 464//464 610//610 362//362
f 610//610 567//567 366//366
f 545//545 541//541 590//590
f 547//547 590//590 596//596
f 544//544 542//542 1075//1075
f 545//545 1073//1073 541//541
f 555//555 475//475 548//548
f 1072//1072 543//543 553//553
f 475//475 555//555 543//543
f 539//539 1074//1074 545//545
f 547//547 545//545 590//590
f 547//547 596//596 546//546
f 463//463 476//476 548//548
f 548//548 1081//1081 555//555
f 548//548 476//476 1081//1081
f 596//596 612//612 546//546
f 567//567 549//549 366//366
f 551//551 1072//1072 550//550
f 552//552 540//540 1076//1076
f 550//550 1072//1072 553//553
f 1115//1115 550//550 553//553
f 553//553 1077//1077 1115//1115
f 540//540 552//552 541//541
f 541//541 552//552 590//590
f 555//555 1080//1080 543//543
f 482//482 556//556 1078//1078
f 1082//1082 1000//1000 1079//1079
f 543//543 1077//1077 553//553
f 1080//1080 1077//1077 543//543
f 995//995 1083//1083 993//993
f 977//977 558//558 1005//1005
f 558//558 559//559 1005//1005
f 558//558 561//561 559//559
f 1084//1084 1087//1087 1006//1006
f 1090//1090 1088//1088 1085//1085
f 562//562 564//564 563//563
f 1091//1091 566//566 1095//1095
f 1096//1096 1100//1100 1094//1094
f 1097//1097 1101//1101 1099//1099
f 612//612 610//610 464//464
f 567//567 610//610 674//674
f 568//568 549//549 569//569
f 568//568 569//569 518//518
f 549//549 567//567 569//569
f 1103//1103 518//518 569//569
f 569//569 567//567 1103//1103
f 1103//1103 567//567 575//575
f 571//571 577//577 578//578
f 572//572 1105//1105 591//591
f 573//573 591//591 1105//1105
f 1108//1108 571//571 578//578
f 593//593 552//552 572//572
f 578//578 597//597 1108//1108
f 593//593 572//572 591//591
f 1125//1125 591//591 573//573
f 1106//1106 572//572 1076//1076
f 550//550 1107//1107 551//551
f 550//550 1115//1115 1107//1107
f 552//552 1076//1076 572//572
f 1111//1111 1110//1110 1104//1104
f 1111//1111 576//576 1110//1110
f 567//567 1112//1112 575//575
f 574//574 1113//1113 517//517
f 1116//1116 1114//1114 581//581
f 1113//1113 1117//1117 517//517
f 567//567 1118//1118 1112//1112
f 578//578 577//577 579//579
f 597//597 578//578 579//579
f 581//581 633//633 1116//1116
f 524//524 580//580 653//653
f 650//650 614//614 577//577
f 634//634 614//614 650//650
f 528//528 661//661 650//650
f 528//528 582//582 664//664
f 664//664 582//582 692//692
f 692//692 582//582 583//583
f 589//589 584//584 585//585
f 585//585 536//536 586//586
f 532//532 1119//1119 586//586
f 584//584 536//536 585//585
f 692//692 583//583 670//670
f 670//670 583//583 700//700
f 583//583 535//535 588//588
f 535//535 584//584 588//588
f 584//584 589//589 667//667
f 552//552 593//593 590//590
f 593//593 596//596 590//590
f 597//597 592//592 1121//1121
f 593//593 591//591 592//592
f 592//592 595//595 593//593
f 593//593 1123//1123 594//594
f 594//594 1123//1123 602//602
f 1122//1122 1126//1126 612//612
f 594//594 596//596 593//593
f 596//596 1122//1122 612//612
f 592//592 597//597 598//598
f 599//599 598//598 597//597
f 614//614 599//599 597//597
f 598//598 595//595 592//592
f 600//600 595//595 598//598
f 600//600 598//598 599//599
f 601//601 600//600 599//599
f 600//600 603//603 1124//1124
f 603//603 600//600 604//604
f 600//600 601//601 604//604
f 605//605 604//604 601//601
f 599//599 605//605 601//601
f 616//616 605//605 599//599
f 615//615 616//616 599//599
f 612//612 1126//1126 606//606
f 1123//1123 1127//1127 602//602
f 1126//1126 1128//1128 606//606
f 1130//1130 1135//1135 1129//1129
f 1133//1133 607//607 1131//1131
f 606//606 1132//1132 1136//1136
f 1137//1137 1134//1134 608//608
f 608//608 1134//1134 1145//1145
f 609//609 612//612 606//606
f 612//612 609//609 621//621
f 609//609 619//619 621//621
f 1136//1136 1138//1138 609//609
f 1136//1136 609//609 606//606
f 609//609 1138//1138 617//617
f 619//619 609//609 617//617
f 579//579 614//614 597//597
f 579//579 577//577 614//614
f 621//621 622//622 612//612
f 612//612 622//622 611//611
f 622//622 624//624 611//611
f 613//613 1140//1140 1150//1150
f 627//627 613//613 1150//1150
f 612//612 1151//1151 610//610
f 610//610 632//632 674//674
f 1153//1153 1118//1118 567//567
f 614//614 615//615 599//599
f 615//615 614//614 620//620
f 618//618 616//616 615//615
f 618//618 615//615 620//620
f 1146//1146 617//617 1138//1138
f 617//617 1147//1147 1148//1148
f 617//617 1148//1148 619//619
f 1148//1148 621//621 619//619
f 621//621 1148//1148 1149//1149
f 621//621 1149//1149 639//639
f 635//635 620//620 614//614
f 647//647 622//622 646//646
f 621//621 640//640 622//622
f 640//640 646//646 622//622
f 644//644 634//634 650//650
f 625//625 622//622 623//623
f 622//622 647//647 623//623
f 622//622 625//625 624//624
f 624//624 625//625 626//626
f 1152//1152 624//624 626//626
f 626//626 625//625 623//623
f 628//628 626//626 623//623
f 626//626 628//628 1152//1152
f 610//610 630//630 629//629
f 628//628 623//623 647//647
f 628//628 630//630 1152//1152
f 1152//1152 630//630 1139//1139
f 630//630 631//631 629//629
f 628//628 647//647 630//630
f 631//631 630//630 651//651
f 647//647 651//651 630//630
f 679//679 567//567 674//674
f 1153//1153 653//653 580//580
f 698//698 653//653 1153//1153
f 567//567 698//698 1153//1153
f 527//527 655//655 587//587
f 655//655 527//527 653//653
f 620//620 635//635 636//636
f 639//639 1149//1149 1155//1155
f 635//635 614//614 634//634
f 637//637 634//634 638//638
f 637//637 636//636 635//635
f 635//635 634//634 637//637
f 642//642 1156//1156 1157//1157
f 621//621 639//639 640//640
f 641//641 639//639 1155//1155
f 639//639 1159//1159 640//640
f 640//640 1159//1159 643//643
f 640//640 643//643 646//646
f 641//641 1155//1155 1156//1156
f 642//642 641//641 1156//1156
f 643//643 1159//1159 642//642
f 1165//1165 643//643 642//642
f 1157//1157 1165//1165 642//642
f 645//645 634//634 644//644
f 1162//1162 1158//1158 1154//1154
f 1160//1160 649//649 1163//1163
f 648//648 1165//1165 1157//1157
f 646//646 1166//1166 647//647
f 648//648 1157//1157 1164//1164
f 1167//1167 648//648 1164//1164
f 647//647 1166//1166 1168//1168
f 644//644 650//650 657//657
f 650//650 661//661 657//657
f 658//658 1169//1169 1161//1161
f 647//647 1168//1168 652//652
f 647//647 652//652 651//651
f 1168//1168 1172//1172 652//652
f 664//664 661//661 528//528
f 651//651 681//681 631//631
f 681//681 676//676 631//631
f 567//567 680//680 698//698
f 655//655 653//653 698//698
f 655//655 698//698 699//699
f 654//654 587//587 655//655
f 1119//1119 666//666 586//586
f 586//586 666//666 585//585
f 666//666 1120//1120 585//585
f 658//658 1161//1161 656//656
f 657//657 1170//1170 644//644
f 659//659 1170//1170 657//657
f 682//682 656//656 1173//1173
f 660//660 1171//1171 662//662
f 658//658 656//656 682//682
f 682//682 1173//1173 683//683
f 683//683 1173//1173 1174//1174
f 683//683 1174//1174 1182//1182
f 1175//1175 659//659 657//657
f 684//684 1176//1176 1177//1177
f 663//663 661//661 664//664
f 657//657 661//661 1178//1178
f 1178//1178 661//661 663//663
f 663//663 664//664 665//665
f 1185//1185 1179//1179 663//663
f 685//685 1185//1185 663//663
f 663//663 687//687 685//685
f 663//663 665//665 687//687
f 687//687 665//665 688//688
f 664//664 1190//1190 665//665
f 689//689 1190//1190 664//664
f 692//692 689//689 664//664
f 700//700 583//583 671//671
f 588//588 671//671 583//583
f 588//588 584//584 667//667
f 667//667 713//713 588//588
f 667//667 1120//1120 669//669
f 666//666 669//669 1120//1120
f 654//654 668//668 587//587
f 587//587 668//668 1180//1180
f 668//668 1181//1181 1180//1180
f 668//668 654//654 655//655
f 655//655 735//735 668//668
f 1181//1181 668//668 1230//1230
f 733//733 1181//1181 1230//1230
f 1229//1229 667//667 669//669
f 692//692 670//670 701//701
f 701//701 670//670 700//700
f 705//705 700//700 671//671
f 672//672 709//709 708//708
f 708//708 671//671 588//588
f 672//672 708//708 588//588
f 672//672 588//588 673//673
f 588//588 713//713 673//673
f 731//731 713//713 667//667
f 1142//1142 1141//1141 1143//1143
f 612//612 1144//1144 1151//1151
f 610//610 629//629 632//632
f 674//674 632//632 675//675
f 632//632 629//629 675//675
f 674//674 675//675 679//679
f 679//679 680//680 567//567
f 681//681 651//651 652//652
f 1172//1172 681//681 652//652
f 683//683 1182//1182 1183//1183
f 695//695 676//676 686//686
f 677//677 629//629 631//631
f 631//631 676//676 695//695
f 677//677 631//631 695//695
f 675//675 629//629 677//677
f 677//677 678//678 675//675
f 675//675 678//678 679//679
f 678//678 677//677 695//695
f 678//678 695//695 679//679
f 680//680 679//679 695//695
f 681//681 1172//1172 1184//1184
f 683//683 1183//1183 682//682
f 676//676 1176//1176 684//684
f 676//676 684//684 686//686
f 1186//1186 1187//1187 1188//1188
f 1187//1187 1189//1189 1188//1188
f 686//686 690//690 695//695
f 1188//1188 1189//1189 1193//1193
f 1189//1189 1191//1191 1193//1193
f 1191//1191 1192//1192 1193//1193
f 1193//1193 1192//1192 691//691
f 694//694 691//691 1192//1192
f 695//695 690//690 693//693
f 1194//1194 691//691 1195//1195
f 689//689 692//692 1196//1196
f 691//691 694//694 696//696
f 680//680 695//695 1197//1197
f 1197//1197 697//697 680//680
f 1195//1195 691//691 696//696
f 695//695 693//693 1197//1197
f 1198//1198 696//696 703//703
f 697//697 710//710 680//680
f 699//699 680//680 710//710
f 680//680 699//699 698//698
f 722//722 655//655 720//720
f 720//720 655//655 699//699
f 720//720 699//699 721//721
f 655//655 722//722 735//735
f 1196//1196 692//692 701//701
f 701//701 700//700 702//702
f 696//696 694//694 1199//1199
f 696//696 1199//1199 703//703
f 1200//1200 702//702 1201//1201
f 705//705 702//702 700//700
f 704//704 702//702 705//705
f 706//706 1202//1202 705//705
f 1201//1201 702//702 704//704
f 707//707 1202//1202 706//706
f 1198//1198 703//703 1203//1203
f 1198//1198 1203//1203 1204//1204
f 706//706 705//705 671//671
f 707//707 706//706 671//671
f 671//671 708//708 707//707
f 1198//1198 1204//1204 1210//1210
f 1206//1206 1211//1211 1205//1205
f 711//711 1207//1207 1209//1209
f 1212//1212 1208//1208 1213//1213
f 711//711 1209//1209 718//718
f 699//699 710//710 712//712
f 1212//1212 1213//1213 1214//1214
f 672//672 673//673 714//714
f 714//714 673//673 713//713
f 714//714 709//709 672//672
f 715//715 709//709 714//714
f 713//713 715//715 714//714
f 715//715 713//713 719//719
f 719//719 713//713 717//717
f 718//718 1209//1209 715//715
f 718//718 715//715 719//719
f 724//724 735//735 722//722
f 1213//1213 1215//1215 723//723
f 1218//1218 717//717 725//725
f 717//717 716//716 725//725
f 736//736 725//725 716//716
f 720//720 721//721 722//722
f 699//699 712//712 1221//1221
f 699//699 1221//1221 721//721
f 1214//1214 1213//1213 723//723
f 721//721 1221//1221 726//726
f 722//722 721//721 726//726
f 726//726 1221//1221 729//729
f 1223//1223 1222//1222 730//730
f 1222//1222 1223//1223 1231//1231
f 729//729 1221//1221 1216//1216
f 1225//1225 1217//1217 1219//1219
f 1226//1226 1220//1220 1227//1227
f 1220//1220 1224//1224 1227//1227
f 722//722 728//728 724//724
f 722//722 726//726 727//727
f 722//722 727//727 728//728
f 729//729 727//727 726//726
f 727//727 729//729 1228//1228
f 727//727 1228//1228 728//728
f 724//724 728//728 1228//1228
f 731//731 667//667 732//732
f 732//732 667//667 1229//1229
f 731//731 732//732 734//734
f 732//732 1229//1229 734//734
f 713//713 731//731 717//717
f 731//731 734//734 717//717
f 1231//1231 733//733 1230//1230
f 1229//1229 736//736 734//734
f 716//716 717//717 734//734
f 736//736 716//716 734//734
f 1230//1230 1222//1222 1231//1231
