# Wavafront OBJ file of BodyParts3D
# BodyParts3D, Copyright(C) 2010-2011 The Database Center for Life Science licensed under CC Attribution-Share Alike 2.1 Japan.
vn -0.384691 -0.725577 -0.57057
v 33.9837 -140.461 1452.64
vn -0.339362 -0.921999 0.186416
v 34.1836 -140.633 1453.04
vn -0.178633 -0.919666 0.34972
v 34.3836 -140.558 1453.44
vn -0.855541 -0.00408925 -0.51772
v 33.3508 -139.391 1452.84
vn -0.976992 -0.174736 -0.122288
v 33.2665 -139.391 1453.04
vn -0.813424 -0.564937 -0.138518
v 33.4633 -139.991 1452.64
vn -0.825302 -0.489527 0.281495
v 33.5258 -139.991 1453.44
vn -0.640118 -0.767523 0.0340193
v 33.7344 -140.391 1453.04
vn -0.522981 -0.335956 -0.783342
v 33.6094 -139.991 1452.44
vn -0.699922 0.0735596 -0.710421
v 33.5836 -139.791 1452.48
vn -0.292762 0.0837492 -0.952511
v 33.7806 -139.391 1452.44
vn -0.6279 0.0640571 -0.775653
v 33.5836 -139.391 1452.55
vn -0.600292 -0.697877 -0.390662
v 33.7836 -140.319 1452.64
vn -0.31487 0.100479 -0.943801
v 33.7836 -139.791 1452.36
vn 0.136888 -0.176589 -0.974719
v 33.9837 -139.991 1452.34
vn 0.12194 0.108023 -0.986642
v 33.9837 -139.191 1452.46
vn 0.248162 -0.858819 -0.448158
v 34.1836 -140.391 1452.58
vn -0.88158 -0.313411 0.352973
v 33.3836 -139.391 1453.67
vn -0.473194 -0.774044 0.420647
v 33.9837 -140.295 1453.64
vn -0.966048 -0.0698989 -0.248729
v 33.0352 -137.791 1453.24
vn -0.829874 -0.135161 -0.541332
v 33.2852 -138.391 1452.84
vn -0.707917 -0.139852 -0.692312
v 33.3361 -138.191 1452.64
vn -0.538374 -0.108807 -0.835652
v 33.5836 -138.391 1452.55
vn -0.142757 0.0191804 -0.989572
v 33.7836 -138.391 1452.46
vn 0.61071 0.0662165 -0.789081
v 34.36 -138.391 1452.64
vn -0.976514 -0.120399 0.178676
v 33.0258 -137.791 1453.64
vn -0.867862 0.225931 -0.44246
v 33.1477 -136.991 1452.84
vn -0.851202 0.339042 -0.40063
v 33.1836 -136.8 1453.04
vn -0.490081 0.165713 -0.85578
v 33.3836 -136.991 1452.59
vn 0.337701 0.118945 -0.933708
v 34.0643 -136.991 1452.64
vn -0.989367 0.0852341 -0.117845
v 32.9977 -136.791 1453.64
vn -0.315125 0.3542 -0.880476
v 33.7836 -134.387 1453.24
vn 0.127151 0.288601 -0.948969
v 33.9837 -134.876 1453.04
vn -0.946651 0.133995 -0.293082
v 33.0165 -135.391 1453.84
vn -0.994091 0.0255223 0.105504
v 33.0165 -135.391 1454.24
vn -0.95768 0.247013 -0.147763
v 33.104 -134.391 1454.24
vn -0.963895 0.245569 0.10297
v 33.1633 -134.191 1454.64
vn -0.953502 -0.0178354 0.30086
v 33.3227 -134.791 1455.64
vn -0.707458 0.440056 -0.553041
v 33.5836 -133.791 1453.64
vn -0.0955811 0.550504 -0.829343
v 33.9837 -133.591 1453.58
vn 0.338169 0.411393 -0.846403
v 34.3836 -133.791 1453.57
vn -0.813338 0.538898 -0.21925
v 33.363 -133.791 1454.24
vn -0.770527 0.626132 -0.119364
v 34.3836 -132.081 1455.64
vn -0.831288 0.53532 -0.149643
v 34.3133 -131.791 1456.84
vn -0.94905 0.121161 0.290904
v 34.3883 -132.191 1458.24
vn 0.572196 -0.714316 -0.40292
v 34.5836 -140.474 1453.04
vn 0.577846 -0.812892 -0.0728052
v 34.5836 -140.558 1453.44
vn 0.767976 -0.209187 -0.605354
v 34.9008 -139.991 1453.04
vn 0.762815 -0.577513 -0.290849
v 34.9837 -140.191 1453.36
vn 0.908735 -0.212389 -0.359292
v 35.2571 -139.991 1453.84
vn 0.902809 -0.0310479 -0.428919
v 35.2665 -139.591 1453.64
vn -0.620843 -0.628993 0.467891
v 34.5836 -138.991 1456.08
vn -0.37953 -0.83505 0.398308
v 34.9837 -139.308 1456.04
vn -0.32926 -0.836638 0.43775
v 35.1836 -139.791 1455.37
vn -0.021606 -0.977929 0.207817
v 35.3836 -139.477 1455.84
vn 0.619871 -0.748707 0.234942
v 35.5633 -139.391 1455.64
vn -0.27251 -0.875619 0.398786
v 35.3836 -139.367 1456.44
vn -0.30198 -0.824439 0.478653
v 35.3836 -139.22 1456.64
vn 0.396667 -0.915157 0.0717175
v 35.5836 -139.442 1456.04
vn -0.00827165 -0.915832 0.401476
v 35.5836 -139.264 1456.64
vn 0.799883 -0.573902 -0.175566
v 35.7836 -139.204 1456.04
vn 0.905123 -0.155206 -0.395807
v 35.604 -137.991 1454.24
vn 0.89695 0.00186401 -0.442129
v 35.8883 -138.791 1455.24
vn 0.901788 0.00725719 -0.432117
v 35.804 -138.191 1455.24
vn -0.763733 -0.451225 0.461636
v 34.904 -137.791 1457.84
vn -0.581411 -0.65648 0.480619
v 35.1586 -138.791 1457.04
vn -0.717371 -0.494835 0.490425
v 35.8415 -137.591 1459.64
vn 0.783801 0.0268043 -0.620434
v 35.3227 -136.591 1453.64
vn 0.91071 -0.155682 -0.382584
v 35.5836 -137.191 1454.3
vn -0.862074 -0.223974 0.454602
v 34.9321 -136.791 1458.64
vn 0.529756 0.189124 -0.826795
v 34.5836 -135.391 1453.16
vn -0.452235 0.679994 -0.577141
v 34.5836 -132.191 1454.86
vn -0.0104491 0.630383 -0.776214
v 34.7836 -132.391 1454.61
vn -0.209348 0.723233 -0.658108
v 34.7836 -131.886 1455.04
vn 0.216853 0.602801 -0.767858
v 35.1836 -131.991 1454.96
vn -0.569977 0.760476 -0.311133
v 34.5836 -131.852 1455.24
vn -0.696604 0.707124 -0.121321
v 34.6415 -131.791 1455.64
vn -0.510335 0.820449 -0.257724
v 34.7836 -131.699 1455.44
vn -0.144345 0.835166 -0.530719
v 34.9837 -131.708 1455.24
vn -0.516984 0.761134 -0.391666
v 34.9837 -131.392 1455.84
vn -0.118319 0.777432 -0.617738
v 35.1836 -131.391 1455.72
vn -0.565384 0.614205 -0.550539
v 35.1836 -130.983 1456.24
vn -0.28407 0.639187 -0.714664
v 35.3836 -130.991 1456.13
vn 0.0110242 0.516309 -0.856332
v 35.5836 -130.991 1456.09
vn 0.275472 0.644376 -0.713369
v 35.9837 -131.591 1455.62
vn -0.563633 0.608122 -0.559021
v 35.563 -130.191 1456.64
vn -0.351568 0.491596 -0.796702
v 35.5836 -130.641 1456.24
vn -0.0882856 0.528158 -0.844544
v 35.7836 -130.391 1456.32
vn 0.276945 0.37783 -0.883485
v 35.9837 -130.591 1456.28
vn -0.774981 0.493044 -0.395364
v 35.5836 -129.191 1457.91
vn -0.950819 0.30795 0.0333287
v 35.4821 -129.191 1458.64
vn -0.894902 0.350445 -0.276294
v 36.0258 -127.791 1458.64
vn 0.835542 0.131378 -0.533489
v 36.1836 -138.191 1455.75
vn 0.682036 -0.728334 -0.0659948
v 36.422 -138.791 1457.44
vn 0.146085 -0.946026 0.289298
v 36.3836 -138.68 1458.24
vn 0.895231 -0.228649 -0.382467
v 37.3836 -137.424 1458.04
vn 0.403303 -0.892321 0.202758
v 37.1836 -138.039 1459.84
vn -0.482919 -0.710047 0.512467
v 36.3836 -137.777 1460.04
vn -0.0921285 -0.898167 0.429894
v 36.9837 -137.991 1460.09
vn -0.35466 -0.731654 0.58215
v 37.3836 -137.249 1461.44
vn 0.895735 -0.0854257 -0.436304
v 37.0821 -136.991 1457.64
vn 0.887824 -0.353059 -0.295157
v 37.3836 -136.591 1458.09
vn 0.906433 -0.170025 -0.386615
v 37.4821 -136.191 1457.84
vn -0.666008 -0.483738 0.567831
v 36.3836 -136.991 1460.88
vn 0.892776 -0.151591 -0.42423
v 36.904 -135.391 1456.04
vn 0.901779 -0.186888 -0.389701
v 37.5165 -135.191 1457.44
vn 0.802778 0.198354 -0.562319
v 37.4321 -134.991 1457.44
vn 0.887075 -0.065426 -0.456966
v 37.3836 -132.591 1456.79
vn 0.283282 0.52419 -0.803104
v 36.1836 -131.191 1456.09
vn 0.595542 0.31535 -0.73884
v 36.3918 -131.991 1455.64
vn 0.516573 0.427296 -0.742004
v 36.5836 -131.191 1456.3
vn 0.776426 0.166627 -0.607782
v 37.2915 -131.991 1456.64
vn -0.248165 0.548045 -0.798787
v 36.1836 -129.391 1457.12
vn -0.836161 0.32272 -0.443494
v 36.2102 -127.991 1458.04
vn -0.56244 0.371718 -0.738571
v 36.3836 -127.991 1457.77
vn 0.433864 0.340812 -0.834032
v 36.7836 -129.191 1457.33
vn 0.0994713 0.292371 -0.951118
v 36.7836 -128.191 1457.59
vn -0.74753 0.394166 -0.534632
v 36.2946 -127.591 1458.04
vn -0.348933 0.457502 -0.817886
v 36.7836 -127.591 1457.75
vn 0.555236 0.17472 -0.813134
v 37.3836 -126.791 1458.19
vn -0.873437 0.381208 -0.302965
v 36.3446 -126.591 1459.24
vn -0.531539 0.442292 -0.722388
v 36.9837 -126.012 1458.84
vn -0.973973 0.224356 0.0322498
v 36.3227 -126.191 1460.04
vn -0.91401 0.297257 -0.276087
v 36.4821 -125.591 1459.84
vn -0.833668 0.459395 -0.30652
v 36.6446 -125.191 1459.84
vn -0.748408 0.43628 -0.499545
v 36.8602 -125.191 1459.24
vn -0.707833 0.545724 -0.448506
v 37.129 -124.791 1459.44
vn 0.0190066 0.395347 -0.918335
v 37.3836 -125.991 1458.71
vn -0.317224 0.496682 -0.807883
v 37.3836 -124.791 1459.12
vn -0.971805 0.104115 0.211553
v 37.1836 -125.991 1463.2
vn -0.599942 0.576754 -0.554458
v 37.3836 -123.907 1459.84
vn -0.980299 0.180551 0.0800914
v 37.2165 -122.991 1462.44
vn -0.893461 0.396343 -0.211281
v 37.3836 -122.395 1462.24
vn -0.958376 0.238396 -0.157109
v 37.6321 -121.391 1462.64
vn 0.825226 -0.534319 -0.183043
v 37.8602 -137.591 1459.44
vn 0.109289 -0.884701 0.453166
v 37.9837 -137.102 1461.84
vn 0.555215 -0.809522 0.190818
v 38.5836 -136.808 1461.84
vn 0.917213 -0.0894366 -0.388228
v 38.379 -134.791 1459.64
vn 0.85336 0.197833 -0.482326
v 38.3836 -135.191 1459.5
vn 0.919497 -0.0827973 -0.384279
v 38.3836 -134.362 1459.24
vn 0.868369 0.166869 -0.467001
v 38.879 -134.591 1460.84
vn -0.642996 -0.515196 0.566683
v 38.4477 -134.191 1465.44
vn -0.277969 -0.761806 0.585137
v 38.9837 -134.991 1464.98
vn 0.921379 -0.200479 -0.332969
v 38.4477 -133.591 1459.24
vn 0.820358 0.204721 -0.53395
v 38.2655 -132.191 1458.44
vn 0.913721 -0.155435 -0.375438
v 39.2321 -131.591 1460.04
vn -0.863177 -0.239714 0.444367
v 37.8821 -132.391 1465.64
vn 0.750094 0.238557 -0.616806
v 37.9165 -130.191 1458.04
vn 0.903144 -0.282325 -0.323456
v 39.2227 -130.791 1460.44
vn 0.905977 -0.0709938 -0.417331
v 39.2602 -130.591 1460.24
vn 0.946376 -0.104292 -0.305771
v 39.0258 -127.791 1460.44
vn 0.318276 0.373397 -0.871364
v 37.7836 -124.791 1459.16
vn 0.531602 0.234825 -0.813791
v 38.1836 -125.412 1459.24
vn 0.627382 0.246426 -0.738692
v 38.3836 -124.591 1459.57
vn 0.882153 0.0170138 -0.470655
v 39.1836 -125.991 1460.2
vn -0.953174 0.00795522 0.302317
v 38.8352 -125.591 1470.04
vn 0.460892 0.450479 -0.764622
v 38.7836 -122.991 1460.63
vn 0.856948 0.141974 -0.495463
v 39.3383 -123.791 1460.84
vn -0.964114 0.0752794 0.254591
v 38.5602 -124.191 1468.64
vn -0.642445 0.580789 -0.499949
v 37.7836 -122.602 1461.04
vn -0.643015 0.464862 -0.608634
v 38.1461 -121.791 1461.44
vn -0.304404 0.602257 -0.737987
v 38.1836 -122.191 1461.13
vn 0.0839931 0.624713 -0.776324
v 38.3836 -122.591 1460.71
vn 0.0827513 0.529429 -0.844308
v 38.3836 -122.191 1461.11
vn -0.200831 0.42033 -0.884867
v 38.3836 -121.791 1461.3
vn 0.219211 0.301584 -0.927897
v 38.5836 -121.791 1461.31
vn 0.193713 0.339636 -0.920393
v 38.5836 -121.591 1461.35
vn 0.530244 0.24255 -0.81241
v 38.7836 -121.791 1461.39
vn 0.428472 0.495331 -0.755684
v 38.9837 -122.191 1461.31
vn 0.701245 0.434042 -0.565565
v 39.1696 -121.991 1461.64
vn 0.799257 -0.123203 -0.588226
v 39.1836 -121.591 1461.75
vn 0.905567 0.132944 -0.402834
v 39.3102 -121.591 1462.04
vn -0.419373 0.429491 -0.79979
v 38.3836 -119.947 1462.24
vn 0.488081 0.330488 -0.807808
v 39.1836 -119.747 1462.44
vn -0.97942 0.0699826 0.18931
v 38.0133 -120.791 1467.44
vn 0.294839 0.441514 -0.847429
v 38.9837 -118.391 1462.92
vn -0.994616 0.0319347 0.0985853
v 37.8477 -118.991 1464.44
vn -0.981749 -0.00516101 0.19011
v 38.7633 -118.591 1469.64
vn -0.916462 0.277604 -0.288154
v 37.9977 -117.391 1464.44
vn -0.784672 0.350029 -0.511634
v 38.5836 -116.954 1463.84
vn -0.079945 0.546775 -0.833454
v 38.7836 -116.991 1463.75
vn 0.436768 0.503621 -0.745386
v 39.1836 -117.008 1463.84
vn -0.937289 0.347129 -0.0314637
v 38.0602 -116.991 1465.04
vn -0.539812 0.728528 -0.421723
v 38.5836 -116.139 1464.44
vn 0.250248 0.688326 -0.680869
v 38.9837 -116.191 1464.36
vn -0.0473788 0.908543 -0.415095
v 38.9837 -115.991 1464.66
vn -0.739702 0.667517 -0.0852151
v 38.5836 -116.18 1465.04
vn -0.50061 0.853318 -0.14573
v 38.7836 -115.999 1464.84
vn -0.377743 0.872197 -0.310776
v 38.9837 -115.764 1465.24
vn -0.923999 0.382358 -0.00529619
v 38.5446 -115.591 1467.44
vn -0.668448 0.716578 -0.199232
v 38.7727 -115.191 1467.24
vn -0.495299 0.833557 -0.244666
v 39.1679 -115.191 1466.44
vn -0.983451 0.107343 0.14595
v 38.6915 -115.591 1470.24
vn -0.978752 0.099895 0.179068
v 39.0258 -115.191 1471.64
vn -0.372559 0.892223 -0.255223
v 39.1836 -114.661 1468.24
vn 0.920388 -0.225304 -0.319568
v 39.6415 -135.391 1462.24
vn 0.895547 -0.0280457 -0.444082
v 39.6165 -134.391 1462.04
vn 0.146962 -0.878054 0.455438
v 39.3836 -135.27 1464.64
vn 0.799407 -0.59989 -0.0328567
v 39.8446 -135.391 1463.24
vn 0.56128 -0.799075 0.215509
v 39.9837 -135.08 1464.44
vn 0.906988 -0.0418269 -0.419075
v 39.5836 -133.791 1462.16
vn -0.301414 -0.789505 0.534633
v 40.5836 -132.555 1469.24
vn 0.946075 -0.161581 -0.280772
v 40.1383 -131.391 1463.44
vn 0.912995 0.0888141 -0.398186
v 40.679 -131.391 1464.84
vn 0.778574 0.369476 -0.507257
v 39.4415 -130.791 1461.04
vn 0.919063 -0.065686 -0.388599
v 40.2883 -130.191 1462.84
vn 0.923224 -0.28211 -0.260906
v 40.6758 -130.391 1463.84
vn 0.930539 -0.155584 -0.331498
v 40.8196 -129.791 1464.04
vn 0.926739 -0.216149 -0.307301
v 40.8227 -129.391 1463.64
vn -0.652578 -0.595755 0.468208
v 40.5836 -130.174 1472.24
vn 0.887848 0.10618 -0.447718
v 39.4727 -128.791 1461.24
vn 0.889641 0.114049 -0.442189
v 40.2821 -128.391 1462.84
vn 0.880726 0.188891 -0.434329
v 40.5977 -127.791 1463.64
vn -0.869272 -0.297929 0.394468
v 40.054 -129.191 1472.44
vn 0.953847 -0.0545011 -0.295307
v 39.5321 -126.391 1461.24
vn 0.923171 -0.36445 -0.122197
v 39.6602 -126.391 1461.84
vn 0.936932 -0.290264 -0.194692
v 39.679 -126.391 1462.24
vn 0.909922 0.0929453 -0.40423
v 40.1196 -126.191 1463.44
vn 0.92713 0.173557 -0.332128
v 39.7633 -125.791 1462.24
vn 0.95791 -0.131754 -0.255048
v 39.929 -125.991 1462.44
vn 0.946014 -0.0811903 -0.313791
v 40.3602 -125.791 1464.04
vn 0.953438 -0.116968 -0.277982
v 40.3477 -124.791 1464.24
vn 0.924307 0.14575 -0.352722
v 40.9821 -124.791 1466.04
vn 0.920384 -0.128048 -0.369454
v 40.9602 -124.591 1466.04
vn 0.949662 -0.0348404 -0.311333
v 40.6321 -122.991 1463.84
vn 0.929968 0.0493487 -0.364313
v 40.9102 -124.391 1465.84
vn 0.782758 -0.617274 -0.0791347
v 40.8446 -124.191 1465.64
vn 0.870897 0.354804 -0.340078
v 40.9102 -124.191 1466.04
vn 0.943094 -0.304105 -0.134513
v 40.9821 -123.991 1465.44
vn 0.975313 -0.120781 -0.18487
v 40.8602 -122.991 1465.24
vn -0.961062 -0.00478066 0.27629
v 40.4133 -123.191 1474.44
vn 0.722372 0.329487 -0.607962
v 39.3836 -122.391 1461.45
vn 0.752883 -0.566465 -0.335088
v 39.56 -121.391 1462.24
vn 0.573334 0.680124 -0.456858
v 39.9095 -121.591 1463.04
vn 0.900911 0.188793 -0.390789
v 40.0852 -122.391 1463.04
vn 0.941803 -0.0496707 -0.332475
v 40.0883 -121.991 1463.04
vn 0.825049 0.339179 -0.451942
v 40.1302 -121.791 1463.04
vn 0.876067 0.197481 -0.439896
v 39.8182 -121.391 1463.24
vn 0.950094 -0.0401559 -0.309368
v 40.5821 -121.591 1464.64
vn 0.893601 0.233595 -0.38329
v 40.7836 -122.191 1464.45
vn 0.894446 0.268376 -0.357688
v 40.6883 -121.791 1464.84
vn 0.671151 0.11787 -0.73189
v 39.3836 -121.191 1461.91
vn 0.734951 0.360089 -0.574616
v 39.4312 -120.191 1462.44
vn 0.845975 -0.00410918 -0.533207
v 39.3836 -119.791 1462.64
vn 0.80705 0.371474 -0.458996
v 39.5836 -119.791 1463.09
vn 0.718395 -0.35844 -0.596179
v 39.8258 -121.191 1462.44
vn 0.758054 0.338373 -0.557546
v 39.7836 -120.791 1462.49
vn 0.588718 -0.806891 0.0483632
v 39.9837 -121.084 1462.84
vn 0.879699 0.160477 -0.447634
v 40.0321 -120.791 1462.84
vn 0.885366 0.0960948 -0.454855
v 39.7836 -121.191 1463.29
vn 0.605019 -0.791072 0.0903128
v 39.9837 -121.008 1463.24
vn 0.768154 0.421183 -0.482228
v 40.0352 -119.991 1463.64
vn 0.928805 -0.181204 -0.323245
v 40.1836 -121.012 1464.04
vn 0.861188 -0.485072 -0.151856
v 40.3836 -120.606 1464.24
vn 0.819228 -0.572654 0.0305246
v 40.5602 -120.391 1464.24
vn 0.883096 -0.462871 -0.0767576
v 40.5321 -120.391 1464.64
vn 0.947711 -0.282689 -0.148092
v 40.5836 -120.294 1464.64
vn 0.770261 0.490357 -0.407737
v 40.7509 -120.791 1465.04
vn 0.876007 -0.456889 -0.154479
v 40.654 -120.391 1465.24
vn 0.875053 0.337341 -0.347108
v 40.7836 -120.391 1465.78
vn 0.739254 0.537157 -0.40616
v 40.942 -120.391 1466.04
vn 0.903165 0.227377 -0.364131
v 40.8571 -120.191 1466.04
vn 0.942775 0.131659 -0.306334
v 40.954 -119.991 1465.64
vn 0.773542 -0.0616768 -0.630736
v 39.5836 -119.527 1462.84
vn 0.856871 -0.409609 -0.313038
v 39.654 -119.591 1463.04
vn 0.757791 0.230541 -0.610413
v 39.6202 -118.991 1463.04
vn 0.826322 -0.49885 -0.261419
v 39.7836 -119.391 1463.08
vn 0.86086 -0.46874 -0.197996
v 39.7352 -119.591 1463.44
vn 0.832469 0.287044 -0.473922
v 39.9383 -118.391 1463.64
vn 0.7453 0.520049 -0.417226
v 40.3836 -119.191 1464.98
vn 0.869968 -0.458973 -0.180278
v 40.4508 -118.991 1464.84
vn 0.972538 0.122293 -0.198024
v 40.4883 -118.391 1465.64
vn 0.962992 -0.125462 -0.23855
v 40.454 -118.191 1465.24
vn 0.886476 0.287151 -0.362911
v 40.6102 -119.591 1464.84
vn 0.883519 0.376546 -0.27858
v 40.7352 -118.991 1466.04
vn 0.977906 0.0782237 -0.193856
v 40.6477 -118.791 1465.84
vn 0.838948 0.464427 -0.283679
v 40.5401 -117.391 1466.24
vn 0.851015 0.4044 -0.335013
v 40.429 -116.591 1466.84
vn 0.839474 -0.531242 -0.114299
v 40.8977 -117.791 1466.64
vn 0.902389 0.354817 -0.244538
v 40.7836 -116.591 1468.67
vn 0.706623 0.440719 -0.55358
v 39.5477 -116.391 1464.64
vn 0.324307 0.812356 -0.484667
v 39.3836 -115.877 1465.04
vn 0.944192 0.173045 -0.280282
v 40.0769 -115.991 1466.04
vn 0.644003 0.630983 -0.432574
v 40.0175 -115.791 1465.84
vn -0.0329598 0.929574 -0.36716
v 39.3836 -114.858 1467.44
vn 0.527117 -0.831455 0.175587
v 40.1258 -115.791 1466.84
vn 0.785007 0.544565 -0.295319
v 40.1612 -115.591 1466.44
vn 0.480136 0.799461 -0.361014
v 39.9837 -115.314 1466.64
vn 0.9232 -0.0976597 -0.371704
v 40.2591 -115.791 1466.44
vn 0.910831 0.26431 -0.31706
v 40.1836 -115.791 1467.33
vn 0.796621 0.54736 -0.256499
v 40.2165 -115.591 1466.64
vn 0.973852 -0.164953 -0.156211
v 40.3446 -115.191 1467.84
vn 0.522473 0.76244 -0.381715
v 40.1836 -114.83 1468.04
vn 0.915742 0.111302 -0.386041
v 40.4383 -115.391 1468.04
vn 0.776519 0.486214 -0.400766
v 40.5836 -115.391 1468.37
vn 0.712194 -0.526045 -0.464819
v 40.5883 -115.191 1468.04
vn 0.767183 -0.628601 -0.127638
v 40.7602 -115.191 1468.44
vn 0.731899 -0.676691 0.0800794
v 40.7383 -115.191 1468.64
vn 0.852859 0.443687 -0.275269
v 40.679 -114.991 1468.44
vn 0.612358 0.65965 -0.435751
v 40.7836 -115.591 1468.39
vn 0.523948 0.753786 -0.396592
v 40.7836 -115.391 1468.87
vn 0.607644 0.695384 -0.38368
v 40.951 -115.391 1469.04
vn 0.972525 -0.0486385 -0.227661
v 40.7836 -115.223 1469.04
vn 0.950185 0.112481 -0.290682
v 40.8758 -114.991 1469.24
vn -0.963453 -0.0710885 0.258274
v 40.0633 -116.191 1475.84
vn -0.193933 0.956251 -0.21903
v 39.3836 -114.549 1468.44
vn -0.113233 0.96405 -0.240386
v 39.5836 -114.52 1468.24
vn 0.283111 0.89472 -0.345434
v 39.7836 -114.591 1468.12
vn 0.244034 0.927194 -0.284181
v 39.7836 -114.467 1468.64
vn 0.533303 0.783844 -0.318083
v 40.7836 -114.7 1469.24
vn 0.0127623 0.929909 -0.367568
v 40.1836 -113.591 1470.96
vn 0.531261 0.775761 -0.340524
v 40.7836 -114.47 1469.84
vn -0.827377 0.560021 -0.0427094
v 39.4821 -113.591 1472.04
vn -0.416812 0.860762 -0.292158
v 39.7836 -113.542 1471.24
vn -0.573583 0.794949 -0.197632
v 39.7836 -113.283 1472.04
vn -0.945244 0.316307 0.0803974
v 39.4321 -113.791 1472.84
vn -0.347389 0.886476 -0.305748
v 40.1836 -113.089 1472.04
vn -0.638371 0.765712 -0.0785305
v 40.5836 -112.252 1474.64
vn -0.959504 0.21153 0.186028
v 40.2196 -112.791 1476.64
vn -0.800584 0.596573 0.0562654
v 40.3883 -112.391 1476.64
vn 0.900117 0.0713884 -0.429759
v 41.0446 -132.591 1465.24
vn 0.43188 -0.845919 0.312889
v 40.9837 -133.577 1467.44
vn 0.800573 -0.598785 0.0232082
v 41.5258 -133.191 1467.24
vn 0.110629 -0.900496 0.420557
v 41.1836 -132.658 1469.24
vn 0.545708 -0.806382 0.227927
v 41.7836 -132.433 1469.24
vn 0.866428 0.219502 -0.448466
v 42.0446 -131.991 1467.24
vn 0.828347 -0.560056 -0.01336
v 42.0165 -132.391 1468.24
vn 0.913418 0.139544 -0.382354
v 42.0227 -130.991 1468.04
vn 0.947415 0.123838 -0.295073
v 42.554 -131.191 1468.84
vn 0.456473 -0.857886 0.23593
v 42.1836 -131.861 1470.84
vn -0.0116503 -0.888423 0.458878
v 41.9837 -131.624 1471.44
vn -0.25617 -0.84328 0.472498
v 41.9837 -131.158 1472.24
vn 0.953932 -0.107682 -0.280033
v 41.2446 -129.591 1465.84
vn 0.823318 0.34115 -0.453612
v 40.9837 -128.436 1464.44
vn 0.888009 0.193624 -0.417074
v 41.2383 -128.591 1464.64
vn 0.857926 0.270833 -0.436593
v 41.3227 -127.791 1465.64
vn 0.950002 -0.248858 -0.188589
v 41.4446 -128.991 1465.64
vn -0.577943 -0.728821 0.367153
v 41.7659 -129.191 1475.64
vn -0.833355 -0.421488 0.357587
v 41.4852 -128.391 1476.44
vn 0.90831 0.163268 -0.385119
v 41.5696 -127.391 1465.84
vn 0.909081 0.168498 -0.381024
v 41.9165 -127.591 1466.84
vn 0.91605 0.141639 -0.375221
v 41.8633 -127.191 1466.84
vn 0.924975 -0.205737 -0.31952
v 41.0352 -124.591 1466.24
vn 0.903414 0.207077 -0.375448
v 41.8821 -125.191 1467.84
vn 0.929764 -0.0325508 -0.366713
v 42.3133 -124.791 1469.04
vn 0.845177 -0.4146 -0.337317
v 41.1477 -124.391 1466.24
vn 0.880116 0.330421 -0.340908
v 41.0821 -124.191 1466.44
vn 0.962615 0.00582772 -0.270812
v 41.0383 -123.991 1466.44
vn 0.956454 -0.0292907 -0.290411
v 41.2883 -124.391 1466.84
vn 0.901314 -0.40605 -0.150854
v 41.1069 -122.591 1465.64
vn 0.886718 -0.308772 -0.34408
v 41.479 -122.191 1466.24
vn 0.967433 -0.0416441 -0.249678
v 41.7133 -122.591 1467.84
vn 0.867217 0.38401 -0.316972
v 41.7196 -121.591 1467.44
vn 0.885546 -0.458438 -0.0751177
v 41.6987 -121.791 1468.04
vn 0.942591 -0.0189986 -0.333409
v 41.9821 -122.191 1469.04
vn 0.943979 -0.0274188 -0.328865
v 41.8727 -121.791 1468.84
vn 0.927384 0.209725 -0.309797
v 41.3321 -119.791 1467.64
vn 0.948959 -0.0912039 -0.301925
v 41.4165 -120.391 1466.84
vn 0.955538 -0.169267 -0.241447
v 41.954 -120.591 1469.24
vn 0.960463 -0.0354608 -0.276139
v 42.0727 -121.191 1469.04
vn 0.918008 0.248926 -0.308701
v 42.029 -120.791 1469.44
vn 0.91683 0.266928 -0.296938
v 42.3071 -120.191 1470.04
vn 0.86692 0.38842 -0.312378
v 40.9915 -119.191 1466.24
vn 0.965874 -0.167555 -0.197517
v 41.304 -119.591 1467.24
vn 0.877786 0.365208 -0.310025
v 41.329 -118.591 1468.24
vn 0.957408 0.0789866 -0.277724
v 42.2165 -118.591 1470.84
vn 0.939242 0.197514 -0.280737
v 42.4852 -118.791 1471.84
vn 0.979105 -0.105047 -0.17412
v 42.4415 -118.391 1471.64
vn 0.958181 0.0995077 -0.268305
v 42.3836 -118.175 1471.24
vn 0.965909 0.0432948 -0.255237
v 41.5321 -117.391 1469.44
vn 0.786258 0.548027 -0.285421
v 41.1508 -116.591 1469.84
vn 0.808821 0.518062 -0.278247
v 41.5243 -116.791 1470.24
vn -0.972474 -0.053104 0.226881
v 41.0633 -116.791 1479.64
vn -0.969889 -0.0687776 0.233632
v 41.954 -116.591 1483.04
vn 0.583161 0.726744 -0.362996
v 41.0187 -115.591 1468.64
vn 0.805427 0.511732 -0.299027
v 41.129 -115.391 1469.44
vn 0.832312 0.413343 -0.369329
v 40.9837 -115.191 1469.46
vn 0.97054 -0.0869466 -0.224704
v 41.5836 -115.591 1470.79
vn 0.933812 0.204662 -0.293444
v 41.6633 -116.191 1471.84
vn 0.965937 -0.105999 -0.236071
v 41.9415 -115.591 1472.84
vn 0.943326 0.132354 -0.304332
v 42.4415 -115.191 1474.44
vn 0.823142 0.453214 -0.342104
v 41.1836 -114.568 1470.44
vn 0.861026 0.379716 -0.338304
v 41.829 -113.991 1472.64
vn -0.975918 0.0313645 0.215869
v 41.9352 -114.791 1482.84
vn -0.970765 0.0774722 0.227187
v 42.1477 -113.591 1483.64
vn 0.579954 0.713702 -0.39279
v 41.1503 -113.191 1472.64
vn 0.218076 0.919636 -0.326669
v 41.3836 -112.492 1474.24
vn 0.114373 0.958814 -0.25999
v 41.9837 -111.88 1476.44
vn 0.545168 0.783433 -0.298369
v 42.3836 -111.855 1476.84
vn -0.967747 0.0123303 0.25162
v 41.454 -112.591 1481.44
vn -0.97197 -0.00980004 0.234902
v 42.5508 -112.991 1485.04
vn -0.965738 -0.0611006 0.252225
v 42.4196 -111.791 1485.24
vn -0.2751 0.953427 -0.123684
v 41.3836 -111.57 1477.64
vn 0.123844 0.967092 -0.222251
v 41.6194 -111.591 1477.64
vn -0.650594 0.757918 0.047828
v 41.5836 -111.434 1479.64
vn -0.487026 0.873271 0.0142653
v 41.9837 -111.167 1480.24
vn 0.154765 0.977007 -0.146649
v 42.1836 -111.124 1480.04
vn -0.816436 0.562068 0.132333
v 41.6821 -111.591 1481.64
vn -0.282199 0.958473 -0.0411522
v 42.3836 -111.024 1482.04
vn -0.947299 0.258771 0.188845
v 42.479 -111.391 1485.44
vn -0.795891 0.596451 0.10394
v 42.4571 -111.191 1484.64
vn 0.982776 -0.0336953 -0.181703
v 43.154 -130.991 1471.24
vn 0.729958 -0.668359 0.143029
v 43.0477 -130.991 1471.84
vn 0.954455 -0.166797 -0.247374
v 42.7071 -129.791 1469.64
vn 0.955333 0.0884761 -0.281978
v 42.7836 -130.191 1470.48
vn 0.986441 0.0351024 -0.160318
v 43.1321 -130.791 1471.24
vn 0.966405 -0.257007 0.00286471
v 43.1633 -130.791 1471.64
vn 0.972486 -0.0347244 -0.230359
v 43.1727 -129.591 1472.24
vn 0.974938 0.0458165 -0.217707
v 43.1837 -130.116 1471.84
vn 0.331571 -0.880555 0.33865
v 42.9837 -130.777 1472.84
vn 0.856216 -0.515615 0.0321746
v 43.3836 -130.402 1473.24
vn 0.970125 -0.147258 -0.192799
v 43.4696 -130.191 1473.24
vn -0.37487 -0.868448 0.324453
v 42.7836 -129.736 1475.64
vn 0.524325 -0.816799 0.240673
v 43.3836 -129.991 1474.49
vn 0.845562 -0.509316 -0.160068
v 43.6574 -128.991 1473.44
vn 0.92728 0.151714 -0.342249
v 43.879 -128.591 1473.24
vn 0.921955 -0.36425 -0.13161
v 44.0383 -129.191 1475.24
vn 0.947539 -0.140624 -0.287044
v 42.8602 -124.791 1470.64
vn 0.959935 0.119488 -0.253469
v 43.1383 -125.191 1470.84
vn 0.848995 0.439408 -0.293475
v 42.9837 -124.991 1470.78
vn 0.939364 -0.183762 -0.28953
v 42.9837 -124.603 1470.64
vn 0.940763 -0.294983 -0.167185
v 43.1508 -124.591 1471.44
vn 0.937703 0.252211 -0.238962
v 43.2321 -124.791 1472.04
vn 0.96591 -0.179961 -0.186098
v 43.2415 -124.591 1472.24
vn 0.902137 0.323508 -0.285468
v 43.4915 -124.591 1473.24
vn 0.971594 -0.0284482 -0.234937
v 43.7008 -125.391 1474.04
vn 0.952869 0.12626 -0.275861
v 43.6508 -124.791 1473.44
vn -0.947207 -0.17057 0.271486
v 42.679 -124.991 1483.44
vn 0.921266 0.157988 -0.3554
v 42.8102 -123.591 1470.84
vn 0.951501 0.123032 -0.281975
v 43.2758 -123.391 1472.64
vn 0.973757 -0.0411203 -0.223847
v 43.3836 -124.191 1472.08
vn 0.963521 0.116554 -0.240918
v 43.8196 -124.391 1474.24
vn 0.854809 -0.509552 -0.0982762
v 42.5836 -119.991 1471.98
vn -0.971601 -0.135628 0.193896
v 43.0133 -120.191 1486.24
vn 0.951076 -0.258724 -0.168867
v 42.9508 -119.591 1472.64
vn 0.89302 0.31763 -0.318789
v 42.9446 -118.791 1472.84
vn 0.849261 0.398251 -0.346628
v 42.854 -118.391 1473.24
vn 0.962101 -0.133626 -0.237711
v 43.3836 -119.584 1475.84
vn 0.963601 0.00110696 -0.267342
v 43.4477 -118.391 1474.84
vn 0.953006 -0.108666 -0.282792
v 43.8477 -118.991 1476.84
vn -0.978233 -0.0925668 0.185717
v 42.604 -118.591 1486.04
vn -0.955181 -0.134345 0.26378
v 44.0571 -118.191 1493.24
vn 0.986266 -0.0638168 -0.152338
v 43.1165 -117.591 1474.24
vn 0.881784 0.32557 -0.341263
v 43.0008 -117.191 1474.24
vn 0.967156 0.0728424 -0.243524
v 43.0758 -117.791 1474.44
vn 0.974903 -0.210744 -0.0717755
v 43.0946 -117.591 1474.44
vn 0.944356 -0.324626 -0.0530142
v 43.1633 -117.391 1474.44
vn 0.931647 0.15858 -0.326933
v 43.9837 -116.791 1477.18
vn -0.982097 -0.0408109 0.1839
v 42.879 -116.791 1488.64
vn 0.881486 0.321016 -0.346311
v 42.9837 -115.557 1475.24
vn 0.897849 0.286915 -0.333985
v 43.9696 -115.791 1478.04
vn 0.888657 0.307075 -0.340579
v 44.0352 -115.991 1478.04
vn 0.934274 0.184036 -0.305389
v 42.6258 -113.791 1475.04
vn 0.960397 0.0661321 -0.270674
v 42.7836 -114.191 1475.36
vn 0.961912 -0.234309 -0.140801
v 42.8727 -114.191 1476.04
vn 0.964966 -0.203772 -0.165279
v 42.9837 -114.191 1476.73
vn 0.970307 -0.122189 -0.208745
v 43.0477 -113.791 1476.44
vn 0.951553 -0.270926 -0.145416
v 43.1665 -113.791 1477.04
vn 0.943648 -0.31413 -0.104164
v 43.3836 -113.426 1478.04
vn 0.947286 -0.110803 -0.300619
v 43.5836 -114.191 1478.51
vn 0.881283 -0.364447 -0.300865
v 43.6415 -113.991 1478.44
vn 0.882212 0.241569 -0.404162
v 43.5836 -113.591 1478.42
vn 0.915697 -0.325214 -0.236081
v 43.7836 -113.791 1478.61
vn 0.916451 0.25086 -0.311747
v 44.0977 -114.391 1479.84
vn 0.962904 -0.118175 -0.242593
v 44.0602 -113.591 1479.84
vn -0.98504 0.0649406 0.159624
v 42.9227 -114.191 1488.64
vn 0.941045 0.167923 -0.29366
v 43.5836 -112.991 1478.54
vn 0.800317 0.565024 -0.200601
v 43.379 -111.791 1480.04
vn 0.797985 0.546454 -0.25418
v 43.7633 -112.391 1479.84
vn 0.943244 0.142396 -0.300024
v 44.1571 -113.191 1480.04
vn 0.804021 0.529865 -0.269802
v 43.7821 -111.791 1481.64
vn -0.962856 0.231551 0.138895
v 43.329 -113.191 1489.24
vn -0.964312 -0.0260486 0.263485
v 44.079 -112.591 1495.44
vn 0.607714 0.776831 -0.164975
v 43.1503 -111.591 1479.64
vn 0.318343 0.929924 -0.184117
v 42.9837 -111.52 1479.64
vn 0.581648 0.790039 -0.193709
v 43.1837 -111.567 1480.04
vn 0.568931 0.775498 -0.273716
v 43.5836 -111.191 1481.83
vn -0.688178 0.724142 0.0450515
v 43.3836 -110.339 1485.44
vn -0.851517 0.514412 0.101483
v 43.7836 -110.184 1490.24
vn -0.97315 0.113235 0.200391
v 43.6696 -110.591 1490.44
vn 0.895878 -0.411171 -0.168347
v 44.2321 -128.791 1475.64
vn 0.711773 -0.699133 -0.067765
v 44.3527 -128.591 1475.44
vn 0.656672 -0.74943 -0.0844784
v 44.6196 -128.391 1475.44
vn 0.725967 -0.687357 -0.0226554
v 44.2633 -128.991 1476.24
vn 0.821682 -0.554348 -0.132427
v 44.3836 -128.591 1476.06
vn 0.830873 -0.540787 -0.131148
v 44.9986 -128.191 1477.24
vn 0.832988 -0.539619 -0.122235
v 45.0946 -128.391 1478.44
vn 0.707368 -0.704421 -0.0584966
v 44.9837 -128.586 1479.64
vn -0.479475 -0.819768 0.313184
v 44.5836 -128.049 1483.64
vn 0.934006 0.175931 -0.310937
v 44.2321 -127.591 1474.64
vn -0.707541 -0.616648 0.345153
v 44.2614 -127.391 1484.44
vn -0.71073 -0.613699 0.343855
v 45.5477 -126.391 1488.44
vn 0.945248 -0.192497 -0.263534
v 45.3165 -124.591 1480.04
vn 0.954626 0.0264606 -0.29663
v 45.6258 -125.191 1481.84
vn 0.927811 -0.273453 -0.253753
v 45.704 -124.791 1481.44
vn 0.937479 0.168824 -0.304354
v 45.129 -122.991 1478.64
vn 0.924284 0.22452 -0.308691
v 45.5836 -121.991 1481.32
vn 0.939117 0.122833 -0.320893
v 45.4227 -120.191 1481.24
vn -0.877854 -0.307294 0.367347
v 45.0508 -121.191 1494.24
vn 0.966071 -0.0200811 -0.257495
v 45.2196 -118.391 1481.84
vn 0.910145 0.237772 -0.339265
v 44.6321 -116.991 1478.64
vn 0.965681 0.00881147 -0.259582
v 45.3133 -116.791 1481.04
vn 0.964026 0.0504809 -0.260969
v 45.5258 -116.591 1482.04
vn 0.906901 0.257035 -0.333861
v 44.6477 -116.191 1479.44
vn 0.914578 0.255475 -0.313494
v 44.8633 -115.791 1480.24
vn 0.898783 0.298948 -0.320655
v 45.6977 -115.591 1483.04
vn -0.943316 -0.142805 0.299602
v 44.254 -113.591 1495.04
vn 0.962356 0.0575696 -0.265625
v 45.1508 -112.591 1483.84
vn 0.834259 0.458589 -0.306116
v 45.2352 -111.991 1484.64
vn -0.912456 0.390153 0.123309
v 44.8633 -109.391 1496.24
vn -0.928086 0.248578 0.277245
v 45.6352 -109.191 1499.44
vn 0.965128 -0.0420783 -0.258375
v 45.8571 -127.191 1480.44
vn -0.400241 -0.878024 0.262453
v 46.3836 -127.483 1487.44
vn -0.564754 -0.771123 0.293978
v 46.5836 -127.136 1489.04
vn 0.830395 0.433943 -0.349483
v 46.3602 -125.191 1483.64
vn 0.936305 -0.0811066 -0.341694
v 47.029 -124.791 1485.84
vn 0.921767 -0.2784 -0.269886
v 45.8571 -123.991 1481.04
vn 0.933049 -0.246615 -0.261917
v 46.2977 -124.391 1483.64
vn 0.944299 0.018089 -0.328591
v 46.8571 -123.191 1483.84
vn 0.909423 -0.274864 -0.31209
v 47.1837 -123.991 1486.05
vn -0.786573 -0.496735 0.36682
v 46.1837 -123.791 1493.86
vn 0.932203 0.0234786 -0.361174
v 47.2383 -119.191 1486.84
vn 0.917776 0.144949 -0.369698
v 46.4821 -117.791 1486.04
vn -0.886248 -0.204064 0.415839
v 46.4852 -117.791 1499.24
vn 0.898867 0.291333 -0.327359
v 46.2852 -112.391 1488.24
vn 0.958602 0.0797306 -0.273359
v 46.5165 -111.991 1489.04
vn 0.861311 0.397874 -0.315974
v 47.354 -113.191 1489.64
vn 0.815 0.482914 -0.320265
v 47.2477 -112.791 1489.84
vn 0.917378 0.226036 -0.327605
v 47.1227 -111.791 1491.24
vn 0.836617 0.458966 -0.299036
v 47.1977 -112.191 1491.04
vn 0.901488 0.325116 -0.285689
v 46.7008 -111.191 1489.84
vn 0.754387 0.591887 -0.283847
v 46.7164 -110.391 1491.64
vn 0.90308 0.304348 -0.303017
v 47.3415 -110.991 1492.24
vn -0.902828 -0.0775166 0.422958
v 46.4571 -110.791 1502.04
vn 0.646305 0.708708 -0.282884
v 46.1837 -109.027 1493.24
vn 0.720411 0.629273 -0.291588
v 47.2352 -109.791 1494.84
vn -0.766421 0.614277 0.187786
v 45.8415 -108.791 1499.44
vn -0.862123 0.386616 0.327524
v 46.679 -108.791 1502.04
vn -0.541783 0.840118 0.0259311
v 46.5836 -107.924 1498.64
vn -0.531067 0.841897 0.0958
v 46.9578 -107.791 1499.84
vn 0.873458 -0.413074 -0.25776
v 47.6082 -126.391 1486.24
vn 0.396229 -0.917986 -0.0174387
v 47.6571 -126.791 1487.24
vn -0.746787 -0.588348 0.310089
v 47.6852 -126.391 1493.24
vn -0.544054 -0.812124 0.210855
v 48.1837 -126.942 1493.04
vn 0.94034 -0.0038195 -0.340215
v 47.9837 -125.791 1486.72
vn 0.847874 0.400536 -0.347392
v 48.1227 -125.391 1487.44
vn 0.910969 -0.123469 -0.393562
v 48.0071 -124.591 1488.24
vn 0.895637 -0.293374 -0.334313
v 48.4165 -125.991 1487.84
vn 0.916758 0.160953 -0.365579
v 48.6915 -125.791 1488.44
vn 0.907557 0.177134 -0.380741
v 48.0727 -122.591 1487.24
vn -0.832153 -0.372572 0.410745
v 47.4352 -121.791 1498.84
vn -0.801717 -0.346822 0.48679
v 48.8508 -122.391 1501.04
vn 0.905712 0.0983906 -0.412316
v 48.2196 -120.191 1489.24
vn -0.851949 -0.251205 0.459433
v 47.5946 -119.791 1500.24
vn 0.91168 0.0996853 -0.398625
v 47.6571 -118.591 1488.04
vn 0.881152 0.0770294 -0.466516
v 48.3836 -119.521 1489.44
vn 0.904735 0.0490261 -0.423144
v 48.4165 -118.991 1489.84
vn 0.912932 -0.100176 -0.395626
v 48.4571 -118.791 1489.84
vn -0.8799 -0.161372 0.446918
v 48.0227 -118.991 1501.44
vn -0.868414 -0.218737 0.444986
v 48.2415 -119.391 1501.84
vn 0.907411 0.298169 -0.296141
v 47.954 -114.991 1489.64
vn 0.856098 0.344068 -0.385634
v 48.6665 -114.991 1491.24
vn 0.914312 0.223721 -0.337614
v 47.3836 -114.391 1488.33
vn 0.926302 0.19359 -0.323246
v 47.6883 -114.591 1489.24
vn 0.925427 0.231882 -0.299692
v 47.8071 -114.191 1489.64
vn 0.859482 0.408427 -0.307375
v 47.7758 -113.391 1490.84
vn 0.916333 0.200047 -0.346863
v 48.1665 -114.591 1490.44
vn 0.895669 0.277768 -0.347308
v 48.3836 -114.591 1491.23
vn 0.921435 0.166841 -0.350887
v 47.729 -113.191 1491.04
vn 0.940851 -0.137646 -0.3096
v 47.7836 -112.991 1491.12
vn 0.913502 -0.0146789 -0.40657
v 47.9102 -112.991 1491.44
vn 0.882458 0.358313 -0.304762
v 47.8655 -112.191 1492.84
vn 0.747018 0.588639 -0.30898
v 48.3836 -112.552 1493.24
vn 0.806756 0.482675 -0.340837
v 48.4707 -111.991 1494.84
vn 0.942767 0.142654 -0.301396
v 48.1571 -111.591 1493.84
vn 0.903607 0.294015 -0.311527
v 48.3602 -110.991 1495.04
vn 0.943907 0.131805 -0.302767
v 48.4102 -111.591 1495.04
vn 0.798281 0.488091 -0.352866
v 47.579 -108.991 1496.84
vn -0.882638 0.164897 0.440182
v 47.6446 -108.791 1504.24
vn 0.784671 0.514049 -0.346476
v 47.5836 -107.991 1498.43
vn 0.0327768 0.988458 -0.147908
v 47.3836 -107.63 1499.64
vn 0.53986 0.784254 -0.305774
v 48.5836 -107.591 1501.06
vn -0.805697 0.456803 0.377071
v 47.879 -108.391 1504.44
vn -0.542102 0.820067 0.183346
v 48.3836 -107.402 1503.44
vn -0.704207 0.632078 0.323372
v 48.4665 -107.991 1505.04
vn 0.770974 -0.568838 -0.286394
v 49.1837 -126.049 1490.44
vn 0.725217 -0.583368 -0.365707
v 49.6133 -126.191 1491.64
vn -0.223519 -0.973881 0.0399324
v 49.1837 -127.33 1492.64
vn -0.729246 -0.623465 0.281943
v 50.4583 -127.391 1498.44
vn 0.883583 0.303189 -0.356871
v 49.0415 -125.591 1489.64
vn 0.809415 -0.504133 -0.301159
v 49.5477 -125.791 1490.84
vn 0.932048 0.115153 -0.34355
v 49.504 -125.191 1490.64
vn 0.917398 0.025289 -0.397168
v 50.1165 -125.791 1492.64
vn 0.890329 0.107792 -0.442374
v 50.2508 -125.991 1492.84
vn 0.7906 0.486858 -0.371378
v 50.4498 -124.591 1493.44
vn -0.786789 -0.472504 0.397118
v 48.9837 -124.555 1498.64
vn 0.899658 -0.098128 -0.425425
v 49.5477 -122.791 1491.04
vn -0.803641 -0.233253 0.547499
v 49.9837 -122.391 1502.64
vn 0.868883 0.120302 -0.480176
v 49.7383 -120.991 1491.64
vn 0.769026 0.383813 -0.511162
v 50.2415 -119.791 1493.04
vn -0.801342 -0.348183 0.486435
v 48.9883 -120.991 1501.84
vn 0.878607 0.0896512 -0.469055
v 49.8758 -118.191 1492.64
vn -0.808409 -0.311498 0.499443
v 49.7852 -119.391 1504.64
vn 0.89159 0.208303 -0.402091
v 49.1446 -116.391 1491.84
vn 0.862181 0.376543 -0.338909
v 49.804 -113.391 1495.44
vn 0.814794 0.409323 -0.410568
v 50.2571 -114.191 1495.44
vn 0.861264 0.351913 -0.366582
v 49.229 -113.191 1494.04
vn 0.91414 0.109865 -0.390227
v 49.5665 -111.391 1498.04
vn 0.885183 0.285165 -0.367604
v 49.4008 -110.991 1497.64
vn 0.671661 0.671085 -0.313873
v 48.9837 -109.791 1498.73
vn 0.704839 0.625575 -0.334452
v 48.9837 -109.591 1499.39
vn 0.663253 0.621735 -0.416582
v 49.7133 -109.391 1501.24
vn 0.792727 0.451806 -0.409213
v 49.5836 -108.991 1501.32
vn 0.563027 0.740185 -0.367596
v 50.1837 -109.791 1501.01
vn -0.831417 0.125687 0.541248
v 49.7836 -108.591 1508.01
vn 0.63435 0.665219 -0.393808
v 49.3836 -107.591 1502.69
vn 0.107275 0.987618 -0.114471
v 49.5836 -107.202 1504.24
vn -0.591195 0.746 0.30655
v 49.1837 -107.655 1505.84
vn -0.70483 0.57982 0.408685
v 49.5836 -107.991 1507.26
vn -0.0709864 -0.985668 -0.153037
v 50.9837 -127.708 1496.64
vn -0.349131 -0.937016 0.0103727
v 50.5836 -127.755 1497.24
vn 0.728275 -0.565651 -0.386852
v 50.5836 -126.391 1493.46
vn 0.759942 -0.478108 -0.440341
v 51.6133 -127.391 1497.04
vn 0.886828 0.00188926 -0.462097
v 51.9837 -125.191 1496.96
vn -0.816222 -0.362739 0.449668
v 50.879 -125.391 1501.64
vn -0.734603 -0.455386 0.502973
v 50.804 -123.191 1503.44
vn -0.779696 -0.389248 0.49047
v 51.529 -123.991 1503.44
vn 0.874418 0.135337 -0.465914
v 51.7415 -121.391 1495.04
vn -0.785412 -0.241116 0.57008
v 50.5836 -121.791 1503.65
vn -0.769303 -0.18967 0.610081
v 51.229 -122.591 1504.44
vn -0.780266 -0.0937986 0.618375
v 51.2227 -121.991 1504.44
vn -0.781108 -0.299322 0.547975
v 51.4758 -121.791 1504.84
vn -0.766507 -0.209768 0.607012
v 51.7836 -122.391 1505.08
vn 0.890086 -0.157885 -0.427573
v 50.6633 -120.791 1493.44
vn 0.870872 -0.109477 -0.479163
v 50.7008 -120.391 1493.24
vn 0.865957 0.220193 -0.449037
v 50.7946 -120.991 1493.64
vn 0.898503 0.0577422 -0.435153
v 50.9415 -120.791 1494.04
vn 0.759258 0.399611 -0.513652
v 51.0352 -119.991 1493.84
vn 0.891819 0.00507265 -0.452364
v 51.7258 -119.991 1495.04
vn 0.892123 -0.187541 -0.411029
v 51.9321 -120.591 1496.04
vn 0.709814 0.525903 -0.468605
v 50.629 -119.591 1493.84
vn 0.856609 -0.305596 -0.415732
v 50.7977 -119.391 1494.04
vn 0.888718 -0.124628 -0.441189
v 51.0883 -118.991 1494.24
vn 0.833196 0.311263 -0.457055
v 51.5836 -119.391 1495.48
vn 0.883123 -0.220156 -0.414278
v 51.6133 -118.991 1495.44
vn -0.74786 -0.361976 0.556489
v 51.2696 -117.591 1508.04
vn -0.735211 -0.172119 0.655622
v 51.9227 -114.191 1510.84
vn 0.704429 0.600071 -0.379071
v 51.3836 -112.191 1500.23
vn 0.699304 0.615318 -0.36381
v 50.6509 -111.391 1500.44
vn 0.881909 0.0290724 -0.470521
v 50.7727 -111.191 1500.64
vn 0.710551 0.551844 -0.436561
v 50.5836 -110.191 1501.02
vn 0.583869 0.695489 -0.418799
v 50.7836 -111.391 1500.66
vn 0.868764 0.198488 -0.453708
v 50.7836 -110.991 1500.68
vn 0.864424 0.168637 -0.473637
v 51.4352 -110.391 1502.24
vn 0.584457 0.696512 -0.41627
v 52.1217 -111.591 1502.04
vn 0.518679 0.768538 -0.374596
v 50.5836 -109.502 1502.24
vn 0.686838 0.540608 -0.485795
v 51.8196 -108.991 1504.64
vn 0.273649 0.948005 -0.162487
v 51.7836 -107.03 1507.64
vn -0.315463 0.923553 0.218022
v 51.7836 -107.039 1508.64
vn -0.471826 -0.881044 0.0337919
v 52.5696 -128.591 1500.84
vn -0.211805 -0.968752 -0.129068
v 52.7836 -128.649 1500.64
vn -0.445415 -0.891681 0.0806882
v 52.9593 -128.791 1501.44
vn -0.0561136 -0.995283 -0.0791355
v 53.1837 -128.839 1501.44
vn -0.671244 -0.694825 0.258168
v 52.5836 -128.363 1501.84
vn -0.767425 -0.501729 0.399157
v 53.0977 -128.191 1503.44
vn -0.502403 -0.826758 0.253107
v 53.6774 -128.591 1503.84
vn 0.824587 -0.394862 -0.405143
v 52.1837 -126.191 1497.04
vn -0.811895 -0.298678 0.501616
v 53.1837 -125.791 1505.26
vn -0.744196 -0.3736 0.55371
v 52.7836 -123.561 1505.64
vn -0.795475 -0.337498 0.503304
v 53.7071 -123.391 1507.04
vn -0.781266 -0.356547 0.512344
v 52.6602 -122.591 1506.24
vn 0.893574 -0.0803692 -0.441664
v 53.2665 -120.591 1499.04
vn 0.900908 -0.00234334 -0.434004
v 53.004 -117.991 1498.24
vn 0.862374 0.224536 -0.453756
v 53.7008 -116.791 1499.84
vn 0.852991 0.325907 -0.407665
v 53.7508 -115.591 1500.84
vn 0.711455 0.538598 -0.45138
v 52.354 -111.991 1501.84
vn 0.698116 0.593169 -0.400978
v 52.9837 -111.791 1503.03
vn -0.716655 -0.235487 0.656469
v 53.0946 -111.791 1512.04
vn -0.608042 -0.189366 0.77099
v 53.4497 -112.191 1512.24
vn 0.570904 0.732869 -0.370096
v 52.7245 -111.191 1503.84
vn 0.844358 0.195715 -0.498754
v 52.5836 -110.991 1503.97
vn 0.828928 0.107993 -0.548832
v 52.9758 -110.391 1504.84
vn 0.789563 0.387856 -0.475561
v 53.354 -110.991 1505.24
vn 0.847913 0.141234 -0.510976
v 53.5836 -110.391 1505.64
vn -0.733621 -0.211638 0.645763
v 53.679 -110.391 1513.24
vn 0.606899 0.670476 -0.426773
v 52.3836 -109.527 1504.64
vn 0.780592 0.368089 -0.505159
v 52.9571 -109.991 1504.84
vn 0.676784 0.593996 -0.434893
v 52.9837 -109.191 1506.01
vn 0.796912 0.456039 -0.396182
v 53.4352 -109.991 1505.64
vn 0.201623 0.977224 -0.0661969
v 52.1837 -107.036 1508.84
vn 0.66191 0.665815 -0.344332
v 53.5122 -107.591 1509.44
vn -0.11528 0.989119 0.0914049
v 53.5836 -107.205 1511.04
vn -0.570265 0.697507 0.433915
v 52.3836 -107.814 1511.24
vn -0.432981 0.806326 0.402946
v 53.1837 -107.605 1511.64
vn -0.474735 0.80486 0.356127
v 53.1837 -107.517 1511.44
vn -0.446825 0.867411 0.218965
v 53.3836 -107.317 1511.24
vn -0.468353 0.816299 0.338084
v 53.5836 -107.22 1511.44
vn -0.477787 0.746628 0.462889
v 53.5836 -107.391 1511.69
vn 0.630424 -0.670461 -0.391213
v 54.017 -128.791 1502.24
vn 0.710268 -0.591692 -0.38134
v 54.5836 -128.391 1502.77
vn 0.817139 -0.323038 -0.47742
v 54.5836 -128.191 1502.65
vn -0.215015 -0.964845 0.15114
v 54.5836 -128.836 1504.44
vn -0.759758 -0.380681 0.527115
v 54.0946 -127.991 1505.24
vn -0.530932 -0.788945 0.309317
v 54.6073 -128.591 1505.44
vn 0.357703 -0.808034 -0.468113
v 55.3706 -128.791 1505.24
vn 0.782673 -0.402652 -0.474651
v 54.4371 -127.391 1501.64
vn 0.849496 -0.273551 -0.451139
v 54.2233 -124.791 1500.64
vn 0.758323 0.44318 -0.478057
v 54.9837 -125.191 1502.18
vn -0.757661 -0.396665 0.518274
v 54.404 -123.191 1508.44
vn -0.69293 -0.410406 0.592803
v 54.6602 -122.591 1509.44
vn -0.657019 -0.284891 0.697971
v 54.6977 -122.191 1509.64
vn 0.87861 -0.173875 -0.444761
v 54.5758 -119.991 1501.44
vn -0.580727 -0.34921 0.735397
v 54.9837 -119.991 1510.78
vn 0.847356 0.326155 -0.419058
v 53.9883 -114.991 1501.64
vn 0.865731 0.33419 -0.372595
v 55.1837 -115.191 1504.46
vn 0.781392 -0.548645 -0.297347
v 55.3165 -114.991 1504.44
vn 0.842498 0.382485 -0.379345
v 55.1837 -114.591 1504.43
vn -0.347867 -0.194679 0.917109
v 54.1837 -113.391 1512.67
vn 0.83367 0.399118 -0.381707
v 55.1883 -113.191 1505.84
vn -0.62199 -0.476172 0.621602
v 53.913 -112.191 1512.64
vn -0.623308 -0.547857 0.557979
v 53.8819 -111.991 1512.84
vn -0.334638 -0.440671 0.832962
v 54.1837 -111.791 1513.32
vn -0.489679 -0.439028 0.753305
v 54.3836 -112.391 1512.92
vn -0.00588237 -0.342672 0.939437
v 54.5836 -112.391 1512.97
vn 0.877133 0.254693 -0.407149
v 54.0446 -110.391 1506.64
vn 0.800716 0.469083 -0.372578
v 54.4196 -111.191 1506.84
vn 0.780247 0.517131 -0.35184
v 55.1133 -111.591 1507.64
vn 0.83904 0.368711 -0.400079
v 55.2758 -110.791 1509.64
vn -0.630899 -0.256779 0.732141
v 54.3836 -111.191 1513.57
vn 0.107758 -0.550867 0.827607
v 54.5836 -111.191 1513.59
vn 0.87543 0.304762 -0.375157
v 54.3836 -109.991 1507.94
vn -0.468937 -0.167548 0.867194
v 54.7836 -108.791 1515.37
vn -0.615557 0.612177 0.496316
v 54.7836 -108.538 1515.24
vn 0.107179 -0.485833 0.867456
v 54.9837 -108.791 1515.38
vn -0.418474 0.810815 0.409217
v 53.9744 -107.391 1512.04
vn 0.440943 0.875912 -0.195823
v 54.3836 -107.308 1511.64
vn -0.0106634 0.991942 0.126243
v 54.3836 -107.274 1512.04
vn 0.411821 0.91091 -0.0254378
v 54.7836 -107.367 1512.64
vn -0.245458 0.928699 0.277972
v 54.5836 -107.43 1513.04
vn -0.571656 0.715753 0.401132
v 54.9837 -107.67 1514.04
vn -0.416722 0.539749 0.731446
v 55.3074 -108.191 1515.44
vn 0.733091 -0.475679 -0.486114
v 55.6008 -127.991 1504.44
vn 0.648039 -0.555664 -0.520848
v 55.7508 -128.391 1504.84
vn 0.610875 -0.65378 -0.446546
v 56.1837 -127.791 1504.86
vn 0.390465 -0.770885 -0.503263
v 56.5836 -129.191 1506.44
vn 0.725698 -0.422509 -0.542999
v 56.7383 -127.991 1505.84
vn -0.718101 -0.443443 0.536367
v 55.9837 -128.391 1507.5
vn 0.131846 -0.201755 0.970521
v 56.1837 -128.099 1507.64
vn -0.143533 -0.0178109 0.989485
v 56.3836 -128.591 1507.63
vn -0.46765 -0.821235 0.32692
v 56.5836 -129.127 1507.44
vn -0.462111 -0.467509 0.753584
v 56.5973 -128.991 1507.64
vn 0.155664 -0.0673866 0.985509
v 56.5836 -127.791 1507.45
vn 0.798501 -0.370368 -0.474577
v 55.7836 -127.43 1503.84
vn 0.855248 -0.216205 -0.470963
v 55.7915 -126.591 1503.64
vn 0.850028 -0.302808 -0.431
v 56.2821 -126.391 1504.64
vn 0.839345 -0.306649 -0.44885
v 56.4352 -126.591 1504.64
vn 0.822043 -0.371038 -0.431945
v 56.2508 -127.191 1504.84
vn 0.893578 0.00732201 -0.448849
v 56.729 -127.591 1505.64
vn 0.881658 0.054167 -0.468769
v 56.9508 -127.591 1506.24
vn 0.335578 -0.422358 0.842022
v 56.1837 -127.191 1507.91
vn 0.28973 -0.529082 0.797577
v 56.5836 -126.991 1507.79
vn -0.696847 -0.342041 0.630407
v 55.8042 -126.991 1508.04
vn 0.223756 -0.628659 0.744796
v 56.1837 -126.591 1508.39
vn 0.828165 -0.35416 -0.434412
v 55.5352 -124.591 1503.04
vn 0.838787 0.223197 -0.496609
v 55.7836 -125.791 1503.06
vn 0.811563 0.369389 -0.452678
v 56.3508 -125.191 1504.24
vn 0.868299 -0.245681 -0.430928
v 56.1837 -124.791 1504.59
vn 0.851161 -0.32845 -0.409446
v 56.4102 -125.991 1504.64
vn 0.925964 0.0260598 -0.376712
v 56.7376 -124.791 1506.04
vn 0.893802 -0.293762 -0.338853
v 56.8133 -124.591 1506.24
vn -0.61423 -0.40102 0.679636
v 56.3836 -124.873 1509.64
vn 0.200141 -0.651532 0.731744
v 56.5836 -124.791 1509.84
vn 0.859506 -0.386273 -0.334727
v 56.7696 -124.191 1505.04
vn 0.894283 -0.121623 -0.430657
v 56.7102 -123.991 1504.84
vn -0.659413 -0.418805 0.624321
v 55.4915 -123.591 1509.44
vn -0.617605 -0.357815 0.70038
v 55.8268 -123.191 1510.04
vn -0.451276 -0.424429 0.784991
v 56.5836 -123.991 1510.4
vn 0.22678 -0.523381 0.821367
v 56.7836 -124.191 1510.34
vn 0.150671 -0.445273 0.882627
v 56.7836 -123.027 1510.84
vn -0.353312 -0.189635 0.916084
v 56.7836 -121.991 1511.37
vn -0.48134 -0.0890374 0.872
v 56.7836 -121.391 1511.35
vn 0.793667 0.469392 -0.386993
v 55.5394 -120.391 1503.64
vn 0.907523 -0.134223 -0.397977
v 55.5602 -120.191 1503.84
vn 0.89453 -0.247866 -0.371993
v 55.7165 -119.791 1503.64
vn 0.855163 0.350203 -0.382171
v 55.7836 -120.791 1503.46
vn 0.90201 0.230053 -0.365314
v 56.5415 -120.391 1505.84
vn 0.89409 -0.0100625 -0.447774
v 55.3836 -118.391 1503.7
vn 0.894787 0.107301 -0.433409
v 55.7227 -119.191 1503.64
vn 0.889391 -0.112381 -0.44312
v 55.8102 -118.191 1504.44
vn 0.895905 0.0582291 -0.440412
v 55.9883 -118.591 1504.64
vn 0.934033 0.023099 -0.356439
v 56.4915 -119.191 1505.44
vn 0.911127 -0.0828922 -0.403702
v 55.5696 -117.791 1503.44
vn 0.946723 0.0708518 -0.314158
v 56.5836 -117.391 1505.95
vn 0.938494 0.272369 -0.212235
v 56.6696 -116.591 1507.84
vn 0.7829 0.603372 -0.151689
v 56.8633 -116.591 1508.84
vn 0.828947 0.435392 -0.351115
v 55.879 -115.191 1506.04
vn 0.88607 0.32087 -0.334548
v 56.0602 -115.591 1505.84
vn 0.856391 0.430674 -0.284806
v 56.4883 -114.991 1507.84
vn 0.845889 0.498977 -0.188396
v 56.744 -114.991 1508.84
vn 0.902506 0.343204 -0.260181
v 56.9553 -115.191 1508.84
vn 0.887699 0.318632 -0.332363
v 55.5258 -113.591 1506.24
vn 0.891909 0.328547 -0.310732
v 56.102 -114.391 1506.84
vn 0.973061 0.0456186 -0.225991
v 56.2571 -114.191 1507.84
vn 0.846577 0.425367 -0.319954
v 56.2477 -113.991 1507.84
vn 0.799252 -0.55405 -0.232864
v 56.504 -114.791 1508.04
vn 0.887679 -0.329937 -0.321198
v 56.5133 -113.991 1508.64
vn 0.958422 0.170226 -0.229021
v 56.963 -114.591 1509.44
vn 0.858092 0.4826 -0.17543
v 56.8008 -114.191 1509.64
vn -0.0564902 -0.202171 0.97772
v 56.1837 -113.791 1512.52
vn 0.00991052 -0.292214 0.956302
v 55.5836 -112.191 1512.89
vn -0.238875 -0.336118 0.911023
v 56.3836 -112.191 1512.99
vn 0.853146 0.127969 -0.505733
v 55.679 -110.591 1510.44
vn 0.866297 0.241262 -0.437403
v 56.1665 -110.391 1511.24
vn 0.894402 0.269151 -0.357216
v 56.6258 -110.791 1512.24
vn 0.878405 0.379166 -0.290927
v 56.979 -111.591 1511.84
vn 0.0650307 -0.46624 0.882265
v 55.5836 -111.391 1513.2
vn -0.293413 -0.513804 0.806173
v 56.1837 -111.191 1513.38
vn -0.485962 -0.58256 0.65151
v 56.626 -110.591 1514.04
vn 0.930131 0.254332 -0.264901
v 56.854 -110.391 1513.04
vn 0.89233 0.157839 -0.422889
v 55.6977 -109.991 1510.84
vn 0.867729 0.270465 -0.417008
v 56.036 -109.591 1511.44
vn 0.942298 -0.0660424 -0.328195
v 56.5008 -109.791 1512.64
vn 0.755545 0.594835 -0.27445
v 56.4102 -108.791 1513.04
vn 0.919416 0.360255 -0.157766
v 56.6727 -109.591 1513.44
vn 0.94194 0.211074 -0.261147
v 56.5836 -109.191 1512.98
vn 0.962508 0.108061 -0.2488
v 56.8665 -109.991 1513.84
vn 0.810439 0.558871 -0.175647
v 56.854 -109.791 1513.64
vn 0.905066 0.419372 -0.0705948
v 56.8946 -109.791 1514.24
vn -0.365063 -0.547346 0.753088
v 56.3836 -109.652 1514.64
vn -0.281481 -0.478723 0.831621
v 56.3836 -108.591 1515.5
vn -0.5115 -0.62997 0.584384
v 56.5836 -109.391 1515.01
vn -0.0884183 -0.327566 0.940682
v 56.5836 -108.591 1515.52
vn -0.440493 -0.474863 0.761886
v 56.7836 -109.991 1514.72
vn 0.881284 0.472386 0.0137743
v 56.8883 -109.791 1514.64
vn -0.41332 -0.436431 0.799184
v 56.7836 -109.791 1514.78
vn 0.948287 0.310876 -0.0640899
v 56.829 -109.591 1514.84
vn -0.485671 -0.6138 0.622394
v 56.7836 -109.381 1515.24
vn 0.198466 0.974099 0.108366
v 55.3836 -107.677 1514.04
vn 0.0322676 -0.595801 0.802484
v 55.3836 -108.391 1515.49
vn 0.246599 0.965725 0.0810229
v 55.3836 -107.717 1514.64
vn -0.255358 0.735759 0.627257
v 55.8836 -107.991 1515.44
vn 0.693361 0.70513 0.148465
v 56.3431 -108.191 1515.44
vn 0.422349 0.896772 0.13199
v 56.1837 -108.099 1515.44
vn -0.0925366 -0.465773 0.880052
v 56.1837 -108.191 1515.69
vn 0.388789 -0.85472 -0.343944
v 57.1837 -129.37 1507.44
vn -0.379388 -0.744725 0.549044
v 57.1837 -129.337 1507.64
vn 0.445961 -0.830345 -0.334135
v 57.5836 -129.236 1507.64
vn 0.713421 -0.446467 -0.54009
v 57.1837 -129.191 1507
vn -0.0752771 -0.189477 0.978995
v 57.3836 -127.791 1507.52
vn -0.149571 -0.0134865 0.988659
v 57.5953 -129.191 1507.84
vn 0.742095 -0.238707 -0.62635
v 57.7133 -128.191 1507.24
vn 0.762866 -0.367207 -0.53216
v 57.6383 -127.791 1507.44
vn 0.0576599 0.259638 0.963983
v 57.5836 -127.791 1507.51
vn 0.773196 -0.325555 -0.544225
v 57.7836 -128.791 1507.61
vn -0.0242156 0.221504 0.974859
v 57.7836 -128.35 1507.64
vn 0.825768 -0.215211 -0.521336
v 57.3258 -126.991 1506.44
vn -0.140608 -0.501195 0.853834
v 57.1837 -126.991 1507.74
vn 0.86072 0.0839642 -0.502107
v 57.7836 -126.991 1507.23
vn -0.285068 -0.36116 0.887862
v 57.7836 -126.991 1507.93
vn -0.211451 -0.426781 0.879288
v 57.9837 -127.406 1507.84
vn 0.784862 -0.291476 -0.54684
v 58.0133 -127.391 1507.64
vn -0.302201 -0.330584 0.894085
v 57.9837 -127.191 1507.92
vn 0.686671 0.686409 -0.239428
v 58.0075 -126.991 1507.84
vn 0.852811 0.00221799 -0.522215
v 58.1837 -127.189 1507.84
vn 0.856299 -0.302336 -0.418742
v 57.8305 -126.791 1508.04
vn 0.876096 -0.189071 -0.443518
v 57.1321 -125.591 1505.64
vn 0.729163 0.632416 -0.26148
v 57.7716 -125.191 1507.44
vn 0.890759 -0.246706 -0.381687
v 57.5836 -124.591 1508.03
vn 0.858866 0.368406 -0.355846
v 57.8883 -125.391 1507.24
vn 0.371501 -0.614531 0.695945
v 56.9837 -125.191 1509.28
vn 0.774478 0.580447 -0.251527
v 58.1321 -125.191 1508.84
vn -0.260614 -0.569823 0.779347
v 57.9837 -124.791 1509.61
vn -0.395986 -0.501983 0.768901
v 58.4918 -125.591 1509.44
vn -0.246916 -0.611448 0.751774
v 58.1736 -124.591 1509.84
vn 0.804139 -0.470627 -0.36314
v 58.1837 -124.768 1509.64
vn -0.0856981 -0.737518 0.669868
v 58.3836 -124.628 1509.84
vn -0.229192 -0.604158 0.763193
v 58.3836 -124.418 1510.04
vn 0.931285 -0.185264 -0.313664
v 56.9837 -123.991 1505.55
vn 0.948735 -0.0377759 -0.313807
v 57.7133 -123.991 1507.84
vn 0.879245 -0.310755 -0.361053
v 57.6821 -124.391 1508.04
vn 0.508408 -0.485791 0.711005
v 56.9837 -123.991 1510.31
vn 0.435265 -0.491034 0.754606
v 57.3836 -123.591 1510.34
vn -0.193193 -0.595589 0.779712
v 57.9837 -123.991 1510.15
vn 0.933168 0.251958 -0.256348
v 58.3227 -124.191 1509.64
vn 0.856812 0.506028 -0.0990425
v 58.2508 -123.991 1510.04
vn -0.131465 -0.584152 0.800927
v 58.1837 -123.791 1510.32
vn -0.182233 -0.544697 0.818594
v 58.1837 -122.991 1510.77
vn 0.865799 -0.325235 -0.380281
v 58.4727 -124.391 1509.84
vn 0.846128 -0.400919 -0.351187
v 58.3836 -123.591 1510.24
vn 0.247948 -0.701321 0.668334
v 58.454 -123.591 1510.44
vn 0.920926 0.316584 -0.227313
v 58.554 -123.391 1510.44
vn -0.515299 -0.415685 0.749448
v 58.3836 -123.391 1510.68
vn 0.94501 0.274915 -0.177136
v 58.4852 -123.191 1510.44
vn 0.181826 -0.1256 0.975276
v 58.3836 -122.991 1510.73
vn 0.911519 -0.142329 -0.385845
v 57.5946 -121.791 1508.44
vn 0.897787 -0.136516 -0.418738
v 57.7836 -122.191 1509.18
vn 0.936683 -0.00256828 -0.35017
v 57.8696 -121.791 1509.04
vn 0.417524 -0.425963 0.802639
v 57.1837 -122.788 1510.84
vn 0.49729 -0.284162 0.819729
v 57.3836 -121.991 1511.11
vn -0.241121 -0.424783 0.872594
v 58.1837 -122.791 1510.88
vn -0.0754031 -0.538129 0.839483
v 58.3836 -122.791 1510.96
vn 0.83735 -0.200862 -0.508429
v 58.3836 -122.191 1510.17
vn 0.29785 -0.307231 0.903822
v 56.9837 -122.191 1511.32
vn 0.0384133 -0.142712 0.989019
v 56.9837 -121.391 1511.42
vn 0.419691 -0.175627 0.890514
v 57.1837 -121.591 1511.3
vn -0.164401 -0.333598 0.92827
v 58.1837 -121.856 1511.24
vn 0.850776 0.325483 0.412603
v 58.4258 -121.791 1511.24
vn 0.949728 0.14118 -0.279436
v 57.3836 -120.591 1507.99
vn 0.921225 0.333277 -0.200677
v 57.6571 -121.191 1509.04
vn 0.939464 -0.0633291 -0.336746
v 57.654 -120.991 1509.24
vn 0.919761 0.025408 -0.391655
v 57.7477 -119.991 1509.64
vn 0.932497 0.0179418 -0.360733
v 57.8946 -120.591 1509.64
vn 0.845851 -0.226517 -0.482936
v 58.0977 -119.991 1510.24
vn 0.857545 -0.227136 -0.461547
v 58.2571 -121.191 1510.44
vn -0.198106 -0.328881 0.923359
v 58.3836 -120.791 1511.7
vn 0.93724 0.244418 -0.248679
v 57.0686 -118.191 1508.04
vn 0.874014 0.343886 -0.34328
v 57.3836 -118.191 1509.31
vn 0.859024 0.378835 -0.344328
v 57.7836 -118.591 1509.42
vn 0.731698 0.604093 -0.315737
v 57.7008 -118.391 1509.64
vn 0.874579 0.277799 -0.397415
v 58.029 -118.591 1510.04
vn 0.908833 0.0478818 -0.414403
v 58.2977 -119.591 1510.44
vn 0.916428 -0.0298814 -0.399081
v 58.1837 -119.191 1510.55
vn 0.824747 0.406326 -0.393309
v 58.1837 -118.391 1510.71
vn -0.285271 -0.241254 0.927586
v 56.9837 -118.991 1512.01
vn 0.953057 -0.056658 -0.297442
v 57.2946 -117.391 1508.84
vn 0.943044 -0.0913617 -0.319877
v 57.3836 -117.171 1509.04
vn 0.8602 0.427693 -0.277732
v 57.1837 -116.805 1509.64
vn 0.908562 -0.0658499 -0.412527
v 57.3836 -116.591 1510.45
vn 0.900425 0.0441636 -0.432765
v 57.9352 -116.791 1511.44
vn 0.87047 -0.232263 -0.433977
v 58.1352 -116.791 1511.84
vn 0.904357 0.265532 -0.334114
v 58.5165 -117.591 1511.64
vn -0.300684 -0.0839301 0.950023
v 58.3836 -117.191 1512.8
vn 0.919533 0.135177 -0.369034
v 58.479 -116.991 1512.64
vn 0.951539 0.00288595 -0.307516
v 58.3836 -116.591 1512.24
vn 0.943824 -0.10017 -0.3149
v 57.0196 -116.191 1509.24
vn 0.810209 0.565916 -0.152645
v 57.2883 -115.191 1511.04
vn 0.902581 -0.170345 -0.395387
v 57.6258 -115.991 1510.44
vn 0.88411 -0.195502 -0.424416
v 57.8415 -116.191 1511.04
vn 0.926737 0.216262 -0.307228
v 57.8602 -115.991 1511.04
vn 0.805668 0.567248 -0.170672
v 57.782 -115.791 1511.24
vn 0.782097 0.597177 -0.178055
v 57.7836 -115.591 1511.92
vn 0.86605 0.0203523 -0.499543
v 57.8165 -115.391 1512.04
vn -0.177832 -0.139353 0.974144
v 57.9837 -116.191 1512.72
vn 0.963979 0.265915 -0.00583746
v 58.2165 -115.991 1512.44
vn 0.118814 -0.0989125 0.987978
v 58.1837 -115.991 1512.71
vn -0.571798 -0.211743 0.792598
v 57.9837 -115.191 1512.94
vn 0.105358 -0.29922 0.94835
v 58.1837 -115.191 1512.94
vn 0.904003 0.03688 -0.425931
v 58.2571 -114.991 1512.84
vn 0.907146 0.205383 -0.367292
v 57.0665 -113.991 1510.04
vn -0.444889 -0.232265 0.864943
v 57.1837 -113.791 1512.74
vn -0.632486 -0.329691 0.700904
v 57.7836 -113.763 1513.24
vn 0.0177759 -0.413939 0.910131
v 58.1837 -113.991 1513.48
vn 0.94327 0.289241 -0.16304
v 58.2415 -113.791 1513.44
vn -0.577798 -0.364143 0.730444
v 57.1977 -112.991 1513.04
vn -0.69161 -0.373687 0.618089
v 57.3836 -112.012 1513.84
vn 0.912854 0.390811 -0.118171
v 57.6258 -112.191 1513.64
vn -0.0529727 -0.0618063 0.996681
v 57.5926 -112.191 1513.84
vn 0.77597 0.505991 -0.376623
v 57.9008 -112.591 1513.64
vn 0.936576 0.281218 -0.209146
v 57.9883 -113.191 1513.04
vn -0.659187 -0.375924 0.65127
v 57.9837 -113.191 1513.76
vn -0.533302 -0.515589 0.670639
v 56.9837 -110.791 1514.1
vn 0.984218 0.0188497 -0.175954
v 56.9852 -110.591 1513.64
vn 0.961331 -0.142222 -0.235828
v 57.0977 -110.591 1514.04
vn -0.425969 -0.607594 0.670358
v 56.9837 -110.591 1514.39
vn 0.915439 0.39586 -0.0725725
v 57.3836 -111.365 1513.84
vn 0.679671 -0.540466 0.495927
v 57.1027 -110.391 1514.44
vn -0.167502 -0.516704 0.839619
v 57.0268 -110.191 1514.64
vn 0.257242 -0.154871 0.953856
v 57.0602 -109.991 1514.64
vn 0.955835 0.268811 -0.118831
v 57.0446 -109.191 1514.84
vn -0.212148 -0.314245 0.925334
v 57.0477 -109.191 1515.44
vn 0.884104 0.455251 -0.105389
v 56.9883 -108.991 1514.84
vn 0.311215 -0.929974 0.195685
v 58.6321 -125.991 1509.04
vn -0.547888 -0.495083 0.674323
v 58.5836 -125.965 1509.24
vn 0.84649 0.196912 0.494652
v 58.5836 -125.483 1509.24
vn -0.529084 -0.469936 0.706562
v 58.7836 -125.919 1509.44
vn 0.847795 -0.286992 -0.445958
v 58.9102 -125.791 1509.44
vn 0.704874 0.700254 -0.113125
v 58.7916 -125.591 1509.44
vn -0.5006 -0.444636 0.742764
v 58.7885 -125.591 1509.64
vn 0.274958 -0.69147 0.668032
v 58.5836 -123.346 1510.64
vn 0.943421 -0.237026 -0.231895
v 58.6383 -122.591 1510.84
vn 0.96265 -0.239317 0.126619
v 58.644 -122.591 1511.04
vn 0.978912 0.204069 0.00936966
v 58.6758 -122.191 1511.04
vn -0.0865751 -0.272638 0.958214
v 58.5836 -122.203 1511.24
vn 0.909624 -0.0221705 -0.414841
v 58.629 -121.391 1511.24
vn 0.912556 0.214343 -0.348279
v 58.6696 -120.991 1511.44
vn -0.0961221 -0.353906 0.930328
v 58.5836 -120.991 1511.69
vn 0.904179 0.315806 -0.287622
v 58.6633 -120.791 1511.64
vn -0.133703 -0.325177 0.936154
v 58.5836 -120.791 1511.73
vn -0.193368 -0.376934 0.905831
v 58.7836 -120.621 1511.84
vn 0.884979 -0.220744 -0.409981
v 58.8821 -120.391 1511.84
vn 0.560513 -0.400781 0.724707
v 58.9481 -119.791 1512.04
vn 0.88372 -0.211237 -0.417634
v 58.5836 -118.991 1511.09
vn 0.910833 -0.06997 -0.406802
v 58.6352 -119.191 1511.44
vn 0.124915 -0.458772 0.87973
v 58.7836 -119.591 1512.27
vn -0.29148 -0.220631 0.930785
v 58.7836 -118.391 1512.7
vn 0.931902 0.294492 -0.211739
v 58.8696 -118.191 1512.44
vn 0.953249 -0.0105216 -0.302002
v 59.0696 -119.191 1512.24
vn 0.235528 -0.539262 0.808532
v 59.104 -119.191 1512.44
vn 0.914571 0.146322 -0.377028
v 58.9837 -118.791 1512.11
vn 0.954354 0.203563 -0.218565
v 59.1008 -118.791 1512.44
vn -0.143723 -0.36503 0.919835
v 58.9837 -118.791 1512.69
vn 0.573288 0.54376 0.612916
v 59.0352 -118.591 1512.64
vn -0.327301 -0.199491 0.923622
v 58.5836 -117.991 1512.75
vn 0.961481 -0.23968 0.134563
v 58.8915 -117.991 1512.64
vn -0.346622 -0.204611 0.915417
v 58.7258 -117.791 1512.84
vn 0.161298 -0.874943 -0.456572
v 33.9837 -140.461 1452.64
vn 0.289257 -0.884531 -0.365971
v 34.1836 -140.633 1453.04
vn -0.856339 -0.00407199 -0.516397
v 33.4633 -139.991 1452.64
vn -0.0775531 -0.542069 -0.836748
v 34.1836 -140.391 1452.58
vn 0.630689 -0.300753 -0.715388
v 34.1836 -140.391 1452.58
vn -0.56321 0.645863 -0.515418
v 33.3836 -136.991 1452.59
vn 0 -0.960463 0.278409
v 34.5836 -140.558 1453.44
vn 0.701787 -0.709892 0.0595728
v 35.2571 -139.991 1453.84
vn 0.748931 -0.662639 0.00350349
v 35.1836 -139.791 1455.37
vn -0.0609637 -0.819549 0.569757
v 35.1836 -139.791 1455.37
vn 0.619871 -0.748707 0.234942
v 35.1836 -139.791 1455.37
vn 0.619871 -0.748707 0.234942
v 35.3836 -139.477 1455.84
vn 0.299231 -0.944302 -0.13695
v 35.5633 -139.391 1455.64
vn 0.784469 -0.593414 -0.180187
v 35.5633 -139.391 1455.64
vn 0.814873 -0.566908 -0.120821
v 35.8883 -138.791 1455.24
vn 0.740981 0.262117 -0.618257
v 35.5836 -137.191 1454.3
vn 0.750004 0.316407 -0.580844
v 37.5165 -135.191 1457.44
vn 0.336783 0.241625 -0.910052
v 36.7836 -127.591 1457.75
vn -0.110775 0.556173 -0.823651
v 37.3836 -126.791 1458.19
vn 0.742771 0.438293 -0.506153
v 39.2321 -131.591 1460.04
vn 0.911499 -0.0297116 -0.410228
v 37.9165 -130.191 1458.04
vn 0.649011 -0.757913 -0.0659788
v 39.3102 -121.591 1462.04
vn -0.277563 0.520384 -0.807564
v 38.5836 -116.954 1463.84
vn 0.164458 0.903 -0.39692
v 39.1679 -115.191 1466.44
vn 0.878702 -0.353899 -0.320373
v 39.4415 -130.791 1461.04
vn 0.855827 0.301446 -0.420346
v 40.6758 -130.391 1463.84
vn 0.875291 -0.422824 -0.234704
v 40.2821 -128.391 1462.84
vn 0.966732 0.0715313 -0.245585
v 40.8446 -124.191 1465.64
vn 0.824822 -0.558598 -0.0873913
v 40.9102 -124.191 1466.04
vn 0.547625 0.688554 -0.475394
v 39.8182 -121.391 1463.24
vn 0.882331 -0.378361 -0.279885
v 39.5836 -119.791 1463.09
vn 0.617139 -0.786113 -0.0341357
v 39.8258 -121.191 1462.44
vn 0.851864 0.0539735 -0.520975
v 39.8258 -121.191 1462.44
vn 0.935338 -0.154366 -0.318297
v 39.9837 -121.084 1462.84
vn 0.710722 -0.703206 -0.0193973
v 39.7836 -121.191 1463.29
vn 0.633574 0.569836 -0.523327
v 40.1836 -121.012 1464.04
vn 0.938149 -0.15483 -0.309685
v 40.5602 -120.391 1464.24
vn 0.807271 0.370586 -0.459324
v 40.5602 -120.391 1464.24
vn 0.907702 0.250832 -0.336394
v 40.654 -120.391 1465.24
vn 0.882319 -0.456809 -0.113307
v 40.8571 -120.191 1466.04
vn 0.850664 -0.515646 -0.102367
v 40.954 -119.991 1465.64
vn 0.787583 0.267 -0.555359
v 39.7836 -119.391 1463.08
vn 0.798694 0.356819 -0.484529
v 39.7352 -119.591 1463.44
vn 0.937708 -0.257464 -0.233273
v 40.3836 -119.191 1464.98
vn 0.937144 0.20379 -0.283249
v 40.4508 -118.991 1464.84
vn 0.947149 -0.23566 -0.217655
v 40.429 -116.591 1466.84
vn 0.897812 0.319647 -0.302919
v 40.8977 -117.791 1466.64
vn 0.927392 -0.315009 -0.201777
v 40.7836 -116.591 1468.67
vn 0.527117 -0.831455 0.175587
v 40.0769 -115.991 1466.04
vn 0.93156 -0.0784928 -0.355014
v 40.0175 -115.791 1465.84
vn 0.993219 -0.112642 0.0287746
v 40.1258 -115.791 1466.84
vn 0.859423 0.420482 -0.290839
v 40.2591 -115.791 1466.44
vn 0.527117 -0.831455 0.175587
v 40.2591 -115.791 1466.44
vn 0.942668 -0.113027 0.31401
v 40.2591 -115.791 1466.44
vn 0.950826 -0.255025 0.175761
v 40.2165 -115.591 1466.64
vn 0.689915 0.561037 -0.457444
v 40.3446 -115.191 1467.84
vn 0.572728 -0.429557 -0.698186
v 40.3446 -115.191 1467.84
vn 0.678304 -0.508741 -0.530175
v 40.4383 -115.391 1468.04
vn 0.76653 -0.61029 -0.199945
v 40.5836 -115.391 1468.37
vn 0.909458 -0.199583 -0.364764
v 40.5836 -115.391 1468.37
vn 0.673084 0.544102 -0.50091
v 40.5883 -115.191 1468.04
vn 0.917547 0.372741 -0.138462
v 40.7602 -115.191 1468.44
vn 0.988097 0.01393 -0.153198
v 40.7383 -115.191 1468.64
vn 0.969913 -0.0460823 -0.23905
v 40.7836 -115.391 1468.87
vn 0.626699 0.626713 -0.463119
v 40.7836 -115.223 1469.04
vn 0.915161 0.289845 -0.280124
v 40.7836 -114.7 1469.24
vn 0.269842 0.884603 -0.380345
v 40.1836 -113.089 1472.04
vn 0.139739 0.946759 -0.290035
v 40.5836 -112.252 1474.64
vn 0.914217 -0.380583 -0.139156
v 42.0446 -131.991 1467.24
vn 0.875341 -0.440109 -0.200208
v 41.3227 -127.791 1465.64
vn 0.875341 -0.440109 -0.200208
v 41.5696 -127.391 1465.84
vn 0.874087 -0.456738 -0.165414
v 41.8633 -127.191 1466.84
vn 0.79735 0.506079 -0.328811
v 41.1477 -124.391 1466.24
vn 0.883161 -0.466431 -0.0496792
v 41.0383 -123.991 1466.44
vn 0.753965 -0.654734 0.0534748
v 41.479 -122.191 1466.24
vn 0.934355 0.206355 -0.290516
v 41.479 -122.191 1466.24
vn 0.727841 0.588276 -0.35239
v 41.4165 -120.391 1466.84
vn 0.839047 -0.532561 -0.11126
v 42.3071 -120.191 1470.04
vn 0.944085 -0.0697154 -0.322248
v 41.329 -118.591 1468.24
vn 0.961014 -0.110457 -0.253478
v 41.0187 -115.591 1468.64
vn 0.749923 -0.647947 0.133343
v 43.154 -130.991 1471.24
vn 0.32535 -0.922205 0.209008
v 42.7836 -129.736 1475.64
vn 0.826878 -0.538718 -0.161419
v 43.879 -128.591 1473.24
vn 0.971045 0.0879685 -0.222109
v 43.2321 -124.791 1472.04
vn 0.907188 -0.354362 -0.226797
v 43.4915 -124.591 1473.24
vn 0.898446 -0.378938 -0.221812
v 43.8196 -124.391 1474.24
vn 0.865426 0.307283 -0.395745
v 43.1633 -117.391 1474.44
vn 0.860288 0.301647 -0.410991
v 42.9837 -114.191 1476.73
vn 0.882261 -0.366574 -0.295364
v 42.9837 -114.191 1476.73
vn 0.899908 0.142651 -0.412088
v 43.3836 -113.426 1478.04
vn 0.809785 0.418452 -0.411274
v 43.7836 -113.791 1478.61
vn 0.0106736 0.980943 -0.194002
v 43.3836 -110.339 1485.44
vn 0.964533 0.0122173 -0.263678
v 44.6196 -128.391 1475.44
vn 0.463677 -0.880787 -0.0960154
v 46.3836 -127.483 1487.44
vn 0.773039 0.557504 -0.302654
v 47.029 -124.791 1485.84
vn 0.85535 0.309771 -0.415232
v 47.029 -124.791 1485.84
vn 0.953191 -0.161993 -0.255315
v 47.354 -113.191 1489.64
vn 0.82443 -0.507487 -0.250543
v 47.6571 -126.791 1487.24
vn 0.786573 0.497118 -0.366301
v 48.0071 -124.591 1488.24
vn 0.922197 0.312513 -0.227788
v 47.3836 -114.391 1488.33
vn 0.865416 0.387257 -0.317942
v 47.7836 -112.991 1491.12
vn 0.79464 0.507695 -0.332856
v 47.9102 -112.991 1491.44
vn 0.229392 0.942882 -0.241565
v 47.5836 -107.991 1498.43
vn 0.937145 -0.0217654 -0.348261
v 49.6133 -126.191 1491.64
vn 0.440861 -0.872252 -0.211703
v 49.1837 -127.33 1492.64
vn 0.701051 -0.620397 -0.351619
v 49.1837 -127.33 1492.64
vn 0.958045 0.114441 -0.262781
v 49.5477 -125.791 1490.84
vn 0.920204 -0.0638696 -0.386192
v 50.4498 -124.591 1493.44
vn 0.543015 -0.741091 -0.394866
v 50.9837 -127.708 1496.64
vn 0.894924 0.0638695 -0.441624
v 50.5836 -126.391 1493.46
vn 0.864037 -0.247641 -0.438309
v 50.629 -119.591 1493.84
vn 0.86473 0.00313746 -0.502228
v 50.6509 -111.391 1500.44
vn 0.876288 0.088355 -0.473616
v 50.7836 -111.391 1500.66
vn 0.88786 0.148557 -0.435472
v 52.1837 -126.191 1497.04
vn 0.748056 0.536048 -0.391236
v 53.2665 -120.591 1499.04
vn 0.856807 -0.348074 -0.380428
v 53.2665 -120.591 1499.04
vn 0.614152 0.683636 -0.394283
v 52.5836 -110.991 1503.97
vn 0.114398 0.993167 -0.0230806
v 53.5836 -107.22 1511.44
vn 0.518585 -0.809817 -0.274345
v 54.5836 -128.836 1504.44
vn -0.229209 -0.96883 0.0939789
v 55.3706 -128.791 1505.24
vn 0.874804 -0.127614 -0.467369
v 54.9837 -125.191 1502.18
vn 0.760012 -0.540767 -0.36049
v 53.9883 -114.991 1501.64
vn 0.781392 -0.548645 -0.297347
v 55.1837 -115.191 1504.46
vn 0.911278 0.18908 -0.365816
v 55.3165 -114.991 1504.44
vn -0.0683494 -0.479502 0.874875
v 54.3836 -111.191 1513.57
vn 0.0154654 0.988816 0.148338
v 54.9837 -107.67 1514.04
vn -0.27911 -0.959945 -0.0245448
v 56.5836 -129.191 1506.44
vn -0.297905 -0.246149 0.922314
v 55.9837 -128.391 1507.5
vn 0.883817 -0.030084 -0.466865
v 55.7836 -127.43 1503.84
vn 0.707005 0.541291 -0.455134
v 55.7915 -126.591 1503.64
vn 0.742438 0.568419 -0.354521
v 56.2821 -126.391 1504.64
vn 0.863734 -0.00910002 -0.503866
v 56.2821 -126.391 1504.64
vn 0.668384 0.70814 -0.227596
v 56.2821 -126.391 1504.64
vn 0.742438 0.568419 -0.354521
v 56.4352 -126.591 1504.64
vn 0.879445 0.276808 -0.387239
v 56.2508 -127.191 1504.84
vn 0.798212 -0.331076 -0.503236
v 56.9508 -127.591 1506.24
vn 0.832919 0.364468 -0.416424
v 56.9508 -127.591 1506.24
vn -0.00640091 -0.482215 0.876029
v 55.8042 -126.991 1508.04
vn 0.920175 0.134892 -0.367536
v 55.5352 -124.591 1503.04
vn 0.653009 -0.71102 -0.260824
v 55.5352 -124.591 1503.04
vn 0.826105 -0.371352 -0.423849
v 55.7836 -125.791 1503.06
vn 0.667814 0.672045 -0.319968
v 56.1837 -124.791 1504.59
vn 0.929211 0.0691755 -0.363018
v 56.1837 -124.791 1504.59
vn 0.671285 0.676693 -0.302427
v 56.7376 -124.791 1506.04
vn -0.449332 -0.487712 0.74849
v 56.5836 -124.791 1509.84
vn -0.499154 -0.349453 0.792923
v 56.7836 -123.027 1510.84
vn 0.935564 0.129565 -0.328531
v 55.7836 -120.791 1503.46
vn 0.886585 -0.194243 -0.419804
v 55.7836 -120.791 1503.46
vn 0.913175 0.329564 -0.23979
v 55.7836 -120.791 1503.46
vn 0.955264 -0.0922024 -0.281016
v 56.8633 -116.591 1508.84
vn 0.985687 0.0462105 -0.162128
v 56.102 -114.391 1506.84
vn 0.782916 0.575415 -0.236516
v 56.2571 -114.191 1507.84
vn 0.966012 -0.0389775 -0.255543
v 56.2477 -113.991 1507.84
vn 0.905096 0.314976 -0.285643
v 56.504 -114.791 1508.04
vn 0.950819 -0.0664863 -0.302526
v 56.504 -114.791 1508.04
vn 0.908406 0.255089 -0.331253
v 56.5133 -113.991 1508.64
vn 0.896093 -0.211765 -0.390093
v 56.8008 -114.191 1509.64
vn 0.860194 -0.463698 -0.212252
v 56.5836 -109.191 1512.98
vn 0.970586 -0.137225 -0.197816
v 56.854 -109.791 1513.64
vn 0.28104 -0.368216 0.886247
v 56.5836 -109.391 1515.01
vn 0.7269 0.516647 0.45243
v 56.5836 -108.591 1515.52
vn 0.257242 -0.154871 0.953856
v 56.7836 -109.991 1514.72
vn 0.649051 0.557787 0.517307
v 56.8883 -109.791 1514.64
vn 0.728225 -0.364434 0.58041
v 56.8883 -109.791 1514.64
vn 0.28104 -0.368216 0.886247
v 56.7836 -109.791 1514.78
vn 0.649051 0.557787 0.517307
v 56.7836 -109.791 1514.78
vn 0.251126 -0.264284 0.931176
v 56.7836 -109.791 1514.78
vn 0.728225 -0.364434 0.58041
v 56.7836 -109.791 1514.78
vn 0.28104 -0.368216 0.886247
v 56.829 -109.591 1514.84
vn -0.419685 -0.822886 0.383044
v 56.829 -109.591 1514.84
vn 0.728225 -0.364434 0.58041
v 56.829 -109.591 1514.84
vn 0.875004 -0.471682 -0.109014
v 56.829 -109.591 1514.84
vn 0.253578 -0.844966 0.470882
v 56.829 -109.591 1514.84
vn 0.253578 -0.844966 0.470882
v 56.7836 -109.381 1515.24
vn -0.194973 -0.000222418 0.980809
v 55.3836 -108.391 1515.49
vn -0.404039 0.803594 0.437022
v 55.3836 -107.717 1514.64
vn 0.329544 0.91695 0.224953
v 55.8836 -107.991 1515.44
vn 0.518725 0.763169 0.385354
v 56.1837 -108.191 1515.69
vn -0.265037 0.100855 0.958949
v 56.1837 -108.191 1515.69
vn -0.211322 0.608879 0.764597
v 56.1837 -108.191 1515.69
vn -0.346841 -0.933217 0.0938501
v 57.1837 -129.37 1507.44
vn 0.240664 -0.957045 0.161698
v 57.1837 -129.37 1507.44
vn 0.239823 -0.953698 0.181508
v 57.1837 -129.337 1507.64
vn 0.239823 -0.953698 0.181508
v 57.5836 -129.236 1507.64
vn 0.772601 -0.384786 -0.505003
v 57.5836 -129.236 1507.64
vn 0.912614 -0.406962 0.0389533
v 57.5836 -129.236 1507.64
vn 0.238884 -0.949966 0.201244
v 57.5953 -129.191 1507.84
vn 0.912614 -0.406962 0.0389533
v 57.5953 -129.191 1507.84
vn 0.812896 -0.0438684 0.580754
v 57.5953 -129.191 1507.84
vn 0.951983 0.204861 -0.227508
v 57.7133 -128.191 1507.24
vn 0.919625 0.299535 -0.254105
v 57.6383 -127.791 1507.44
vn 0.685481 0.396701 0.610528
v 57.6383 -127.791 1507.44
vn 0.593819 -0.771264 0.229196
v 57.6383 -127.791 1507.44
vn 0.0434908 -0.685155 0.727098
v 57.5836 -127.791 1507.51
vn 0.685481 0.396701 0.610528
v 57.5836 -127.791 1507.51
vn 0.442002 -0.806013 0.393672
v 57.5836 -127.791 1507.51
vn 0.912614 -0.406962 0.0389533
v 57.7836 -128.791 1507.61
vn 0.812896 -0.0438684 0.580754
v 57.7836 -128.791 1507.61
vn 0.98567 0.0127058 -0.168207
v 57.7836 -128.791 1507.61
vn 0.812896 -0.0438684 0.580754
v 57.7836 -128.35 1507.64
vn 0.984903 0.118724 -0.125978
v 57.7836 -128.35 1507.64
vn 0.685481 0.396701 0.610528
v 57.7836 -128.35 1507.64
vn 0.768877 0.588661 -0.249613
v 57.3258 -126.991 1506.44
vn 0.713571 0.650718 -0.259581
v 57.7836 -126.991 1507.23
vn 0.340522 0.312382 0.886827
v 57.7836 -126.991 1507.93
vn 0.305177 -0.524591 0.794777
v 57.7836 -126.991 1507.93
vn 0.645644 -0.744007 0.172039
v 57.9837 -127.406 1507.84
vn 0.352228 -0.324574 0.877831
v 57.9837 -127.406 1507.84
vn 0.724744 -0.686807 0.0551544
v 58.0133 -127.391 1507.64
vn 0.344815 0.311354 0.885529
v 57.9837 -127.191 1507.92
vn 0.352228 -0.324574 0.877831
v 57.9837 -127.191 1507.92
vn 0.344815 0.311354 0.885529
v 58.0075 -126.991 1507.84
vn 0.305177 -0.524591 0.794777
v 58.0075 -126.991 1507.84
vn 0.721218 0.641101 -0.262363
v 58.1837 -127.189 1507.84
vn 0.734176 -0.676534 0.0573371
v 58.1837 -127.189 1507.84
vn 0.3491 0.31032 0.884212
v 58.1837 -127.189 1507.84
vn 0.352228 -0.324574 0.877831
v 58.1837 -127.189 1507.84
vn 0.627918 0.75283 -0.197398
v 57.8305 -126.791 1508.04
vn 0.305177 -0.524591 0.794777
v 57.8305 -126.791 1508.04
vn -0.307502 -0.571025 0.761165
v 57.8305 -126.791 1508.04
vn 0.525642 -0.818129 0.233164
v 57.8305 -126.791 1508.04
vn 0.81861 0.496179 -0.289283
v 57.5836 -124.591 1508.03
vn 0.84649 0.196912 0.494652
v 58.4918 -125.591 1509.44
vn -0.248453 0.895753 0.368642
v 58.4918 -125.591 1509.44
vn -0.134828 -0.281491 0.950044
v 58.1837 -124.768 1509.64
vn 0.795418 0.513244 -0.322321
v 58.1837 -124.768 1509.64
vn 0.84649 0.196912 0.494652
v 58.1837 -124.768 1509.64
vn -0.0105967 -0.813393 0.581618
v 58.1837 -124.768 1509.64
vn 0.815091 -0.440944 -0.375758
v 58.3836 -124.628 1509.84
vn 0.878145 -0.329873 0.346475
v 58.3836 -124.628 1509.84
vn 0.878145 -0.329873 0.346475
v 58.3836 -124.418 1510.04
vn 0.371617 0.115565 0.921165
v 58.3836 -124.418 1510.04
vn 0.865672 0.269206 0.422067
v 58.3836 -124.418 1510.04
vn -0.134476 -0.491579 0.860387
v 57.3836 -123.591 1510.34
vn 0.371617 0.115565 0.921165
v 57.9837 -123.991 1510.15
vn 0.912451 -0.108791 -0.394458
v 58.2508 -123.991 1510.04
vn 0.371617 0.115565 0.921165
v 58.2508 -123.991 1510.04
vn 0.244653 -0.756549 0.606447
v 58.2508 -123.991 1510.04
vn 0.697774 -0.489236 0.523221
v 58.2508 -123.991 1510.04
vn 0.865672 0.269206 0.422067
v 58.2508 -123.991 1510.04
vn 0.697774 -0.489236 0.523221
v 58.1837 -123.791 1510.32
vn 0.220733 -0.710593 0.668083
v 58.1837 -123.791 1510.32
vn 0.643518 -0.732301 -0.222756
v 58.1837 -123.791 1510.32
vn 0.160725 -0.126068 0.978915
v 58.1837 -122.991 1510.77
vn 0.878145 -0.329873 0.346475
v 58.4727 -124.391 1509.84
vn 0.878297 0.405769 -0.252874
v 58.4727 -124.391 1509.84
vn 0.865672 0.269206 0.422067
v 58.4727 -124.391 1509.84
vn 0.697774 -0.489236 0.523221
v 58.3836 -123.591 1510.24
vn 0.815353 -0.547624 -0.187904
v 58.454 -123.591 1510.44
vn 0.882581 -0.390903 -0.261236
v 58.554 -123.391 1510.44
vn 0.247948 -0.701321 0.668334
v 58.3836 -123.391 1510.68
vn 0.181826 -0.1256 0.975276
v 58.3836 -123.391 1510.68
vn 0.218437 -0.727046 0.650914
v 58.3836 -122.991 1510.73
vn 0.936567 0.336955 0.0964523
v 58.3836 -122.991 1510.73
vn 0.783788 -0.35585 -0.508967
v 58.3836 -122.991 1510.73
vn 0.846318 -0.532139 -0.0239448
v 58.3836 -122.991 1510.73
vn -0.0917774 -0.367296 0.925565
v 57.3836 -121.991 1511.11
vn 0.960427 0.159599 0.228272
v 58.3836 -122.191 1510.17
vn 0.923497 0.0906292 -0.372746
v 58.3836 -122.191 1510.17
vn 0.88423 0.425314 -0.192989
v 58.4258 -121.791 1511.24
vn 0.790424 -0.398233 -0.465447
v 58.4258 -121.791 1511.24
vn 0 0 1
v 58.4258 -121.791 1511.24
vn 0.135213 -0.502129 0.854157
v 58.4258 -121.791 1511.24
vn 0.79831 -0.40539 0.445377
v 58.4258 -121.791 1511.24
vn 0.954001 0.123879 -0.273015
v 57.7836 -118.591 1509.42
vn 0.374527 -0.216132 0.901674
v 56.9837 -118.991 1512.01
vn 0.763804 0.615455 -0.194468
v 57.3836 -117.171 1509.04
vn 0.63304 0.265167 0.727287
v 58.3836 -117.191 1512.8
vn 0.958779 0.27963 0.0504978
v 58.479 -116.991 1512.64
vn 0.63304 0.265167 0.727287
v 58.479 -116.991 1512.64
vn 0.862865 0.355931 0.358856
v 58.479 -116.991 1512.64
vn 0.934943 -0.224873 -0.274432
v 57.2883 -115.191 1511.04
vn 0.918934 0.392409 -0.0396929
v 57.2883 -115.191 1511.04
vn 0.874267 -0.082932 -0.478309
v 57.2883 -115.191 1511.04
vn 0.856921 0.158969 -0.490322
v 57.7836 -115.591 1511.92
vn 0.821017 0.18793 -0.539086
v 58.2165 -115.991 1512.44
vn 0.982312 0.159979 0.097317
v 58.1837 -115.991 1512.71
vn 0.729184 0.169282 0.663049
v 58.1837 -115.991 1512.71
vn 0.0185207 -0.316941 0.948264
v 57.9837 -115.191 1512.94
vn 0.950761 -0.127394 0.282531
v 58.1837 -115.191 1512.94
vn 0.911236 -0.177219 0.371811
v 58.2571 -114.991 1512.84
vn 0.854066 -0.144521 0.499685
v 58.1837 -113.991 1513.48
vn -0.61571 -0.311906 0.723614
v 58.1837 -113.991 1513.48
vn 0.816283 -0.131592 0.562464
v 58.2415 -113.791 1513.44
vn 0.541211 0 0.840887
v 57.3836 -112.012 1513.84
vn -0.0529727 -0.0618063 0.996681
v 57.3836 -112.012 1513.84
vn 0.900612 0.408028 0.149701
v 57.5926 -112.191 1513.84
vn 0.720297 0.227287 0.655372
v 57.5926 -112.191 1513.84
vn 0.816418 0.561289 0.135707
v 57.9008 -112.591 1513.64
vn 0.990416 0.137963 0.00647568
v 57.9008 -112.591 1513.64
vn 0.720297 0.227287 0.655372
v 57.9008 -112.591 1513.64
vn 0.702891 -0.0718746 0.707656
v 57.9837 -113.191 1513.76
vn 0.963575 0.267364 0.00630019
v 57.9837 -113.191 1513.76
vn 0.720297 0.227287 0.655372
v 57.9837 -113.191 1513.76
vn -0.105594 -0.123202 0.986748
v 57.9837 -113.191 1513.76
vn 0.541211 0 0.840887
v 56.9837 -110.791 1514.1
vn 0.815647 -0.53113 -0.229393
v 56.9837 -110.791 1514.1
vn 0.865446 -0.41138 0.285954
v 56.9837 -110.791 1514.1
vn 0.844008 0.490367 0.217234
v 56.9837 -110.791 1514.1
vn 0.833012 -0.479932 0.275238
v 57.0977 -110.591 1514.04
vn 0.751111 -0.501844 0.428935
v 56.9837 -110.591 1514.39
vn 0.541211 0 0.840887
v 57.3836 -111.365 1513.84
vn 0 0 1
v 57.3836 -111.365 1513.84
vn 0.942399 0.27674 -0.187878
v 57.1027 -110.391 1514.44
vn 0.86797 -0.145203 0.474914
v 57.1027 -110.391 1514.44
vn 0.260137 -0.0435182 0.964591
v 57.0268 -110.191 1514.64
vn 0.517576 -0.498628 0.695331
v 57.0268 -110.191 1514.64
vn 0.86797 -0.145203 0.474914
v 57.0268 -110.191 1514.64
vn 0.901287 0.405955 -0.15127
v 57.0602 -109.991 1514.64
vn 0.649051 0.557787 0.517307
v 57.0602 -109.991 1514.64
vn 0.86797 -0.145203 0.474914
v 57.0602 -109.991 1514.64
vn 0.875004 -0.471682 -0.109014
v 57.0446 -109.191 1514.84
vn 0.863845 0.468515 0.185109
v 57.0477 -109.191 1515.44
vn 0.253578 -0.844966 0.470882
v 57.0477 -109.191 1515.44
vn 0.880241 -0.474505 -0.00458366
v 57.0477 -109.191 1515.44
vn 0.847142 -0.288538 -0.446203
v 58.6321 -125.991 1509.04
vn 0.705297 -0.69429 -0.143242
v 58.6321 -125.991 1509.04
vn 0.311215 -0.929974 0.195685
v 58.5836 -125.965 1509.24
vn 0.607884 0.773178 -0.180757
v 58.5836 -125.483 1509.24
vn -0.248453 0.895753 0.368642
v 58.5836 -125.483 1509.24
vn 0.0781491 -0.986121 0.146487
v 58.7836 -125.919 1509.44
vn 0.705297 -0.69429 -0.143242
v 58.7836 -125.919 1509.44
vn 0.470991 -0.463641 0.75047
v 58.7836 -125.919 1509.44
vn 0.851411 0.505003 -0.141673
v 58.9102 -125.791 1509.44
vn 0.705297 -0.69429 -0.143242
v 58.9102 -125.791 1509.44
vn 0.470991 -0.463641 0.75047
v 58.9102 -125.791 1509.44
vn -0.248453 0.895753 0.368642
v 58.7885 -125.591 1509.64
vn 0.470991 -0.463641 0.75047
v 58.7885 -125.591 1509.64
vn 0.86001 0.510104 0.0133228
v 58.7885 -125.591 1509.64
vn 0.454922 0.890504 0.0070474
v 58.7885 -125.591 1509.64
vn 0.902932 0.411113 -0.125303
v 58.5836 -123.346 1510.64
vn 0.202844 -0.125073 0.971191
v 58.5836 -123.346 1510.64
vn 0.893949 -0.446974 -0.0327113
v 58.5836 -123.346 1510.64
vn 0.189223 -0.594526 0.781495
v 58.644 -122.591 1511.04
vn 0.89741 0.129253 0.42184
v 58.5836 -122.203 1511.24
vn 0.861336 -0.331249 0.385193
v 58.629 -121.391 1511.24
vn 0.908523 -0.270609 0.318367
v 58.6696 -120.991 1511.44
vn 0.851159 -0.276138 0.446403
v 58.5836 -120.991 1511.69
vn 0.884202 -0.307814 -0.351336
v 58.6633 -120.791 1511.64
vn 0.834806 -0.218169 0.505471
v 58.6633 -120.791 1511.64
vn 0.443284 -0.797771 0.408731
v 58.6633 -120.791 1511.64
vn 0.728135 -0.138097 0.671378
v 58.5836 -120.791 1511.73
vn 0.443284 -0.797771 0.408731
v 58.5836 -120.791 1511.73
vn 0.443284 -0.797771 0.408731
v 58.7836 -120.621 1511.84
vn 0.898104 -0.383308 -0.215603
v 58.7836 -120.621 1511.84
vn 0.661097 -0.296735 0.689129
v 58.7836 -120.621 1511.84
vn 0.692354 -0.295494 0.658278
v 58.8821 -120.391 1511.84
vn 0.923793 0.000513272 -0.382891
v 58.9481 -119.791 1512.04
vn 0.573288 0.54376 0.612916
v 58.7836 -118.391 1512.7
vn 0.32764 0.14187 0.93409
v 58.7836 -118.391 1512.7
vn 0.961481 -0.23968 0.134563
v 58.7836 -118.391 1512.7
vn 0.718557 -0.0939919 0.689087
v 58.7836 -118.391 1512.7
vn 0.573288 0.54376 0.612916
v 58.8696 -118.191 1512.44
vn 0.961481 -0.23968 0.134563
v 58.8696 -118.191 1512.44
vn 0.983292 -0.067098 -0.169219
v 59.104 -119.191 1512.44
vn 0.904392 0.00719318 0.426642
v 59.104 -119.191 1512.44
vn 0.902737 -0.0609014 0.425861
v 59.1008 -118.791 1512.44
vn 0.32764 0.14187 0.93409
v 58.9837 -118.791 1512.69
vn 0.902737 -0.0609014 0.425861
v 58.9837 -118.791 1512.69
vn 0.32764 0.14187 0.93409
v 59.0352 -118.591 1512.64
vn 0.896892 -0.128713 0.423104
v 59.0352 -118.591 1512.64
vn 0.931763 0.359119 -0.0533955
v 59.0352 -118.591 1512.64
vn 0.718557 -0.0939919 0.689087
v 58.8915 -117.991 1512.64
vn 0.930637 0.278238 -0.237695
v 58.8915 -117.991 1512.64
vn 0.862865 0.355931 0.358856
v 58.8915 -117.991 1512.64
vn 0.718557 -0.0939919 0.689087
v 58.7258 -117.791 1512.84
vn 0.522613 0.355069 0.775114
v 58.7258 -117.791 1512.84
vn 0.862865 0.355931 0.358856
v 58.7258 -117.791 1512.84
f 8//8 13//13 1//1
f 8//8 1//1 2//2
f 1006//1006 17//17 1007//1007
f 1007//1007 17//17 46//46
f 2//2 3//3 19//19
f 3//3 54//54 19//19
f 46//46 47//47 1007//1007
f 2//2 1012//1012 3//3
f 1012//1012 54//54 3//3
f 4//4 5//5 21//21
f 5//5 20//20 21//21
f 6//6 8//8 7//7
f 10//10 9//9 1008//1008
f 4//4 10//10 1008//1008
f 1008//1008 5//5 4//4
f 5//5 6//6 7//7
f 7//7 18//18 5//5
f 12//12 10//10 4//4
f 12//12 4//4 21//21
f 23//23 12//12 21//21
f 7//7 8//8 19//19
f 13//13 6//6 9//9
f 8//8 6//6 13//13
f 10//10 14//14 9//9
f 12//12 14//14 10//10
f 11//11 14//14 12//12
f 12//12 23//23 11//11
f 1//1 13//13 9//9
f 1//1 9//9 15//15
f 2//2 19//19 8//8
f 15//15 9//9 14//14
f 15//15 14//14 16//16
f 16//16 14//14 11//11
f 15//15 1009//1009 1//1
f 15//15 16//16 25//25
f 46//46 1010//1010 48//48
f 48//48 1010//1010 15//15
f 15//15 25//25 48//48
f 25//25 51//51 48//48
f 7//7 19//19 52//52
f 7//7 52//52 18//18
f 54//54 52//52 19//19
f 18//18 52//52 65//65
f 26//26 20//20 5//5
f 22//22 21//21 20//20
f 22//22 20//20 27//27
f 20//20 26//26 31//31
f 20//20 31//31 27//27
f 18//18 26//26 5//5
f 29//29 22//22 27//27
f 23//23 22//22 24//24
f 23//23 21//21 22//22
f 24//24 22//22 29//29
f 11//11 23//23 24//24
f 30//30 24//24 29//29
f 16//16 11//11 24//24
f 16//16 24//24 30//30
f 30//30 25//25 16//16
f 65//65 70//70 18//18
f 1011//1011 27//27 28//28
f 28//28 27//27 31//31
f 28//28 31//31 34//34
f 28//28 34//34 29//29
f 68//68 25//25 30//30
f 26//26 35//35 31//31
f 31//31 35//35 34//34
f 26//26 18//18 70//70
f 34//34 39//39 29//29
f 32//32 29//29 39//39
f 30//30 29//29 33//33
f 33//33 29//29 32//32
f 71//71 30//30 33//33
f 68//68 30//30 71//71
f 41//41 71//71 33//33
f 34//34 35//35 36//36
f 35//35 37//37 36//36
f 39//39 34//34 36//36
f 39//39 36//36 42//42
f 42//42 36//36 37//37
f 35//35 38//38 37//37
f 35//35 26//26 38//38
f 26//26 70//70 38//38
f 38//38 70//70 45//45
f 39//39 40//40 32//32
f 40//40 33//33 32//32
f 41//41 33//33 40//40
f 72//72 40//40 39//39
f 72//72 39//39 42//42
f 73//73 41//41 40//40
f 73//73 40//40 72//72
f 38//38 45//45 37//37
f 42//42 37//37 44//44
f 42//42 76//76 72//72
f 42//42 44//44 43//43
f 76//76 42//42 43//43
f 77//77 76//76 43//43
f 44//44 77//77 43//43
f 37//37 45//45 44//44
f 49//49 47//47 46//46
f 46//46 48//48 49//49
f 49//49 48//48 50//50
f 47//47 49//49 1013//1013
f 50//50 48//48 51//51
f 52//52 54//54 53//53
f 47//47 1013//1013 1014//1014
f 50//50 51//51 63//63
f 1014//1014 1013//1013 1020//1020
f 51//51 64//64 63//63
f 57//57 52//52 53//53
f 57//57 66//66 52//52
f 1015//1015 55//55 53//53
f 55//55 57//57 53//53
f 66//66 57//57 58//58
f 1017//1017 1016//1016 56//56
f 1018//1018 59//59 55//55
f 55//55 59//59 57//57
f 57//57 60//60 58//58
f 1019//1019 1014//1014 1020//1020
f 61//61 59//59 1019//1019
f 57//57 59//59 60//60
f 61//61 1019//1019 1020//1020
f 59//59 95//95 60//60
f 60//60 95//95 58//58
f 51//51 25//25 62//62
f 51//51 62//62 64//64
f 68//68 69//69 62//62
f 52//52 66//66 65//65
f 93//93 96//96 63//63
f 63//63 64//64 93//93
f 65//65 66//66 67//67
f 66//66 98//98 67//67
f 67//67 70//70 65//65
f 58//58 98//98 66//66
f 67//67 104//104 70//70
f 68//68 62//62 25//25
f 71//71 110//110 68//68
f 41//41 110//110 71//71
f 74//74 73//73 72//72
f 74//74 76//76 79//79
f 74//74 72//72 76//76
f 75//75 73//73 74//74
f 79//79 75//75 74//74
f 41//41 73//73 75//75
f 79//79 85//85 75//75
f 110//110 41//41 75//75
f 78//78 79//79 76//76
f 77//77 78//78 76//76
f 77//77 44//44 80//80
f 78//78 77//77 80//80
f 79//79 78//78 80//80
f 85//85 79//79 81//81
f 79//79 80//80 81//81
f 80//80 44//44 82//82
f 82//82 44//44 86//86
f 80//80 83//83 81//81
f 82//82 83//83 80//80
f 87//87 83//83 82//82
f 87//87 82//82 86//86
f 84//84 85//85 81//81
f 83//83 84//84 81//81
f 87//87 84//84 83//83
f 85//85 110//110 75//75
f 111//111 110//110 85//85
f 111//111 85//85 109//109
f 84//84 109//109 85//85
f 84//84 89//89 109//109
f 113//113 86//86 90//90
f 87//87 88//88 84//84
f 87//87 86//86 88//88
f 113//113 88//88 86//86
f 84//84 88//88 89//89
f 44//44 90//90 86//86
f 90//90 115//115 113//113
f 44//44 45//45 91//91
f 44//44 91//91 90//90
f 90//90 92//92 114//114
f 115//115 90//90 114//114
f 90//90 91//91 92//92
f 91//91 121//121 92//92
f 121//121 91//91 123//123
f 61//61 94//94 59//59
f 61//61 1020//1020 96//96
f 94//94 61//61 96//96
f 59//59 94//94 95//95
f 135//135 94//94 96//96
f 93//93 64//64 101//101
f 96//96 93//93 101//101
f 98//98 58//58 99//99
f 99//99 58//58 95//95
f 98//98 104//104 67//67
f 100//100 98//98 99//99
f 94//94 97//97 95//95
f 95//95 97//97 99//99
f 94//94 135//135 97//97
f 104//104 98//98 100//100
f 69//69 68//68 105//105
f 62//62 101//101 64//64
f 101//101 62//62 102//102
f 69//69 103//103 62//62
f 102//102 62//62 103//103
f 101//101 102//102 197//197
f 197//197 102//102 103//103
f 138//138 103//103 140//140
f 96//96 101//101 197//197
f 104//104 100//100 142//142
f 106//106 140//140 103//103
f 69//69 106//106 103//103
f 1022//1022 1021//1021 107//107
f 69//69 105//105 144//144
f 1021//1021 144//144 107//107
f 107//107 140//140 1022//1022
f 112//112 108//108 68//68
f 105//105 68//68 108//108
f 70//70 142//142 147//147
f 89//89 111//111 109//109
f 68//68 110//110 112//112
f 111//111 112//112 110//110
f 111//111 116//116 112//112
f 70//70 147//147 45//45
f 88//88 116//116 89//89
f 113//113 116//116 88//88
f 89//89 116//116 111//111
f 148//148 112//112 116//116
f 118//118 115//115 114//114
f 114//114 92//92 118//118
f 117//117 113//113 115//115
f 115//115 118//118 119//119
f 117//117 115//115 119//119
f 116//116 113//113 117//117
f 117//117 120//120 116//116
f 120//120 117//117 1023//1023
f 116//116 120//120 148//148
f 148//148 120//120 155//155
f 91//91 130//130 123//123
f 119//119 118//118 122//122
f 121//121 122//122 118//118
f 122//122 1024//1024 119//119
f 121//121 118//118 92//92
f 124//124 122//122 121//121
f 122//122 128//128 1024//1024
f 91//91 159//159 130//130
f 91//91 45//45 156//156
f 156//156 159//159 91//91
f 121//121 123//123 124//124
f 126//126 122//122 124//124
f 125//125 126//126 124//124
f 127//127 126//126 125//125
f 126//126 129//129 122//122
f 127//127 125//125 131//131
f 129//129 128//128 122//122
f 129//129 126//126 127//127
f 128//128 129//129 152//152
f 163//163 157//157 152//152
f 163//163 152//152 129//129
f 125//125 124//124 133//133
f 133//133 124//124 123//123
f 123//123 132//132 133//133
f 133//133 131//131 125//125
f 130//130 132//132 123//123
f 129//129 127//127 131//131
f 163//163 129//129 131//131
f 160//160 131//131 133//133
f 161//161 160//160 133//133
f 133//133 134//134 161//161
f 132//132 134//134 133//133
f 138//138 139//139 103//103
f 197//197 135//135 96//96
f 97//97 136//136 99//99
f 135//135 196//196 199//199
f 135//135 197//197 196//196
f 99//99 136//136 100//100
f 135//135 137//137 97//97
f 137//137 136//136 97//97
f 198//198 136//136 137//137
f 137//137 135//135 199//199
f 103//103 139//139 197//197
f 138//138 141//141 139//139
f 139//139 141//141 197//197
f 140//140 201//201 138//138
f 141//141 138//138 201//201
f 141//141 201//201 197//197
f 142//142 70//70 104//104
f 100//100 143//143 142//142
f 100//100 136//136 143//143
f 136//136 198//198 143//143
f 105//105 108//108 145//145
f 144//144 105//105 146//146
f 140//140 107//107 144//144
f 142//142 143//143 202//202
f 108//108 112//112 150//150
f 146//146 105//105 145//145
f 145//145 108//108 205//205
f 145//145 205//205 1025//1025
f 1030//1030 108//108 149//149
f 149//149 108//108 150//150
f 148//148 150//150 112//112
f 144//144 146//146 207//207
f 210//210 214//214 147//147
f 142//142 210//210 147//147
f 148//148 335//335 150//150
f 45//45 147//147 156//156
f 155//155 151//151 1026//1026
f 1024//1024 128//128 153//153
f 120//120 153//153 155//155
f 215//215 216//216 151//151
f 151//151 155//155 215//215
f 154//154 152//152 157//157
f 128//128 152//152 153//153
f 154//154 153//153 152//152
f 153//153 154//154 155//155
f 157//157 232//232 154//154
f 162//162 163//163 131//131
f 158//158 155//155 154//154
f 154//154 232//232 158//158
f 130//130 175//175 132//132
f 130//130 159//159 175//175
f 231//231 175//175 159//159
f 162//162 160//160 161//161
f 162//162 131//131 160//160
f 164//164 163//163 162//162
f 164//164 165//165 166//166
f 164//164 162//162 165//165
f 162//162 161//161 165//165
f 161//161 173//173 165//165
f 163//163 169//169 157//157
f 169//169 163//163 164//164
f 166//166 165//165 167//167
f 167//167 165//165 173//173
f 164//164 166//166 169//169
f 168//168 166//166 167//167
f 167//167 242//242 168//168
f 157//157 169//169 232//232
f 168//168 169//169 166//166
f 168//168 170//170 169//169
f 169//169 170//170 232//232
f 168//168 171//171 170//170
f 170//170 171//171 172//172
f 171//171 168//168 242//242
f 134//134 173//173 161//161
f 134//134 179//179 173//173
f 174//174 167//167 173//173
f 174//174 242//242 167//167
f 242//242 174//174 243//243
f 179//179 134//134 177//177
f 132//132 175//175 134//134
f 175//175 178//178 134//134
f 173//173 176//176 174//174
f 174//174 176//176 266//266
f 134//134 178//178 177//177
f 184//184 179//179 183//183
f 173//173 179//179 180//180
f 184//184 180//180 179//179
f 187//187 184//184 183//183
f 173//173 181//181 176//176
f 173//173 1028//1028 181//181
f 182//182 176//176 181//181
f 182//182 181//181 185//185
f 281//281 182//182 185//185
f 177//177 193//193 183//183
f 177//177 183//183 179//179
f 178//178 193//193 177//177
f 178//178 305//305 193//193
f 181//181 1028//1028 184//184
f 184//184 187//187 188//188
f 185//185 181//181 184//184
f 185//185 184//184 186//186
f 184//184 188//188 186//186
f 282//282 185//185 186//186
f 187//187 183//183 191//191
f 189//189 187//187 191//191
f 189//189 188//188 187//187
f 186//186 188//188 189//189
f 189//189 191//191 192//192
f 186//186 189//189 282//282
f 282//282 189//189 1029//1029
f 282//282 1029//1029 288//288
f 191//191 183//183 190//190
f 183//183 193//193 190//190
f 190//190 313//313 191//191
f 285//285 192//192 191//191
f 1029//1029 285//285 288//288
f 193//193 313//313 190//190
f 193//193 305//305 194//194
f 195//195 191//191 313//313
f 306//306 195//195 311//311
f 193//193 194//194 313//313
f 194//194 316//316 313//313
f 197//197 201//201 321//321
f 137//137 200//200 198//198
f 200//200 137//137 199//199
f 196//196 197//197 321//321
f 200//200 322//322 198//198
f 203//203 140//140 144//144
f 203//203 201//201 140//140
f 201//201 203//203 321//321
f 198//198 202//202 143//143
f 142//142 202//202 210//210
f 144//144 207//207 203//203
f 1025//1025 205//205 1031//1031
f 321//321 203//203 204//204
f 204//204 203//203 333//333
f 202//202 332//332 210//210
f 1030//1030 149//149 207//207
f 149//149 150//150 209//209
f 149//149 206//206 207//207
f 150//150 335//335 209//209
f 207//207 206//206 208//208
f 206//206 149//149 208//208
f 208//208 149//149 209//209
f 337//337 203//203 207//207
f 333//333 203//203 337//337
f 207//207 208//208 337//337
f 208//208 209//209 337//337
f 209//209 335//335 337//337
f 1026//1026 151//151 211//211
f 1026//1026 211//211 212//212
f 211//211 151//151 218//218
f 211//211 218//218 212//212
f 148//148 334//334 335//335
f 212//212 334//334 1026//1026
f 212//212 213//213 340//340
f 334//334 212//212 336//336
f 1075//1075 1032//1032 1076//1076
f 214//214 156//156 147//147
f 151//151 216//216 217//217
f 216//216 215//215 220//220
f 217//217 220//220 221//221
f 217//217 216//216 220//220
f 218//218 151//151 217//217
f 212//212 218//218 213//213
f 217//217 221//221 218//218
f 218//218 344//344 213//213
f 218//218 221//221 344//344
f 215//215 219//219 220//220
f 155//155 219//219 215//215
f 219//219 155//155 222//222
f 155//155 225//225 222//222
f 220//220 219//219 223//223
f 223//223 219//219 222//222
f 223//223 221//221 220//220
f 344//344 221//221 223//223
f 223//223 222//222 224//224
f 223//223 224//224 343//343
f 222//222 226//226 224//224
f 346//346 224//224 226//226
f 224//224 346//346 343//343
f 236//236 158//158 232//232
f 225//225 155//155 158//158
f 158//158 236//236 235//235
f 225//225 158//158 235//235
f 222//222 225//225 229//229
f 229//229 227//227 222//222
f 222//222 1033//1033 226//226
f 226//226 1033//1033 228//228
f 229//229 1034//1034 227//227
f 225//225 230//230 229//229
f 229//229 230//230 348//348
f 156//156 231//231 159//159
f 156//156 428//428 231//231
f 428//428 373//373 231//231
f 233//233 1027//1027 171//171
f 246//246 233//233 242//242
f 233//233 171//171 242//242
f 1037//1037 248//248 233//233
f 233//233 248//248 1027//1027
f 170//170 172//172 238//238
f 234//234 237//237 170//170
f 234//234 170//170 1035//1035
f 234//234 1035//1035 237//237
f 235//235 236//236 239//239
f 232//232 170//170 237//237
f 232//232 237//237 236//236
f 238//238 250//250 253//253
f 1035//1035 1041//1041 237//237
f 237//237 239//239 236//236
f 239//239 241//241 235//235
f 235//235 241//241 240//240
f 358//358 239//239 237//237
f 235//235 240//240 225//225
f 241//241 239//239 358//358
f 231//231 373//373 175//175
f 244//244 243//243 174//174
f 243//243 244//244 245//245
f 264//264 244//244 174//174
f 172//172 250//250 238//238
f 247//247 242//242 243//243
f 247//247 243//243 245//245
f 244//244 264//264 265//265
f 1036//1036 244//244 265//265
f 248//248 251//251 1027//1027
f 1027//1027 251//251 1040//1040
f 1038//1038 242//242 247//247
f 252//252 249//249 247//247
f 245//245 252//252 247//247
f 255//255 251//251 248//248
f 249//249 1039//1039 1038//1038
f 247//247 249//249 1038//1038
f 1039//1039 249//249 1042//1042
f 249//249 252//252 1043//1043
f 1036//1036 265//265 268//268
f 252//252 245//245 1048//1048
f 1040//1040 251//251 255//255
f 250//250 254//254 253//253
f 255//255 254//254 1040//1040
f 253//253 254//254 256//256
f 254//254 255//255 256//256
f 255//255 257//257 256//256
f 274//274 257//257 255//255
f 256//256 259//259 253//253
f 1041//1041 258//258 237//237
f 1044//1044 258//258 1041//1041
f 259//259 256//256 257//257
f 258//258 1044//1044 260//260
f 258//258 358//358 237//237
f 258//258 261//261 1082//1082
f 260//260 261//261 258//258
f 260//260 1044//1044 262//262
f 260//260 262//262 261//261
f 257//257 274//274 263//263
f 257//257 1046//1046 259//259
f 259//259 1046//1046 1045//1045
f 174//174 266//266 264//264
f 176//176 269//269 266//266
f 269//269 176//176 182//182
f 264//264 267//267 265//265
f 264//264 266//266 1047//1047
f 269//269 182//182 281//281
f 267//267 268//268 265//265
f 267//267 271//271 268//268
f 266//266 1050//1050 1047//1047
f 266//266 273//273 1050//1050
f 266//266 269//269 273//273
f 1043//1043 252//252 274//274
f 274//274 252//252 270//270
f 252//252 1048//1048 270//270
f 1049//1049 268//268 271//271
f 1050//1050 273//273 272//272
f 274//274 270//270 363//363
f 270//270 275//275 363//363
f 1049//1049 271//271 276//276
f 1049//1049 276//276 275//275
f 1050//1050 272//272 276//276
f 273//273 370//370 272//272
f 275//275 276//276 272//272
f 370//370 273//273 279//279
f 1052//1052 273//273 269//269
f 269//269 277//277 1052//1052
f 269//269 278//278 277//277
f 277//277 278//278 280//280
f 277//277 280//280 371//371
f 178//178 175//175 384//384
f 175//175 373//373 384//384
f 178//178 384//384 305//305
f 281//281 185//185 282//282
f 288//288 284//284 282//282
f 269//269 281//281 283//283
f 269//269 283//283 278//278
f 281//281 282//282 284//284
f 288//288 287//287 284//284
f 281//281 1055//1055 283//283
f 1055//1055 289//289 283//283
f 284//284 287//287 1057//1057
f 293//293 288//288 285//285
f 308//308 293//293 285//285
f 278//278 283//283 290//290
f 286//286 1054//1054 1058//1058
f 1056//1056 290//290 283//283
f 287//287 288//288 291//291
f 293//293 291//291 288//288
f 1057//1057 287//287 291//291
f 1059//1059 1060//1060 1056//1056
f 292//292 1056//1056 1060//1060
f 292//292 290//290 1056//1056
f 291//291 293//293 1061//1061
f 290//290 292//292 294//294
f 290//290 300//300 278//278
f 1063//1063 1062//1062 296//296
f 1066//1066 1061//1061 293//293
f 309//309 293//293 308//308
f 290//290 294//294 295//295
f 293//293 310//310 299//299
f 295//295 300//300 290//290
f 300//300 295//295 301//301
f 1064//1064 1063//1063 296//296
f 1064//1064 296//296 297//297
f 1064//1064 297//297 298//298
f 1065//1065 1068//1068 1069//1069
f 1069//1069 1068//1068 303//303
f 293//293 299//299 1066//1066
f 1066//1066 299//299 1067//1067
f 1067//1067 299//299 1068//1068
f 1068//1068 299//299 304//304
f 299//299 1071//1071 304//304
f 375//375 300//300 301//301
f 375//375 301//301 302//302
f 302//302 301//301 1070//1070
f 302//302 1070//1070 377//377
f 303//303 1068//1068 304//304
f 303//303 304//304 377//377
f 304//304 1071//1071 382//382
f 194//194 305//305 390//390
f 285//285 191//191 195//195
f 285//285 195//195 307//307
f 307//307 195//195 306//306
f 308//308 285//285 307//307
f 308//308 307//307 309//309
f 307//307 306//306 309//309
f 309//309 306//306 311//311
f 311//311 386//386 309//309
f 293//293 309//309 312//312
f 386//386 312//312 309//309
f 293//293 312//312 310//310
f 310//310 312//312 382//382
f 195//195 313//313 314//314
f 195//195 314//314 311//311
f 314//314 313//313 315//315
f 317//317 315//315 318//318
f 317//317 314//314 315//315
f 313//313 318//318 315//315
f 314//314 317//317 311//311
f 1072//1072 386//386 311//311
f 194//194 319//319 316//316
f 390//390 319//319 194//194
f 387//387 386//386 1072//1072
f 313//313 316//316 320//320
f 320//320 318//318 313//313
f 320//320 316//316 319//319
f 320//320 393//393 318//318
f 1072//1072 1073//1073 387//387
f 387//387 1073//1073 393//393
f 395//395 393//393 320//320
f 390//390 398//398 319//319
f 319//319 398//398 320//320
f 395//395 320//320 398//398
f 323//323 200//200 199//199
f 196//196 321//321 326//326
f 323//323 199//199 196//196
f 322//322 200//200 323//323
f 1074//1074 323//323 196//196
f 323//323 1074//1074 327//327
f 322//322 324//324 198//198
f 202//202 198//198 324//324
f 322//322 325//325 324//324
f 323//323 325//325 322//322
f 321//321 204//204 326//326
f 333//333 328//328 204//204
f 326//326 204//204 328//328
f 326//326 328//328 329//329
f 323//323 327//327 325//325
f 1074//1074 329//329 327//327
f 329//329 402//402 327//327
f 202//202 324//324 331//331
f 331//331 332//332 202//202
f 325//325 330//330 324//324
f 324//324 330//330 331//331
f 327//327 330//330 325//325
f 330//330 327//327 1086//1086
f 330//330 410//410 331//331
f 410//410 332//332 331//331
f 333//333 404//404 328//328
f 329//329 328//328 405//405
f 404//404 333//333 490//490
f 332//332 338//338 210//210
f 338//338 332//332 413//413
f 337//337 335//335 341//341
f 335//335 334//334 341//341
f 336//336 341//341 334//334
f 341//341 336//336 342//342
f 337//337 341//341 419//419
f 337//337 419//419 333//333
f 333//333 419//419 426//426
f 333//333 426//426 490//490
f 214//214 210//210 339//339
f 339//339 156//156 214//214
f 210//210 338//338 339//339
f 489//489 491//491 338//338
f 338//338 491//491 339//339
f 213//213 344//344 340//340
f 1077//1077 1075//1075 1076//1076
f 342//342 340//340 344//344
f 341//341 342//342 419//419
f 156//156 339//339 428//428
f 349//349 343//343 346//346
f 223//223 343//343 429//429
f 343//343 349//349 429//429
f 223//223 429//429 344//344
f 344//344 429//429 345//345
f 1078//1078 226//226 228//228
f 1078//1078 228//228 347//347
f 1034//1034 229//229 1079//1079
f 228//228 348//348 347//347
f 349//349 1078//1078 347//347
f 349//349 347//347 429//429
f 348//348 429//429 347//347
f 230//230 352//352 348//348
f 429//429 348//348 355//355
f 350//350 230//230 225//225
f 230//230 350//350 354//354
f 225//225 240//240 350//350
f 351//351 350//350 240//240
f 354//354 350//350 1080//1080
f 240//240 241//241 353//353
f 1081//1081 240//240 353//353
f 354//354 356//356 230//230
f 352//352 230//230 356//356
f 348//348 352//352 355//355
f 356//356 354//354 360//360
f 1080//1080 360//360 354//354
f 1081//1081 353//353 360//360
f 356//356 355//355 352//352
f 356//356 360//360 355//355
f 373//373 428//428 434//434
f 274//274 363//363 263//263
f 261//261 357//357 1082//1082
f 262//262 357//357 261//261
f 1045//1045 1046//1046 364//364
f 1045//1045 364//364 357//357
f 364//364 263//263 363//363
f 357//357 364//364 366//366
f 1082//1082 357//357 362//362
f 359//359 241//241 358//358
f 357//357 366//366 362//362
f 361//361 353//353 241//241
f 1083//1083 359//359 358//358
f 360//360 353//353 361//361
f 361//361 241//241 359//359
f 361//361 430//430 360//360
f 359//359 430//430 361//361
f 1083//1083 433//433 359//359
f 433//433 438//438 359//359
f 275//275 365//365 363//363
f 275//275 272//272 365//365
f 366//366 364//364 363//363
f 363//363 365//365 366//366
f 366//366 367//367 362//362
f 367//367 366//366 369//369
f 366//366 1084//1084 369//369
f 368//368 367//367 369//369
f 434//434 441//441 373//373
f 277//277 372//372 1052//1052
f 371//371 372//372 277//277
f 370//370 1052//1052 372//372
f 272//272 370//370 365//365
f 371//371 379//379 372//372
f 372//372 444//444 370//370
f 365//365 370//370 444//444
f 379//379 444//444 372//372
f 369//369 365//365 444//444
f 374//374 373//373 441//441
f 441//441 466//466 374//374
f 278//278 300//300 375//375
f 377//377 376//376 302//302
f 376//376 375//375 302//302
f 377//377 304//304 454//454
f 371//371 280//280 379//379
f 1051//1051 1085//1085 378//378
f 1051//1051 378//378 1053//1053
f 375//375 376//376 378//378
f 378//378 376//376 454//454
f 376//376 377//377 454//454
f 379//379 1053//1053 378//378
f 379//379 378//378 380//380
f 380//380 378//378 454//454
f 380//380 381//381 379//379
f 379//379 381//381 444//444
f 384//384 385//385 305//305
f 373//373 466//466 384//384
f 374//374 466//466 373//373
f 312//312 386//386 382//382
f 382//382 454//454 304//304
f 383//383 382//382 386//386
f 454//454 382//382 383//383
f 383//383 467//467 453//453
f 383//383 386//386 467//467
f 454//454 383//383 453//453
f 385//385 390//390 305//305
f 385//385 391//391 390//390
f 384//384 466//466 385//385
f 467//467 386//386 389//389
f 389//389 386//386 387//387
f 387//387 388//388 389//389
f 394//394 387//387 393//393
f 388//388 387//387 394//394
f 467//467 389//389 469//469
f 388//388 394//394 389//389
f 389//389 394//394 475//475
f 390//390 400//400 398//398
f 391//391 392//392 390//390
f 390//390 392//392 400//400
f 398//398 396//396 395//395
f 393//393 395//395 396//396
f 397//397 394//394 393//393
f 393//393 396//396 397//397
f 397//397 396//396 399//399
f 397//397 399//399 477//477
f 475//475 394//394 397//397
f 396//396 398//398 399//399
f 399//399 398//398 478//478
f 401//401 478//478 398//398
f 400//400 401//401 398//398
f 401//401 400//400 479//479
f 402//402 329//329 406//406
f 403//403 410//410 330//330
f 403//403 330//330 1086//1086
f 411//411 410//410 403//403
f 402//402 406//406 407//407
f 1086//1086 407//407 403//403
f 403//403 407//407 411//411
f 328//328 404//404 405//405
f 409//409 329//329 408//408
f 408//408 329//329 405//405
f 405//405 404//404 408//408
f 411//411 407//407 406//406
f 406//406 329//329 409//409
f 406//406 409//409 411//411
f 409//409 408//408 412//412
f 332//332 410//410 1087//1087
f 410//410 414//414 1087//1087
f 409//409 412//412 411//411
f 414//414 410//410 411//411
f 411//411 412//412 417//417
f 412//412 408//408 417//417
f 414//414 411//411 417//417
f 417//417 484//484 414//414
f 414//414 484//484 1087//1087
f 404//404 490//490 416//416
f 415//415 408//408 404//404
f 404//404 1088//1088 415//415
f 415//415 1088//1088 483//483
f 408//408 415//415 417//417
f 415//415 481//481 417//417
f 415//415 482//482 481//481
f 489//489 338//338 413//413
f 488//488 1087//1087 484//484
f 344//344 345//345 418//418
f 345//345 421//421 418//418
f 344//344 419//419 342//342
f 344//344 420//420 419//419
f 418//418 420//420 344//344
f 420//420 418//418 423//423
f 420//420 423//423 419//419
f 422//422 418//418 421//421
f 1089//1089 418//418 422//422
f 422//422 421//421 431//431
f 1089//1089 422//422 424//424
f 419//419 423//423 426//426
f 422//422 431//431 424//424
f 1089//1089 425//425 427//427
f 1089//1089 424//424 425//425
f 427//427 425//425 432//432
f 426//426 423//423 427//427
f 427//427 432//432 426//426
f 426//426 432//432 493//493
f 339//339 491//491 428//428
f 345//345 429//429 421//421
f 421//421 429//429 431//431
f 431//431 429//429 430//430
f 424//424 1091//1091 1090//1090
f 1091//1091 424//424 431//431
f 432//432 431//431 430//430
f 432//432 430//430 493//493
f 355//355 360//360 430//430
f 355//355 430//430 429//429
f 499//499 428//428 491//491
f 1083//1083 435//435 433//433
f 433//433 435//435 438//438
f 362//362 436//436 435//435
f 430//430 359//359 438//438
f 430//430 438//438 498//498
f 438//438 440//440 498//498
f 428//428 442//442 434//434
f 436//436 362//362 367//367
f 437//437 436//436 367//367
f 437//437 367//367 445//445
f 367//367 368//368 445//445
f 435//435 436//436 439//439
f 439//439 436//436 437//437
f 435//435 439//439 438//438
f 438//438 439//439 440//440
f 501//501 439//439 437//437
f 434//434 442//442 441//441
f 445//445 368//368 443//443
f 368//368 369//369 443//443
f 444//444 443//443 369//369
f 445//445 443//443 446//446
f 443//443 447//447 446//446
f 443//443 444//444 1092//1092
f 447//447 448//448 446//446
f 1092//1092 444//444 448//448
f 446//446 448//448 445//445
f 445//445 501//501 437//437
f 445//445 448//448 501//501
f 466//466 441//441 449//449
f 442//442 449//449 441//441
f 444//444 381//381 450//450
f 444//444 450//450 451//451
f 450//450 381//381 464//464
f 444//444 451//451 448//448
f 450//450 464//464 451//451
f 448//448 451//451 452//452
f 452//452 451//451 504//504
f 451//451 464//464 505//505
f 381//381 380//380 454//454
f 455//455 381//381 454//454
f 455//455 454//454 457//457
f 457//457 454//454 453//453
f 456//456 381//381 455//455
f 455//455 457//457 456//456
f 381//381 456//456 460//460
f 457//457 458//458 456//456
f 456//456 458//458 467//467
f 457//457 453//453 467//467
f 457//457 467//467 458//458
f 381//381 460//460 464//464
f 459//459 456//456 467//467
f 1093//1093 1095//1095 462//462
f 462//462 1095//1095 467//467
f 461//461 460//460 1094//1094
f 461//461 1094//1094 463//463
f 460//460 461//461 463//463
f 1093//1093 462//462 1096//1096
f 460//460 463//463 465//465
f 467//467 470//470 462//462
f 462//462 470//470 1096//1096
f 464//464 460//460 465//465
f 463//463 470//470 465//465
f 472//472 391//391 385//385
f 385//385 466//466 472//472
f 507//507 466//466 449//449
f 475//475 474//474 389//389
f 474//474 469//469 389//389
f 468//468 474//474 476//476
f 474//474 468//468 469//469
f 468//468 471//471 469//469
f 469//469 471//471 509//509
f 468//468 477//477 471//471
f 467//467 509//509 470//470
f 469//469 509//509 467//467
f 477//477 509//509 471//471
f 510//510 472//472 466//466
f 472//472 510//510 391//391
f 466//466 507//507 473//473
f 474//474 475//475 397//397
f 477//477 476//476 397//397
f 476//476 474//474 397//397
f 477//477 468//468 476//476
f 477//477 399//399 1097//1097
f 479//479 478//478 401//401
f 392//392 480//480 400//400
f 392//392 391//391 480//480
f 400//400 480//480 479//479
f 510//510 480//480 391//391
f 490//490 1098//1098 416//416
f 417//417 481//481 485//485
f 415//415 483//483 482//482
f 481//481 482//482 485//485
f 482//482 483//483 485//485
f 1098//1098 490//490 512//512
f 484//484 417//417 485//485
f 485//485 487//487 484//484
f 486//486 485//485 483//483
f 485//485 486//486 487//487
f 1098//1098 512//512 486//486
f 487//487 486//486 512//512
f 484//484 487//487 488//488
f 487//487 512//512 488//488
f 513//513 491//491 489//489
f 513//513 489//489 413//413
f 488//488 512//512 541//541
f 490//490 426//426 494//494
f 426//426 493//493 494//494
f 512//512 490//490 494//494
f 493//493 495//495 494//494
f 495//495 493//493 518//518
f 430//430 517//517 493//493
f 430//430 496//496 517//517
f 430//430 497//497 496//496
f 517//517 496//496 519//519
f 492//492 521//521 491//491
f 491//491 521//521 499//499
f 430//430 498//498 497//497
f 439//439 501//501 502//502
f 440//440 439//439 502//502
f 440//440 502//502 500//500
f 498//498 440//440 500//500
f 428//428 499//499 442//442
f 524//524 442//442 499//499
f 500//500 502//502 503//503
f 500//500 503//503 563//563
f 449//449 442//442 507//507
f 507//507 442//442 524//524
f 534//534 507//507 524//524
f 448//448 452//452 501//501
f 451//451 505//505 504//504
f 452//452 504//504 501//501
f 501//501 504//504 502//502
f 504//504 505//505 502//502
f 505//505 464//464 506//506
f 506//506 464//464 525//525
f 502//502 505//505 503//503
f 505//505 506//506 503//503
f 563//563 503//503 506//506
f 464//464 465//465 508//508
f 508//508 465//465 470//470
f 464//464 508//508 525//525
f 508//508 470//470 509//509
f 473//473 510//510 466//466
f 507//507 534//534 473//473
f 477//477 1097//1097 581//581
f 509//509 477//477 532//532
f 531//531 509//509 532//532
f 473//473 511//511 510//510
f 473//473 534//534 511//511
f 477//477 581//581 535//535
f 510//510 479//479 480//480
f 478//478 479//479 510//510
f 510//510 537//537 539//539
f 510//510 539//539 478//478
f 511//511 537//537 510//510
f 534//534 538//538 511//511
f 1087//1087 542//542 1099//1099
f 488//488 542//542 1087//1087
f 1103//1103 488//488 541//541
f 512//512 545//545 541//541
f 491//491 514//514 492//492
f 514//514 491//491 513//513
f 492//492 514//514 544//544
f 544//544 543//543 492//492
f 513//513 544//544 514//514
f 588//588 544//544 513//513
f 518//518 494//494 495//495
f 516//516 494//494 518//518
f 512//512 515//515 546//546
f 494//494 515//515 512//512
f 1100//1100 515//515 494//494
f 515//515 1100//1100 546//546
f 546//546 545//545 512//512
f 492//492 596//596 521//521
f 543//543 596//596 492//492
f 518//518 517//517 520//520
f 518//518 493//493 517//517
f 520//520 517//517 519//519
f 520//520 516//516 518//518
f 521//521 551//551 499//499
f 596//596 551//551 521//521
f 497//497 519//519 496//496
f 497//497 553//553 519//519
f 519//519 553//553 550//550
f 499//499 551//551 554//554
f 497//497 498//498 553//553
f 498//498 522//522 553//553
f 499//499 554//554 524//524
f 524//524 554//554 559//559
f 524//524 559//559 603//603
f 500//500 563//563 523//523
f 500//500 523//523 498//498
f 603//603 534//534 524//524
f 563//563 506//506 525//525
f 525//525 527//527 563//563
f 527//527 566//566 563//563
f 509//509 531//531 508//508
f 525//525 508//508 526//526
f 508//508 531//531 526//526
f 528//528 525//525 530//530
f 525//525 526//526 530//530
f 528//528 530//530 573//573
f 527//527 525//525 528//528
f 526//526 529//529 530//530
f 477//477 535//535 532//532
f 532//532 533//533 531//531
f 526//526 531//531 533//533
f 529//529 526//526 533//533
f 532//532 535//535 536//536
f 580//580 578//578 536//536
f 538//538 537//537 511//511
f 537//537 538//538 584//584
f 579//579 538//538 534//534
f 583//583 584//584 538//538
f 580//580 536//536 535//535
f 581//581 1108//1108 535//535
f 1097//1097 539//539 581//581
f 582//582 1108//1108 581//581
f 539//539 537//537 540//540
f 581//581 539//539 540//540
f 537//537 584//584 540//540
f 548//548 541//541 545//545
f 1103//1103 541//541 548//548
f 542//542 1110//1110 1099//1099
f 586//586 1111//1111 1103//1103
f 1103//1103 548//548 586//586
f 589//589 543//543 544//544
f 545//545 546//546 548//548
f 547//547 516//516 520//520
f 546//546 590//590 549//549
f 546//546 549//549 548//548
f 1104//1104 592//592 1101//1101
f 546//546 1100//1100 590//590
f 548//548 549//549 591//591
f 1112//1112 549//549 590//590
f 590//590 1101//1101 592//592
f 589//589 596//596 543//543
f 519//519 597//597 520//520
f 519//519 550//550 597//597
f 547//547 520//520 597//597
f 596//596 552//552 551//551
f 599//599 550//550 553//553
f 597//597 550//550 599//599
f 552//552 554//554 551//551
f 552//552 598//598 554//554
f 556//556 553//553 522//522
f 601//601 560//560 554//554
f 601//601 603//603 560//560
f 498//498 555//555 522//522
f 523//523 555//555 498//498
f 523//523 604//604 555//555
f 522//522 557//557 556//556
f 522//522 555//555 558//558
f 557//557 522//522 558//558
f 602//602 558//558 555//555
f 558//558 602//602 557//557
f 555//555 604//604 602//602
f 554//554 560//560 559//559
f 603//603 559//559 560//560
f 563//563 604//604 523//523
f 1105//1105 561//561 604//604
f 561//561 568//568 562//562
f 604//604 561//561 562//562
f 562//562 568//568 606//606
f 604//604 562//562 606//606
f 1105//1105 564//564 561//561
f 564//564 1105//1105 565//565
f 565//565 563//563 566//566
f 564//564 565//565 561//561
f 561//561 565//565 566//566
f 569//569 607//607 566//566
f 561//561 566//566 567//567
f 607//607 567//567 566//566
f 567//567 568//568 561//561
f 568//568 567//567 607//607
f 566//566 527//527 569//569
f 569//569 1102//1102 570//570
f 1106//1106 527//527 528//528
f 1106//1106 528//528 573//573
f 570//570 571//571 569//569
f 1107//1107 1106//1106 573//573
f 1107//1107 573//573 607//607
f 571//571 607//607 569//569
f 530//530 572//572 573//573
f 530//530 529//529 572//572
f 572//572 529//529 575//575
f 529//529 533//533 575//575
f 572//572 575//575 577//577
f 572//572 577//577 574//574
f 577//577 575//575 576//576
f 574//574 573//573 572//572
f 607//607 573//573 648//648
f 574//574 648//648 573//573
f 615//615 534//534 647//647
f 533//533 576//576 575//575
f 533//533 532//532 576//576
f 576//576 609//609 577//577
f 536//536 610//610 532//532
f 609//609 576//576 532//532
f 577//577 609//609 574//574
f 610//610 609//609 532//532
f 608//608 574//574 609//609
f 579//579 534//534 615//615
f 610//610 536//536 611//611
f 536//536 578//578 611//611
f 611//611 578//578 613//613
f 579//579 583//583 538//538
f 579//579 615//615 583//583
f 582//582 613//613 580//580
f 580//580 613//613 578//578
f 581//581 540//540 584//584
f 582//582 581//581 617//617
f 581//581 584//584 617//617
f 616//616 582//582 617//617
f 585//585 584//584 583//583
f 588//588 620//620 621//621
f 1111//1111 586//586 587//587
f 622//622 1111//1111 587//587
f 1114//1114 1111//1111 623//623
f 1111//1111 622//622 623//623
f 1115//1115 1109//1109 594//594
f 621//621 589//589 544//544
f 621//621 544//544 588//588
f 548//548 591//591 586//586
f 1112//1112 590//590 592//592
f 1104//1104 595//595 592//592
f 587//587 586//586 591//591
f 592//592 1109//1109 1112//1112
f 592//592 1113//1113 593//593
f 1109//1109 592//592 593//593
f 594//594 1109//1109 593//593
f 593//593 1113//1113 624//624
f 1113//1113 547//547 597//597
f 1113//1113 597//597 624//624
f 625//625 596//596 589//589
f 625//625 627//627 596//596
f 596//596 627//627 626//626
f 626//626 552//552 596//596
f 598//598 552//552 626//626
f 598//598 601//601 554//554
f 601//601 598//598 629//629
f 598//598 626//626 630//630
f 598//598 630//630 629//629
f 553//553 600//600 599//599
f 599//599 600//600 638//638
f 597//597 599//599 636//636
f 599//599 634//634 636//636
f 634//634 599//599 635//635
f 638//638 635//635 599//599
f 641//641 638//638 600//600
f 553//553 641//641 600//600
f 629//629 603//603 601//601
f 602//602 556//556 557//557
f 556//556 602//602 674//674
f 642//642 553//553 556//556
f 643//643 642//642 556//556
f 602//602 604//604 674//674
f 674//674 604//604 606//606
f 607//607 606//606 568//568
f 607//607 605//605 606//606
f 648//648 606//606 605//605
f 647//647 534//534 603//603
f 605//605 607//607 648//648
f 574//574 649//649 648//648
f 647//647 678//678 615//615
f 608//608 609//609 653//653
f 609//609 610//610 653//653
f 610//610 611//611 651//651
f 574//574 608//608 649//649
f 1117//1117 608//608 653//653
f 653//653 610//610 651//651
f 613//613 612//612 611//611
f 614//614 611//611 612//612
f 651//651 611//611 614//614
f 614//614 686//686 651//651
f 656//656 614//614 612//612
f 686//686 614//614 656//656
f 613//613 582//582 616//616
f 617//617 658//658 616//616
f 584//584 585//585 618//618
f 584//584 618//618 659//659
f 583//583 619//619 585//585
f 585//585 619//619 618//618
f 615//615 619//619 583//583
f 618//618 619//619 659//659
f 621//621 660//660 589//589
f 665//665 589//589 664//664
f 623//623 622//622 667//667
f 1115//1115 594//594 1119//1119
f 1119//1119 594//594 593//593
f 1119//1119 593//593 624//624
f 665//665 668//668 589//589
f 589//589 668//668 625//625
f 668//668 627//627 625//625
f 669//669 626//626 627//627
f 668//668 669//669 627//627
f 626//626 669//669 630//630
f 628//628 597//597 636//636
f 636//636 785//785 628//628
f 597//597 628//628 1152//1152
f 629//629 632//632 603//603
f 629//629 630//630 631//631
f 632//632 629//629 631//631
f 631//631 630//630 633//633
f 633//633 632//632 631//631
f 669//669 633//633 630//630
f 634//634 635//635 639//639
f 639//639 635//635 638//638
f 636//636 634//634 637//637
f 637//637 640//640 636//636
f 637//637 634//634 640//640
f 640//640 634//634 639//639
f 644//644 638//638 641//641
f 639//639 638//638 644//644
f 639//639 644//644 788//788
f 1116//1116 553//553 642//642
f 643//643 556//556 674//674
f 642//642 645//645 1116//1116
f 645//645 642//642 643//643
f 1116//1116 645//645 644//644
f 645//645 643//643 673//673
f 644//644 645//645 787//787
f 713//713 646//646 603//603
f 643//643 674//674 673//673
f 648//648 676//676 606//606
f 647//647 679//679 678//678
f 646//646 647//647 603//603
f 676//676 648//648 652//652
f 676//676 652//652 655//655
f 649//649 652//652 648//648
f 1118//1118 1117//1117 650//650
f 1117//1117 653//653 650//650
f 653//653 651//651 654//654
f 650//650 654//654 1118//1118
f 653//653 654//654 650//650
f 654//654 651//651 687//687
f 1118//1118 654//654 681//681
f 654//654 682//682 681//681
f 654//654 687//687 682//682
f 685//685 615//615 678//678
f 656//656 612//612 686//686
f 613//613 616//616 657//657
f 612//612 613//613 657//657
f 657//657 616//616 688//688
f 612//612 657//657 686//686
f 686//686 657//657 688//688
f 687//687 651//651 686//686
f 693//693 619//619 615//615
f 617//617 584//584 659//659
f 691//691 688//688 616//616
f 617//617 659//659 658//658
f 619//619 693//693 659//659
f 733//733 693//693 615//615
f 660//660 662//662 589//589
f 589//589 662//662 664//664
f 620//620 661//661 621//621
f 660//660 621//621 661//661
f 662//662 660//660 661//661
f 620//620 663//663 661//661
f 661//661 663//663 662//662
f 1114//1114 699//699 663//663
f 623//623 699//699 1114//1114
f 664//664 666//666 665//665
f 664//664 662//662 666//666
f 663//663 666//666 662//662
f 665//665 703//703 668//668
f 666//666 704//704 665//665
f 703//703 665//665 704//704
f 1119//1119 624//624 765//765
f 623//623 667//667 1146//1146
f 754//754 623//623 1146//1146
f 703//703 762//762 668//668
f 707//707 624//624 597//597
f 668//668 762//762 709//709
f 597//597 1152//1152 774//774
f 671//671 669//669 670//670
f 669//669 668//668 670//670
f 668//668 709//709 670//670
f 670//670 709//709 671//671
f 633//633 671//671 632//632
f 633//633 669//669 671//671
f 640//640 672//672 636//636
f 636//636 1120//1120 785//785
f 640//640 639//639 788//788
f 640//640 788//788 672//672
f 632//632 711//711 603//603
f 645//645 673//673 792//792
f 644//644 787//787 788//788
f 792//792 787//787 645//645
f 603//603 711//711 713//713
f 675//675 606//606 714//714
f 606//606 675//675 674//674
f 713//713 647//647 646//646
f 713//713 718//718 647//647
f 606//606 676//676 714//714
f 718//718 679//679 647//647
f 676//676 655//655 677//677
f 679//679 720//720 678//678
f 678//678 721//721 722//722
f 720//720 721//721 678//678
f 655//655 652//652 680//680
f 680//680 677//677 655//655
f 677//677 680//680 683//683
f 652//652 1122//1122 680//680
f 1122//1122 683//683 680//680
f 681//681 682//682 683//683
f 682//682 684//684 683//683
f 684//684 682//682 687//687
f 689//689 684//684 687//687
f 683//683 684//684 725//725
f 686//686 688//688 687//687
f 689//689 687//687 688//688
f 615//615 732//732 733//733
f 658//658 691//691 616//616
f 659//659 690//690 658//658
f 690//690 659//659 692//692
f 658//658 690//690 691//691
f 690//690 736//736 691//691
f 659//659 693//693 695//695
f 659//659 695//695 696//696
f 692//692 659//659 696//696
f 692//692 736//736 690//690
f 693//693 733//733 694//694
f 693//693 694//694 695//695
f 695//695 694//694 698//698
f 694//694 733//733 735//735
f 698//698 694//694 735//735
f 692//692 696//696 697//697
f 696//696 695//695 697//697
f 695//695 698//698 697//697
f 736//736 692//692 1123//1123
f 698//698 735//735 697//697
f 699//699 702//702 663//663
f 663//663 702//702 666//666
f 1124//1124 699//699 700//700
f 700//700 699//699 701//701
f 701//701 699//699 706//706
f 705//705 1124//1124 743//743
f 702//702 704//704 666//666
f 1125//1125 704//704 702//702
f 706//706 699//699 623//623
f 706//706 623//623 754//754
f 765//765 624//624 708//708
f 707//707 597//597 774//774
f 764//764 707//707 774//774
f 624//624 707//707 1126//1126
f 1126//1126 707//707 767//767
f 764//764 767//767 707//707
f 765//765 708//708 766//766
f 766//766 708//708 1147//1147
f 671//671 711//711 632//632
f 709//709 710//710 671//671
f 709//709 775//775 710//710
f 711//711 671//671 710//710
f 775//775 776//776 710//710
f 711//711 710//710 776//776
f 712//712 672//672 788//788
f 1121//1121 712//712 783//783
f 1120//1120 783//783 782//782
f 782//782 785//785 1120//1120
f 784//784 783//783 712//712
f 712//712 788//788 784//784
f 924//924 713//713 711//711
f 791//791 788//788 787//787
f 674//674 792//792 673//673
f 674//674 797//797 792//792
f 675//675 797//797 674//674
f 715//715 675//675 714//714
f 1128//1128 1127//1127 716//716
f 714//714 717//717 1129//1129
f 924//924 809//809 718//718
f 717//717 714//714 676//676
f 1129//1129 717//717 802//802
f 717//717 719//719 801//801
f 719//719 676//676 677//677
f 717//717 676//676 719//719
f 719//719 677//677 727//727
f 719//719 727//727 949//949
f 720//720 723//723 721//721
f 679//679 723//723 720//720
f 723//723 679//679 718//718
f 721//721 723//723 722//722
f 722//722 685//685 678//678
f 718//718 724//724 723//723
f 723//723 724//724 722//722
f 724//724 718//718 809//809
f 722//722 724//724 816//816
f 809//809 810//810 724//724
f 725//725 684//684 689//689
f 677//677 683//683 726//726
f 683//683 725//725 726//726
f 726//726 725//725 731//731
f 726//726 731//731 728//728
f 731//731 725//725 689//689
f 677//677 726//726 727//727
f 726//726 728//728 727//727
f 728//728 731//731 820//820
f 722//722 729//729 685//685
f 732//732 685//685 729//729
f 730//730 1130//1130 722//722
f 732//732 1130//1130 730//730
f 722//722 816//816 730//730
f 730//730 816//816 839//839
f 724//724 810//810 816//816
f 688//688 691//691 689//689
f 689//689 691//691 731//731
f 691//691 736//736 821//821
f 691//691 821//821 731//731
f 736//736 823//823 821//821
f 615//615 685//685 732//732
f 732//732 730//730 734//734
f 733//733 732//732 741//741
f 839//839 734//734 730//730
f 734//734 1180//1180 732//732
f 732//732 1180//1180 741//741
f 735//735 733//733 739//739
f 736//736 1123//1123 737//737
f 735//735 737//737 697//697
f 735//735 739//739 737//737
f 737//737 739//739 738//738
f 738//738 736//736 737//737
f 733//733 740//740 739//739
f 838//838 1131//1131 840//840
f 838//838 739//739 1131//1131
f 738//738 739//739 838//838
f 740//740 733//733 741//741
f 1181//1181 740//740 741//741
f 745//745 848//848 845//845
f 846//846 750//750 1186//1186
f 1124//1124 700//700 743//743
f 701//701 706//706 742//742
f 743//743 700//700 701//701
f 701//701 742//742 743//743
f 742//742 706//706 744//744
f 706//706 753//753 744//744
f 1125//1125 1132//1132 704//704
f 743//743 745//745 705//705
f 743//743 742//742 746//746
f 742//742 744//744 746//746
f 745//745 743//743 848//848
f 743//743 746//746 848//848
f 753//753 746//746 744//744
f 746//746 1134//1134 758//758
f 746//746 758//758 848//848
f 848//848 758//758 759//759
f 848//848 759//759 851//851
f 747//747 762//762 703//703
f 750//750 704//704 1186//1186
f 704//704 747//747 703//703
f 1133//1133 748//748 1143//1143
f 748//748 752//752 760//760
f 748//748 760//760 1143//1143
f 704//704 1132//1132 1186//1186
f 704//704 751//751 747//747
f 1133//1133 751//751 749//749
f 1133//1133 749//749 748//748
f 749//749 752//752 748//748
f 850//850 749//749 751//751
f 850//850 752//752 749//749
f 750//750 751//751 704//704
f 846//846 751//751 750//750
f 751//751 846//846 850//850
f 855//855 752//752 850//850
f 857//857 761//761 752//752
f 753//753 706//706 754//754
f 754//754 756//756 753//753
f 754//754 768//768 755//755
f 1146//1146 768//768 754//754
f 753//753 756//756 757//757
f 1135//1135 1136//1136 1139//1139
f 1134//1134 1140//1140 758//758
f 757//757 756//756 856//856
f 1208//1208 1139//1139 1136//1136
f 758//758 1140//1140 759//759
f 1141//1141 757//757 856//856
f 755//755 768//768 866//866
f 1143//1143 760//760 763//763
f 752//752 761//761 760//760
f 760//760 761//761 763//763
f 761//761 870//870 763//763
f 870//870 772//772 763//763
f 763//763 772//772 1143//1143
f 870//870 761//761 857//857
f 768//768 1146//1146 866//866
f 764//764 774//774 773//773
f 1148//1148 1144//1144 770//770
f 1148//1148 770//770 769//769
f 1145//1145 773//773 770//770
f 766//766 866//866 765//765
f 878//878 880//880 770//770
f 709//709 762//762 775//775
f 775//775 762//762 771//771
f 771//771 762//762 1150//1150
f 870//870 778//778 772//772
f 770//770 773//773 878//878
f 878//878 773//773 774//774
f 774//774 1152//1152 878//878
f 775//775 771//771 776//776
f 771//771 777//777 776//776
f 771//771 1150//1150 777//777
f 777//777 1150//1150 778//778
f 777//777 778//778 779//779
f 1151//1151 776//776 777//777
f 870//870 881//881 778//778
f 898//898 778//778 881//881
f 779//779 778//778 898//898
f 780//780 781//781 711//711
f 776//776 1151//1151 711//711
f 711//711 1151//1151 780//780
f 898//898 903//903 779//779
f 903//903 780//780 1151//1151
f 903//903 904//904 780//780
f 904//904 781//781 780//780
f 786//786 785//785 782//782
f 786//786 782//782 783//783
f 783//783 784//784 791//791
f 791//791 784//784 788//788
f 908//908 785//785 786//786
f 786//786 783//783 791//791
f 786//786 791//791 911//911
f 786//786 911//911 908//908
f 711//711 781//781 924//924
f 924//924 781//781 904//904
f 789//789 787//787 792//792
f 790//790 787//787 789//789
f 789//789 792//792 793//793
f 791//791 787//787 790//790
f 790//790 789//789 793//793
f 791//791 790//790 925//925
f 718//718 713//713 924//924
f 792//792 797//797 793//793
f 793//793 797//797 794//794
f 790//790 793//793 925//925
f 925//925 793//793 926//926
f 1272//1272 793//793 794//794
f 927//927 1272//1272 794//794
f 795//795 927//927 794//794
f 935//935 1155//1155 794//794
f 715//715 796//796 675//675
f 1128//1128 716//716 805//805
f 715//715 1159//1159 796//796
f 675//675 796//796 797//797
f 797//797 796//796 798//798
f 796//796 1159//1159 798//798
f 794//794 797//797 800//800
f 797//797 798//798 800//800
f 798//798 799//799 800//800
f 799//799 936//936 800//800
f 798//798 1159//1159 799//799
f 936//936 799//799 1159//1159
f 794//794 800//800 935//935
f 937//937 935//935 800//800
f 809//809 924//924 950//950
f 1129//1129 802//802 1160//1160
f 802//802 717//717 804//804
f 801//801 719//719 949//949
f 1156//1156 1158//1158 803//803
f 717//717 801//801 804//804
f 807//807 1160//1160 802//802
f 802//802 1157//1157 808//808
f 803//803 1158//1158 1162//1162
f 1162//1162 1158//1158 806//806
f 804//804 801//801 1161//1161
f 802//802 808//808 807//807
f 949//949 1162//1162 806//806
f 1160//1160 807//807 1277//1277
f 801//801 949//949 1161//1161
f 807//807 808//808 1278//1278
f 809//809 950//950 811//811
f 811//811 810//810 809//809
f 811//811 816//816 810//810
f 816//816 811//811 817//817
f 817//817 811//811 954//954
f 954//954 955//955 961//961
f 812//812 728//728 820//820
f 728//728 814//814 727//727
f 814//814 728//728 812//812
f 815//815 949//949 727//727
f 814//814 815//815 727//727
f 814//814 812//812 813//813
f 812//812 820//820 813//813
f 813//813 820//820 819//819
f 819//819 814//814 813//813
f 839//839 816//816 817//817
f 829//829 839//839 817//817
f 829//829 817//817 818//818
f 833//833 829//829 818//818
f 954//954 961//961 817//817
f 961//961 818//818 817//817
f 818//818 964//964 833//833
f 820//820 826//826 819//819
f 961//961 964//964 818//818
f 964//964 967//967 833//833
f 1167//1167 1311//1311 968//968
f 731//731 821//821 820//820
f 825//825 821//821 823//823
f 820//820 821//821 822//822
f 825//825 822//822 821//821
f 820//820 822//822 826//826
f 822//822 824//824 827//827
f 822//822 825//825 824//824
f 824//824 825//825 836//836
f 826//826 822//822 1164//1164
f 826//826 1164//1164 828//828
f 826//826 828//828 1314//1314
f 824//824 828//828 827//827
f 836//836 828//828 824//824
f 969//969 825//825 971//971
f 825//825 823//823 971//971
f 830//830 839//839 829//829
f 830//830 844//844 839//839
f 829//829 833//833 835//835
f 831//831 829//829 835//835
f 830//830 829//829 831//831
f 830//830 970//970 832//832
f 738//738 842//842 823//823
f 842//842 1183//1183 1166//1166
f 832//832 844//844 830//830
f 1170//1170 1174//1174 1165//1165
f 831//831 837//837 830//830
f 831//831 1175//1175 837//837
f 830//830 837//837 970//970
f 828//828 834//834 1314//1314
f 1168//1168 1171//1171 1315//1315
f 968//968 1172//1172 1167//1167
f 828//828 836//836 834//834
f 1173//1173 1169//1169 1176//1176
f 1177//1177 1163//1163 1317//1317
f 823//823 842//842 971//971
f 842//842 1166//1166 1318//1318
f 823//823 736//736 738//738
f 838//838 840//840 843//843
f 843//843 738//738 838//838
f 1184//1184 741//741 1180//1180
f 1185//1185 841//841 741//741
f 741//741 841//841 1181//1181
f 840//840 1182//1182 843//843
f 843//843 842//842 738//738
f 1183//1183 842//842 843//843
f 1182//1182 1183//1183 843//843
f 848//848 847//847 845//845
f 1189//1189 1188//1188 1187//1187
f 1192//1192 1188//1188 1189//1189
f 1190//1190 848//848 854//854
f 1193//1193 1191//1191 1202//1202
f 855//855 849//849 752//752
f 852//852 1141//1141 856//856
f 1196//1196 1195//1195 1142//1142
f 855//855 853//853 849//849
f 856//856 861//861 852//852
f 1199//1199 860//860 849//849
f 1205//1205 1194//1194 1203//1203
f 851//851 854//854 848//848
f 1195//1195 1196//1196 1206//1206
f 1207//1207 1197//1197 1200//1200
f 1212//1212 1201//1201 1198//1198
f 1204//1204 1195//1195 1206//1206
f 755//755 866//866 865//865
f 857//857 752//752 849//849
f 857//857 860//860 859//859
f 857//857 849//849 860//860
f 856//856 1137//1137 858//858
f 1138//1138 863//863 1209//1209
f 861//861 856//856 864//864
f 860//860 862//862 859//859
f 856//856 858//858 864//864
f 1219//1219 1209//1209 863//863
f 1215//1215 1217//1217 1210//1210
f 863//863 1138//1138 1223//1223
f 1224//1224 1211//1211 1218//1218
f 859//859 1225//1225 857//857
f 1212//1212 1198//1198 1214//1214
f 1212//1212 1214//1214 1220//1220
f 1221//1221 1217//1217 1215//1215
f 1213//1213 1222//1222 1216//1216
f 866//866 869//869 865//865
f 973//973 873//873 1225//1225
f 1226//1226 972//972 1323//1323
f 869//869 866//866 766//766
f 1147//1147 869//869 766//766
f 770//770 868//868 769//769
f 770//770 880//880 868//868
f 1147//1147 1149//1149 867//867
f 867//867 1149//1149 1227//1227
f 867//867 869//869 1147//1147
f 873//873 857//857 1225//1225
f 872//872 883//883 857//857
f 875//875 868//868 880//880
f 873//873 872//872 857//857
f 871//871 867//867 1227//1227
f 865//865 869//869 1321//1321
f 871//871 869//869 867//867
f 872//872 873//873 1230//1230
f 871//871 1227//1227 1231//1231
f 1228//1228 974//974 1232//1232
f 871//871 1231//1231 1324//1324
f 874//874 883//883 872//872
f 874//874 872//872 876//876
f 876//876 872//872 1233//1233
f 883//883 874//874 877//877
f 875//875 880//880 1234//1234
f 877//877 874//874 876//876
f 1234//1234 880//880 888//888
f 1236//1236 1235//1235 1250//1250
f 878//878 1152//1152 879//879
f 879//879 880//880 878//878
f 879//879 1152//1152 884//884
f 1152//1152 885//885 884//884
f 1241//1241 1153//1153 889//889
f 1154//1154 893//893 891//891
f 879//879 884//884 880//880
f 882//882 881//881 870//870
f 881//881 882//882 898//898
f 857//857 882//882 870//870
f 883//883 1239//1239 857//857
f 1239//1239 883//883 886//886
f 886//886 892//892 887//887
f 900//900 1239//1239 887//887
f 1239//1239 886//886 887//887
f 1242//1242 1240//1240 1237//1237
f 886//886 883//883 1243//1243
f 1246//1246 1244//1244 1253//1253
f 889//889 1153//1153 1255//1255
f 1256//1256 1247//1247 890//890
f 894//894 1249//1249 1257//1257
f 887//887 1258//1258 901//901
f 900//900 887//887 901//901
f 1251//1251 880//880 884//884
f 885//885 1251//1251 884//884
f 1238//1238 1252//1252 1245//1245
f 1254//1254 1248//1248 889//889
f 889//889 1255//1255 1254//1254
f 1256//1256 890//890 979//979
f 891//891 893//893 1336//1336
f 893//893 1259//1259 1336//1336
f 1257//1257 1337//1337 894//894
f 785//785 908//908 895//895
f 1154//1154 896//896 893//893
f 896//896 895//895 897//897
f 896//896 785//785 895//895
f 897//897 895//895 908//908
f 893//893 896//896 902//902
f 893//893 1263//1263 1259//1259
f 902//902 896//896 897//897
f 1264//1264 897//897 909//909
f 909//909 897//897 908//908
f 898//898 899//899 903//903
f 898//898 882//882 899//899
f 1271//1271 905//905 899//899
f 906//906 1262//1262 1239//1239
f 924//924 1262//1262 906//906
f 900//900 906//906 1239//1239
f 906//906 900//900 901//901
f 901//901 983//983 906//906
f 1264//1264 909//909 982//982
f 907//907 1340//1340 982//982
f 1265//1265 982//982 909//909
f 1266//1266 914//914 984//984
f 899//899 905//905 903//903
f 903//903 905//905 904//904
f 904//904 905//905 1271//1271
f 906//906 983//983 1267//1267
f 986//986 906//906 1268//1268
f 908//908 911//911 912//912
f 909//909 910//910 1265//1265
f 912//912 910//910 908//908
f 910//910 909//909 908//908
f 912//912 914//914 910//910
f 914//914 1266//1266 910//910
f 911//911 921//921 913//913
f 984//984 912//912 911//911
f 911//911 913//913 990//990
f 913//913 921//921 990//990
f 914//914 912//912 984//984
f 984//984 911//911 985//985
f 906//906 915//915 924//924
f 986//986 915//915 906//906
f 911//911 987//987 985//985
f 915//915 986//986 988//988
f 1344//1344 911//911 990//990
f 915//915 988//988 989//989
f 989//989 924//924 915//915
f 925//925 916//916 791//791
f 917//917 916//916 925//925
f 916//916 917//917 918//918
f 918//918 791//791 916//916
f 911//911 791//791 918//918
f 918//918 917//917 919//919
f 918//918 919//919 920//920
f 919//919 917//917 923//923
f 931//931 923//923 917//917
f 911//911 918//918 921//921
f 919//919 923//923 920//920
f 1270//1270 922//922 921//921
f 992//992 922//922 920//920
f 920//920 922//922 1270//1270
f 920//920 923//923 999//999
f 995//995 1003//1003 924//924
f 1155//1155 935//935 927//927
f 925//925 926//926 931//931
f 925//925 931//931 917//917
f 927//927 935//935 928//928
f 927//927 931//931 1272//1272
f 924//924 943//943 950//950
f 927//927 928//928 929//929
f 929//929 928//928 934//934
f 927//927 929//929 933//933
f 933//933 929//929 930//930
f 932//932 945//945 943//943
f 924//924 932//932 943//943
f 930//930 929//929 934//934
f 930//930 934//934 933//933
f 1274//1274 934//934 1282//1282
f 924//924 1003//1003 932//932
f 1275//1275 1283//1283 1273//1273
f 928//928 935//935 937//937
f 800//800 936//936 940//940
f 928//928 937//937 938//938
f 800//800 940//940 939//939
f 939//939 940//940 944//944
f 934//934 928//928 938//938
f 938//938 937//937 939//939
f 938//938 939//939 934//934
f 934//934 939//939 944//944
f 939//939 937//937 800//800
f 942//942 1279//1279 1162//1162
f 940//940 936//936 941//941
f 1279//1279 942//942 1280//1280
f 944//944 940//940 941//941
f 943//943 946//946 950//950
f 1280//1280 942//942 1281//1281
f 1281//1281 942//942 948//948
f 942//942 1162//1162 948//948
f 947//947 943//943 945//945
f 1284//1284 943//943 947//947
f 934//934 944//944 1282//1282
f 1285//1285 1282//1282 944//944
f 944//944 1286//1286 1285//1285
f 1284//1284 947//947 952//952
f 1287//1287 1285//1285 1286//1286
f 949//949 948//948 1162//1162
f 949//949 959//959 948//948
f 948//948 959//959 953//953
f 951//951 954//954 950//950
f 951//951 960//960 954//954
f 950//950 946//946 1288//1288
f 1288//1288 951//951 950//950
f 1288//1288 960//960 951//951
f 1286//1286 1289//1289 1287//1287
f 1287//1287 1289//1289 1297//1297
f 959//959 1298//1298 953//953
f 949//949 815//815 956//956
f 956//956 815//815 965//965
f 811//811 950//950 954//954
f 1290//1290 1307//1307 1301//1301
f 954//954 960//960 955//955
f 949//949 956//956 958//958
f 957//957 1308//1308 1291//1291
f 956//956 965//965 1292//1292
f 958//958 959//959 949//949
f 1294//1294 956//956 1292//1292
f 1295//1295 1298//1298 959//959
f 1299//1299 1296//1296 1293//1293
f 1300//1300 957//957 1291//1291
f 815//815 814//814 965//965
f 819//819 962//962 814//814
f 1302//1302 962//962 963//963
f 1303//1303 1305//1305 1306//1306
f 962//962 819//819 963//963
f 1306//1306 1305//1305 966//966
f 1309//1309 963//963 819//819
f 819//819 826//826 1309//1309
f 1309//1309 826//826 1314//1314
f 965//965 814//814 962//962
f 1304//1304 965//965 962//962
f 1306//1306 966//966 1312//1312
f 1313//1313 1310//1310 1316//1316
f 1179//1179 1178//1178 1319//1319
f 1320//1320 1177//1177 1317//1317
f 969//969 971//971 1318//1318
f 1318//1318 971//971 842//842
f 873//873 973//973 975//975
f 1326//1326 1323//1323 972//972
f 1321//1321 869//869 976//976
f 1329//1329 869//869 977//977
f 873//873 975//975 978//978
f 1324//1324 869//869 871//871
f 977//977 869//869 1324//1324
f 1229//1229 1332//1332 1325//1325
f 1327//1327 1322//1322 1330//1330
f 1328//1328 1331//1331 1333//1333
f 1334//1334 1329//1329 977//977
f 1335//1335 977//977 1324//1324
f 1254//1254 1255//1255 1338//1338
f 1260//1260 1264//1264 980//980
f 1261//1261 980//980 981//981
f 1258//1258 1339//1339 901//901
f 981//981 980//980 982//982
f 981//981 982//982 1340//1340
f 901//901 1339//1339 983//983
f 980//980 1264//1264 982//982
f 1269//1269 1341//1341 1343//1343
f 1343//1343 1341//1341 1342//1342
f 1342//1342 1345//1345 1343//1343
f 1343//1343 1345//1345 1347//1347
f 1346//1346 1349//1349 1348//1348
f 994//994 924//924 989//989
f 1350//1350 1344//1344 990//990
f 1351//1351 1352//1352 991//991
f 994//994 1351//1351 991//991
f 921//921 1353//1353 990//990
f 922//922 993//993 921//921
f 921//921 993//993 1353//1353
f 922//922 992//992 993//993
f 993//993 992//992 999//999
f 997//997 1353//1353 999//999
f 1353//1353 993//993 999//999
f 992//992 920//920 999//999
f 995//995 924//924 1001//1001
f 923//923 931//931 999//999
f 999//999 931//931 996//996
f 1003//1003 995//995 1005//1005
f 1001//1001 924//924 994//994
f 999//999 996//996 1000//1000
f 1358//1358 1354//1354 1002//1002
f 1365//1365 1355//1355 1363//1363
f 1356//1356 1359//1359 1004//1004
f 1371//1371 1357//1357 1368//1368
f 994//994 991//991 998//998
f 1360//1360 1353//1353 997//997
f 994//994 998//998 1001//1001
f 999//999 1000//1000 997//997
f 997//997 1000//1000 1360//1360
f 1364//1364 1361//1361 1362//1362
f 1364//1364 1362//1362 1366//1366
f 1367//1367 1000//1000 996//996
f 932//932 1003//1003 1005//1005
f 1275//1275 1273//1273 1372//1372
f 931//931 927//927 933//933
f 996//996 931//931 1369//1369
f 933//933 1369//1369 931//931
f 1373//1373 1370//1370 1276//1276
