# Wavafront OBJ file of BodyParts3D
# BodyParts3D, Copyright(C) 2010-2011 The Database Center for Life Science licensed under CC Attribution-Share Alike 2.1 Japan.
vn -0.807038 -0.474086 -0.352039
v -60.2164 -125.851 1509.44
vn -0.247035 -0.895824 -0.369423
v -60.1367 -125.791 1509.24
vn -0.816766 -0.413272 -0.402615
v -60.2164 -125.791 1509.38
vn -0.246848 -0.895143 -0.371194
v -60.0164 -125.906 1509.44
vn -0.822428 -0.480966 -0.303785
v -60.3256 -125.791 1509.64
vn -0.772289 -0.586341 -0.244488
v -60.2164 -125.935 1509.64
vn -0.731142 0.610854 -0.303791
v -60.2164 -125.639 1509.64
vn 0.0135238 -0.458332 0.888678
v -59.921 -123.391 1510.64
vn -0.875292 -0.397121 -0.27597
v -59.8992 -122.791 1510.84
vn -0.94911 -0.0498601 -0.310973
v -60.0164 -122.591 1511.05
vn -0.902099 -0.0950938 -0.420921
v -59.8929 -122.391 1510.64
vn -0.922406 0.302512 -0.240111
v -59.9867 -122.191 1511.04
vn -0.402653 -0.703461 0.585674
v -60.0164 -121.391 1511.52
vn -0.901546 0.33443 -0.274538
v -59.9335 -121.191 1511.04
vn -0.934741 0.0246856 -0.35447
v -60.296 -120.191 1512.04
vn -0.938902 0.246011 -0.24071
v -60.2742 -119.791 1512.04
vn -0.920953 0.0287786 -0.388611
v -60.2164 -120.341 1511.84
vn -0.515477 -0.233001 0.824618
v -60.2056 -120.391 1512.04
vn -0.951629 0.011733 -0.307027
v -60.2116 -120.191 1511.84
vn -0.920559 0.00474455 -0.390574
v -60.2164 -120.191 1511.86
vn 0.718808 0.0513433 -0.69331
v -60.0342 -120.191 1512.04
vn -0.924992 0.156117 -0.346434
v -60.2148 -119.791 1511.84
vn -0.894437 0.321456 -0.310884
v -60.2164 -119.63 1512.04
vn -0.515477 -0.233001 0.824618
v -60.157 -119.791 1512.24
vn -0.917494 0.0494094 -0.394669
v -59.9798 -120.791 1511.64
vn 0.0843805 -0.995776 0.036192
v -60.0164 -120.167 1512.04
vn 0.417316 -0.29198 0.860578
v -60.0164 -119.791 1512.17
vn -0.952276 0.0680232 0.297561
v -60.4617 -119.391 1512.44
vn -0.952276 0.0680232 0.297561
v -60.4164 -119.391 1512.59
vn -0.915253 -0.0422996 -0.400653
v -60.2023 -119.591 1512.04
vn -0.932446 0.300611 -0.200442
v -60.2164 -119.591 1512.08
vn 0.589417 0.501691 -0.633162
v -60.0349 -119.591 1512.24
vn -0.96067 0.277694 0
v -60.2164 -119.591 1512.33
vn -0.916417 0.177194 -0.358863
v -59.9273 -117.791 1511.84
vn -0.952276 0.0680232 0.297561
v -60.2367 -117.991 1512.84
vn 0.482596 -0.268392 0.833707
v -60.0164 -117.591 1512.92
vn -0.872489 0.353827 -0.337
v -60.0164 -117.388 1512.84
vn -0.932496 0.107943 -0.344672
v -59.8835 -116.991 1512.84
vn -0.94606 0.259454 -0.194048
v -59.8492 -116.791 1512.84
vn -0.176561 -0.983575 -0.0375063
v -58.6164 -129.371 1507.64
vn -0.134281 -0.981496 -0.136506
v -58.4164 -129.321 1507.04
vn 0.212152 -0.976261 0.043663
v -58.4164 -129.355 1507.44
vn -0.688232 -0.0722599 0.721883
v -59.2164 -128.391 1507.58
vn -0.848325 0.151908 -0.507217
v -59.1335 -128.191 1507.44
vn -0.481313 -0.864227 -0.146458
v -58.9396 -129.191 1507.64
vn -0.485568 -0.871867 -0.0638077
v -59.0164 -129.163 1507.84
vn -0.688232 -0.0722599 0.721883
v -59.0164 -128.991 1507.71
vn -0.688232 -0.0722599 0.721883
v -59.0164 -128.791 1507.73
vn -0.837054 -0.20416 -0.507601
v -59.0164 -128.447 1507.24
vn -0.615493 0.297157 0.729977
v -58.9404 -127.791 1507.44
vn 0.0594001 -0.0518152 0.996889
v -58.8164 -127.791 1507.55
vn -0.847338 -0.209191 -0.488116
v -58.5054 -126.991 1506.24
vn -0.816452 -0.215165 -0.535827
v -59.496 -127.191 1507.84
vn -0.28168 -0.899472 0.334074
v -59.4164 -127.493 1507.84
vn -0.799537 -0.210707 0.562444
v -59.4164 -127.191 1507.96
vn -0.79465 0.515163 -0.321153
v -59.1273 -126.791 1507.84
vn 0.312408 -0.469795 0.825647
v -59.0164 -126.991 1507.92
vn -0.815334 0.445627 -0.369659
v -58.8164 -126.991 1506.73
vn -0.828899 0.47217 -0.299971
v -58.7398 -126.791 1506.84
vn 0.092697 -0.506836 0.857044
v -58.6164 -126.991 1507.76
vn -0.874728 0.262024 -0.40767
v -58.6054 -126.791 1506.44
vn -0.836275 -0.342793 -0.427944
v -59.6164 -126.449 1508.44
vn -0.267632 -0.849478 0.454709
v -59.4164 -126.512 1508.44
vn -0.891355 -0.142519 -0.430319
v -58.696 -125.591 1506.24
vn -0.799639 0.509476 -0.317823
v -58.8164 -125.191 1506.63
vn -0.837862 -0.456826 -0.298826
v -58.2804 -124.591 1506.64
vn -0.693384 0.690682 -0.205373
v -59.8164 -125.391 1509.33
vn 0.501498 -0.373874 0.780204
v -59.6497 -125.391 1509.44
vn 0.381856 -0.514425 0.767823
v -59.4164 -125.391 1509.28
vn -0.817155 0.473688 -0.328446
v -58.9023 -124.591 1508.04
vn -0.35211 -0.603744 0.715201
v -58.4164 -125.191 1509.21
vn -0.703637 -0.619558 -0.347912
v -59.7182 -124.591 1509.84
vn 0.233181 -0.552492 0.800237
v -59.4432 -124.791 1509.64
vn 0.19838 -0.582081 0.78856
v -59.4164 -124.591 1509.8
vn -0.851805 -0.438899 -0.286001
v -58.5242 -123.991 1506.24
vn -0.860718 -0.372628 -0.346861
v -58.9054 -124.391 1507.84
vn -0.882369 0.398972 -0.249493
v -58.7273 -123.391 1507.84
vn -0.927091 0.24189 -0.286342
v -59.1117 -123.991 1508.24
vn -0.735958 -0.16974 0.655403
v -59.721 -124.191 1510.04
vn -0.368814 -0.705314 0.605399
v -59.7676 -123.591 1510.44
vn -0.843076 -0.438697 -0.311075
v -59.8164 -123.391 1510.29
vn -0.914702 0.308188 -0.26142
v -59.7534 -123.191 1510.24
vn -0.435 0.234492 0.869361
v -59.7054 -122.991 1510.64
vn -0.687477 -0.120095 0.716206
v -59.6164 -124.191 1510.16
vn -0.847063 0.482725 -0.222398
v -59.6164 -123.991 1510.17
vn 0.21777 -0.525984 0.822142
v -59.6164 -123.591 1510.54
vn 0.264674 -0.428111 0.8641
v -59.6164 -123.191 1510.74
vn 0.34561 -0.515595 0.784038
v -59.4164 -123.791 1510.31
vn 0.151416 -0.570021 0.807558
v -58.6164 -123.791 1510.21
vn -0.418883 -0.514286 0.748362
v -58.4164 -123.791 1510.32
vn -0.952696 0.0154299 -0.303533
v -58.5148 -122.791 1506.84
vn -0.933805 0.037119 -0.355853
v -59.4867 -122.591 1510.04
vn -0.172019 -0.480367 0.860033
v -58.4164 -122.791 1510.91
vn -0.613201 0.0396933 0.788929
v -59.7186 -121.791 1511.24
vn -0.566476 0.0139334 0.82396
v -59.6164 -121.791 1511.32
vn -0.950889 0.0471406 -0.30592
v -58.871 -120.791 1508.84
vn -0.810029 0.510267 -0.28893
v -59.0164 -120.191 1509.6
vn -0.933351 0.166689 -0.317915
v -58.7023 -120.991 1508.24
vn -0.960343 0.0722434 -0.2693
v -58.7835 -120.591 1508.24
vn -0.874364 0.401838 -0.272054
v -59.7179 -120.991 1510.64
vn -0.864722 0.417862 -0.278651
v -59.6164 -120.791 1510.87
vn -0.534287 -0.140073 0.833617
v -59.8164 -120.791 1511.75
vn 0.0982872 -0.344439 0.93365
v -58.4164 -120.491 1511.64
vn -0.775797 0.575523 -0.258672
v -58.2992 -118.191 1507.64
vn -0.742562 0.655595 -0.137103
v -58.3535 -118.191 1507.84
vn -0.931694 0.151128 -0.330312
v -58.6492 -118.591 1508.04
vn -0.742329 0.655337 -0.139575
v -58.7648 -118.591 1508.44
vn -0.821707 0.529096 -0.211793
v -58.6031 -118.391 1508.04
vn -0.869327 0.442703 -0.219739
v -58.4117 -118.191 1508.44
vn -0.927446 0.0283916 -0.372878
v -59.2398 -119.391 1509.84
vn -0.895325 0.189777 -0.402961
v -59.2164 -118.191 1510.34
vn 0.425565 -0.256258 0.867886
v -59.6164 -118.361 1512.44
vn -0.839737 0.483775 -0.246584
v -58.7429 -117.191 1509.44
vn -0.959492 -0.118949 -0.255394
v -58.3085 -117.591 1508.24
vn -0.918537 0.0394467 -0.393362
v -58.7992 -117.591 1509.64
vn -0.8075 0.55036 -0.212246
v -58.6742 -116.991 1509.64
vn -0.878935 -0.279094 -0.386755
v -58.6929 -116.591 1510.44
vn -0.868399 0.322298 -0.376838
v -59.8164 -117.161 1512.64
vn -0.948353 0.126008 -0.291115
v -59.8164 -116.821 1512.64
vn -0.870943 0.116341 -0.477413
v -59.8164 -116.991 1512.7
vn -0.831772 0.480979 -0.277156
v -59.5898 -117.391 1511.24
vn -0.821553 0.481132 -0.305881
v -59.3054 -116.991 1511.44
vn -0.898913 -0.0127571 -0.437941
v -59.3429 -116.791 1511.64
vn 0.44344 -0.149642 0.883724
v -59.2164 -116.591 1512.61
vn 0.0901532 0.183816 0.978818
v -59.8164 -117.486 1512.84
vn -0.849791 0.213018 0.48216
v -59.7104 -117.191 1512.84
vn 0.783386 -0.0566415 -0.618949
v -59.682 -116.991 1512.84
vn -0.781672 0.0139796 0.623532
v -59.8164 -116.991 1512.93
vn -0.790078 0.108091 0.603402
v -59.6164 -116.816 1512.84
vn -0.0211859 -0.19728 0.980118
v -59.6164 -116.591 1512.89
vn -0.917964 -0.0940007 -0.385364
v -58.9367 -115.991 1510.44
vn -0.868673 0.436721 -0.233843
v -59.0164 -115.791 1510.82
vn -0.897738 0.327412 -0.294734
v -58.6398 -115.391 1510.84
vn -0.927108 0.131376 -0.351015
v -58.3367 -114.991 1510.04
vn -0.970317 0.238886 -0.0376659
v -59.5753 -116.191 1512.64
vn -0.919 0.329968 -0.215779
v -59.4867 -115.991 1512.24
vn -0.974969 0.134953 -0.1767
v -59.5054 -115.591 1512.64
vn 0.597244 -0.17428 0.782896
v -59.4164 -116.191 1512.78
vn -0.827306 0.478968 -0.29352
v -59.3054 -115.791 1512.04
vn -0.648873 -0.21171 0.730851
v -59.4781 -115.791 1512.84
vn -0.823131 0.5637 -0.0685344
v -58.2742 -114.591 1509.44
vn -0.902774 -0.132057 -0.40934
v -58.5585 -114.391 1510.64
vn 0.381963 -0.219191 0.897808
v -58.4164 -113.791 1512.7
vn -0.949029 0.0403558 -0.312594
v -59.5054 -114.391 1512.84
vn -0.996743 0.0248785 -0.076706
v -59.5523 -114.191 1513.24
vn -0.920584 0.264624 -0.287228
v -59.5514 -113.591 1513.64
vn -0.745557 -0.310508 0.589686
v -59.4164 -113.991 1513.55
vn -0.624222 -0.370428 0.687844
v -59.4164 -113.391 1513.88
vn -0.873048 0.383237 -0.301524
v -58.3773 -112.591 1511.24
vn -0.986504 0.161138 -0.0290665
v -58.9148 -111.991 1513.84
vn -0.30999 0.131335 0.941625
v -58.8164 -112.191 1513.91
vn -0.933888 0.304996 -0.186631
v -58.8164 -111.655 1513.84
vn -0.926723 -0.14512 0.34659
v -58.8164 -111.664 1514.24
vn 0.619005 -0.343805 0.706138
v -58.6164 -112.991 1513.11
vn 0.700274 -0.319334 0.638468
v -58.6789 -111.591 1514.04
vn 0.806619 -0.442356 0.39203
v -58.776 -111.591 1514.24
vn -0.986138 0.143684 0.0829852
v -58.8164 -111.546 1514.24
vn -0.890137 0.424753 0.165047
v -58.7117 -111.391 1513.84
vn -0.842974 0.349652 0.408826
v -58.5317 -111.191 1514.04
vn -0.919072 0.354955 -0.17121
v -58.3367 -110.791 1513.84
vn -0.494141 -0.863787 -0.0984708
v -58.4164 -110.622 1514.24
vn -0.559464 -0.812177 -0.165435
v -58.4164 -110.591 1514.09
vn -0.564773 -0.823653 -0.0512511
v -58.4804 -110.591 1514.44
vn -0.951645 0.267755 -0.150596
v -58.4867 -110.391 1514.64
vn -0.725001 -0.49815 0.475627
v -58.4164 -110.391 1514.75
vn -0.93314 0.267945 -0.239697
v -58.2585 -109.991 1514.04
vn -0.810402 -0.573268 0.120884
v -58.2992 -109.391 1515.24
vn -0.994698 0.0465657 -0.0916969
v -58.3554 -109.191 1514.84
vn -0.933106 -0.206279 0.294553
v -58.356 -109.191 1515.44
vn -0.886991 0.453429 0.0874569
v -58.3148 -108.991 1515.44
vn 0.420855 -0.879873 0.220694
v -58.2164 -129.236 1507.64
vn 0.266039 -0.963667 -0.0238689
v -58.0164 -129.252 1506.64
vn -0.660515 -0.631579 -0.405991
v -57.4164 -127.789 1504.64
vn -0.876862 0.161871 -0.452671
v -58.2164 -127.791 1506.09
vn -0.652009 -0.488646 -0.579749
v -57.9847 -128.991 1506.24
vn -0.54341 -0.807646 -0.228938
v -57.2164 -127.991 1504.88
vn 0.0673835 -0.993538 -0.0913356
v -57.0164 -128.945 1506.04
vn -0.787785 -0.240179 -0.567194
v -57.0164 -128.591 1504.86
vn -0.180695 0.188037 0.965397
v -57.6394 -128.591 1507.64
vn -0.123192 -0.091966 0.988112
v -57.8164 -127.791 1507.45
vn 0.587344 -0.444104 0.676609
v -57.6164 -128.791 1507.56
vn -0.317398 -0.288416 0.903369
v -57.4164 -127.791 1507.65
vn 0.65558 -0.318804 0.684529
v -57.2164 -127.791 1507.71
vn 0.559069 -0.759929 0.331587
v -56.8164 -128.845 1506.44
vn -0.861931 -0.186234 -0.471584
v -57.8164 -126.791 1504.79
vn -0.69228 -0.530023 -0.489719
v -57.5679 -127.591 1504.64
vn -0.857643 0.179724 -0.481817
v -57.5054 -126.391 1504.44
vn -0.861818 0.113393 -0.49438
v -57.1585 -126.391 1503.84
vn -0.826539 -0.227921 -0.51467
v -56.9742 -126.991 1503.44
vn -0.843655 -0.26418 -0.467392
v -58.1492 -127.391 1506.04
vn -0.912307 0.00326375 -0.409495
v -57.6179 -127.391 1504.84
vn -0.825247 -0.366942 -0.429327
v -57.7085 -126.991 1504.84
vn -0.862498 0.316705 -0.39471
v -57.6867 -126.191 1504.84
vn -0.307718 -0.505439 0.806127
v -57.8164 -126.991 1507.8
vn -0.112374 -0.453916 0.88393
v -57.2164 -127.391 1507.88
vn -0.254864 -0.650453 0.71551
v -57.8164 -126.191 1508.53
vn -0.317385 -0.546848 0.774741
v -57.4164 -126.991 1508.08
vn -0.0576335 -0.54046 0.839393
v -57.1679 -126.791 1508.24
vn -0.862477 -0.221842 -0.454885
v -57.0164 -125.991 1503.03
vn -0.828962 0.363222 -0.425313
v -57.8164 -125.191 1504.5
vn -0.734178 0.550061 -0.398014
v -57.3492 -124.791 1504.24
vn -0.842054 -0.383796 -0.379006
v -57.0164 -124.591 1503.46
vn -0.732433 0.594052 -0.332633
v -57.9835 -124.791 1505.84
vn -0.0683209 -0.633283 0.770898
v -57.8164 -125.391 1509.36
vn 0.487407 -0.381624 0.785365
v -57.6164 -125.191 1509.41
vn 0.313535 -0.51891 0.795254
v -57.4164 -125.778 1509.04
vn -0.320918 -0.534528 0.781851
v -58.0164 -124.53 1510.04
vn -0.92139 0.168521 -0.3502
v -57.6367 -123.391 1504.24
vn -0.822969 -0.479186 -0.305129
v -58.1429 -124.191 1505.44
vn -0.903062 0.180471 -0.389754
v -58.2164 -123.991 1505.31
vn -0.930595 0.0388275 -0.363984
v -57.3273 -121.391 1503.84
vn 0.18398 -0.326973 0.926952
v -58.0164 -121.991 1511.31
vn -0.905576 0.169681 -0.388769
v -57.2141 -120.591 1503.84
vn -0.903948 0.101507 -0.41542
v -57.0164 -119.191 1503.61
vn -0.838673 0.403013 -0.366343
v -57.8164 -118.391 1506.21
vn 0.128321 -0.188738 0.973607
v -58.2164 -118.828 1512.04
vn -0.95092 -0.122999 -0.283942
v -57.9335 -117.591 1506.04
vn -0.798287 0.535843 -0.274972
v -58.096 -117.991 1507.44
vn -0.793798 0.584798 -0.167021
v -58.2164 -117.991 1507.89
vn -0.970212 -0.165707 -0.176718
v -58.0742 -117.791 1507.24
vn -0.784984 0.580618 -0.21606
v -58.1742 -116.591 1508.84
vn -0.88787 0.233448 -0.39647
v -56.6867 -114.991 1504.64
vn -0.91756 0.267191 -0.294436
v -57.2523 -116.191 1504.84
vn -0.917719 0.282586 -0.27917
v -57.9367 -115.191 1507.84
vn -0.981892 -0.0630069 -0.178659
v -58.1929 -116.191 1508.44
vn -0.96158 -0.0666579 -0.26631
v -58.2164 -115.991 1508.68
vn 0.000622 -0.133644 0.991029
v -56.8164 -116.191 1512.34
vn -0.935208 0.182728 -0.30331
v -57.496 -114.791 1506.84
vn -0.875639 0.346269 -0.336681
v -57.4164 -114.391 1506.84
vn -0.94577 0.18179 -0.269206
v -57.8929 -114.591 1508.04
vn -0.82787 0.534517 -0.170066
v -57.9617 -114.391 1508.84
vn -0.931496 -0.040286 -0.361514
v -57.896 -113.991 1508.84
vn -0.845263 0.466994 -0.259707
v -57.6304 -113.991 1508.04
vn -0.860129 0.507629 -0.0499098
v -58.1398 -114.391 1509.84
vn 0.0687362 -0.161402 0.984492
v -57.6164 -113.791 1512.52
vn -0.872387 0.363346 -0.326988
v -57.3984 -112.591 1508.44
vn 0.190969 -0.322386 0.927145
v -57.6164 -112.391 1512.9
vn -0.774069 0.523616 -0.35587
v -56.8164 -111.191 1509.31
vn -0.812476 0.395774 -0.428071
v -57.0164 -110.591 1510.49
vn -0.871531 0.379759 -0.310188
v -58.1648 -111.591 1511.44
vn -0.863826 0.294222 -0.408948
v -57.4773 -110.391 1511.24
vn 0.572042 -0.3949 0.718903
v -58.2164 -111.245 1513.84
vn -0.850318 0.461846 0.252306
v -58.2164 -110.697 1514.24
vn 0.43051 -0.462675 0.77498
v -57.8164 -111.191 1513.5
vn 0.364409 -0.578856 0.729474
v -57.6164 -110.565 1513.84
vn -0.0506114 -0.513366 0.856676
v -56.8164 -111.391 1513.2
vn -0.771655 0.62353 -0.125536
v -57.896 -108.591 1514.24
vn -0.808636 0.487137 -0.329855
v -57.721 -108.791 1513.04
vn -0.906639 0.416552 -0.0670085
v -58.1339 -109.591 1514.84
vn -0.626858 -0.654624 0.422512
v -58.2164 -109.391 1515.42
vn -0.586863 -0.485355 0.648092
v -58.2164 -108.991 1515.72
vn 0.575296 -0.499063 0.648052
v -58.0164 -109.791 1514.8
vn -0.602239 -0.503971 0.619129
v -58.0164 -109.486 1515.04
vn -0.793749 0.606302 0.0485848
v -58.0164 -108.632 1515.44
vn 0.595159 -0.534743 0.599863
v -57.8164 -109.271 1515.04
vn 0.430831 -0.521635 0.736397
v -57.8164 -108.779 1515.44
vn -0.651577 -0.427586 0.626592
v -57.8164 -108.484 1515.64
vn -0.159313 -0.610418 0.775893
v -56.8164 -109.591 1514.62
vn -0.557938 -0.448716 0.698111
v -57.8773 -108.391 1515.64
vn -0.653975 -0.429159 0.623008
v -57.8164 -108.391 1515.71
vn 0.263805 -0.349172 0.899158
v -57.6164 -108.391 1515.6
vn -0.537584 0.84321 0.00010054
v -57.6164 -108.161 1515.44
vn -0.235421 0.53511 0.811316
v -57.0164 -107.991 1515.51
vn -0.17033 0.970026 0.17331
v -56.8164 -107.736 1514.64
vn -0.74602 -0.527367 -0.406618
v -55.671 -128.391 1502.24
vn -0.585317 -0.790718 -0.179359
v -56.2164 -128.405 1503.44
vn -0.464232 -0.850737 -0.246444
v -55.8164 -128.855 1504.24
vn 0.764541 -0.333865 0.551372
v -55.5742 -127.791 1505.64
vn -0.727887 -0.585096 -0.357551
v -56.0164 -124.591 1501.18
vn -0.831548 0.272418 -0.484063
v -55.6164 -124.991 1501.11
vn -0.685435 -0.613009 -0.392937
v -55.6164 -124.791 1500.81
vn -0.815972 0.299366 -0.494541
v -56.4164 -125.391 1502.06
vn 0.722898 -0.383525 0.574741
v -56.0164 -123.791 1508.43
vn 0.721172 -0.350242 0.597697
v -56.2164 -122.391 1509.8
vn -0.870151 0.171374 -0.462027
v -56.2585 -120.191 1502.44
vn 0.667335 -0.333151 0.666088
v -55.1679 -119.991 1509.84
vn -0.77078 0.492777 -0.403819
v -55.396 -118.791 1500.84
vn -0.86842 0.243596 -0.431865
v -56.1554 -116.591 1502.24
vn -0.824633 0.368145 -0.429476
v -55.4835 -115.391 1502.04
vn 0.371758 -0.284434 0.883682
v -56.6164 -116.191 1512.31
vn 0.210995 -0.18012 0.960749
v -56.0164 -114.991 1512.53
vn 0.49306 -0.252118 0.832664
v -55.2164 -114.991 1512.12
vn -0.860621 0.289636 -0.418859
v -55.4164 -114.791 1501.99
vn -0.843958 0.390861 -0.367373
v -56.5701 -114.591 1504.64
vn -0.895971 0.236876 -0.375666
v -56.2585 -113.991 1504.44
vn -0.893669 0.263697 -0.36307
v -56.4085 -114.191 1504.84
vn 0.0403873 -0.136771 0.989779
v -56.0164 -114.191 1512.58
vn 0.291927 -0.148084 0.944907
v -55.8164 -114.191 1512.55
vn -0.0493866 -0.367143 0.928853
v -56.0164 -112.191 1513
vn 0.363689 -0.330462 0.870934
v -55.6164 -112.391 1512.86
vn 0.68069 -0.353741 0.641505
v -55.4164 -111.791 1513.32
vn -0.752396 0.539712 -0.377639
v -55.2164 -111.591 1505.01
vn -0.0855292 -0.561306 0.823177
v -55.8164 -111.15 1513.64
vn -0.0780461 -0.611321 0.787525
v -55.8164 -110.397 1514.24
vn 0.7008 -0.177082 0.691029
v -55.2164 -111.391 1513.26
vn -0.802901 0.410863 -0.431905
v -56.371 -109.391 1510.04
vn 0.8369 -0.159225 0.523684
v -55.096 -109.191 1513.84
vn -0.193842 -0.660171 0.725672
v -56.0164 -109.364 1515.04
vn 0.648278 -0.258368 0.716228
v -55.8681 -109.191 1515.04
vn 0.823256 -0.0525859 0.565229
v -55.8429 -108.991 1515.04
vn -0.265154 -0.553776 0.78932
v -56.0164 -108.991 1515.31
vn 0.834938 -0.0793591 0.544593
v -55.9648 -108.791 1515.24
vn 0.750453 -0.224444 0.621648
v -55.7335 -109.591 1514.84
vn -0.506056 0.85312 -0.126861
v -56.2164 -107.412 1512.64
vn 0.0803836 0.980927 0.176976
v -56.0164 -107.361 1512.84
vn 0.0918672 -0.272862 0.957657
v -56.6164 -108.391 1515.51
vn 0.364441 0.172537 0.915103
v -56.6164 -108.191 1515.48
vn 0.414362 0.818049 0.398874
v -56.4164 -107.786 1514.64
vn -0.686705 -0.554902 -0.469596
v -53.9227 -127.991 1499.04
vn 0.191368 -0.981438 0.0125793
v -54.4164 -128.845 1501.44
vn 0.575124 -0.788466 0.218069
v -54.0164 -128.627 1501.44
vn -0.318384 -0.927389 -0.196424
v -55.0164 -128.824 1501.84
vn 0.220279 -0.964034 0.14871
v -54.6164 -128.817 1501.84
vn 0.5056 -0.827306 0.244814
v -54.4164 -128.677 1502.04
vn 0.6856 -0.675497 0.271396
v -53.7304 -128.191 1501.84
vn 0.446905 -0.868903 0.212801
v -55.0164 -128.649 1503.84
vn 0.792421 -0.433137 0.429489
v -54.2898 -127.991 1503.44
vn -0.862653 -0.227302 -0.451846
v -53.4585 -126.791 1497.24
vn 0.823109 -0.26833 0.500491
v -54.4054 -127.591 1503.84
vn -0.87785 0.0434586 -0.47696
v -53.4304 -125.791 1497.04
vn -0.873115 0.181415 -0.452502
v -53.6164 -121.191 1496.21
vn -0.884679 -0.27449 -0.376826
v -54.0648 -120.391 1497.84
vn 0.683361 -0.376548 0.625484
v -53.9398 -118.791 1509.24
vn 0.713185 -0.155372 0.68354
v -53.6164 -114.391 1511.19
vn 0.596064 -0.11505 0.794652
v -54.2164 -113.391 1511.69
vn 0.684068 -0.277164 0.674709
v -55.0164 -111.991 1512.62
vn 0.748612 0.0330815 0.662182
v -53.8898 -111.991 1511.44
vn -0.757597 0.489374 -0.431926
v -54.8164 -111.133 1505.24
vn 0.78483 -0.164683 0.597429
v -53.6164 -111.191 1511.22
vn -0.767241 0.444136 -0.462693
v -54.8617 -109.991 1505.84
vn -0.651284 0.614584 -0.445101
v -53.6164 -109.274 1505.04
vn 0.813621 -0.230718 0.533658
v -54.9429 -109.791 1513.24
vn -0.177082 0.982317 -0.0607891
v -54.0164 -107.099 1509.24
vn 0.614671 0.648425 0.449138
v -54.4052 -107.991 1512.44
vn -0.30809 -0.87739 -0.367788
v -53.4164 -128.191 1498.76
vn -0.506658 -0.784586 -0.357382
v -52.6164 -127.591 1496.83
vn -0.898879 -0.0743295 -0.431847
v -52.946 -124.791 1496.04
vn -0.867963 -0.155881 -0.471531
v -52.6492 -123.191 1495.04
vn -0.887847 -0.0717724 -0.454506
v -53.0992 -124.391 1496.24
vn 0.65716 -0.561742 0.50258
v -53.0164 -123.591 1504.05
vn 0.698768 -0.520454 0.490766
v -52.1148 -123.191 1503.44
vn -0.868711 -0.187423 -0.45849
v -52.6164 -122.391 1494.48
vn 0.742387 -0.25677 0.618814
v -52.5398 -122.591 1504.44
vn 0.788224 -0.225877 0.572436
v -52.2164 -121.955 1504.04
vn 0.752493 -0.312985 0.579478
v -53.1148 -122.591 1505.04
vn 0.770094 -0.242511 0.590037
v -53.0164 -121.991 1505.02
vn -0.784515 -0.513241 -0.348023
v -52.8335 -120.591 1495.04
vn -0.908991 -0.0664508 -0.411484
v -52.9992 -120.391 1495.04
vn -0.895646 -0.0814112 -0.437254
v -52.646 -120.791 1494.84
vn -0.839119 -0.387201 -0.382041
v -52.2648 -120.591 1493.84
vn -0.855716 -0.242651 -0.457024
v -52.3648 -120.391 1493.84
vn -0.859331 0.23462 -0.454428
v -53.1335 -119.791 1495.24
vn 0.735358 -0.402382 0.545286
v -52.8898 -120.191 1506.24
vn 0.746256 -0.434704 0.504117
v -52.0585 -120.791 1504.84
vn -0.893986 -0.062357 -0.443735
v -52.7148 -118.791 1494.84
vn -0.736939 0.512526 -0.440724
v -52.6164 -119.591 1494.77
vn -0.83039 -0.410719 -0.376513
v -52.6164 -119.191 1495.06
vn -0.83459 0.266779 -0.481963
v -52.9429 -116.791 1496.04
vn 0.839114 -0.240846 0.487731
v -52.6164 -115.591 1509.11
vn -0.788608 0.443619 -0.425794
v -53.1992 -114.591 1498.24
vn 0.790187 0.0646451 0.609446
v -52.7679 -112.591 1510.24
vn -0.808297 0.323894 -0.491679
v -53.1273 -110.791 1502.84
vn -0.712424 0.554982 -0.429473
v -52.4164 -110.011 1502.04
vn -0.66933 0.584807 -0.458256
v -52.046 -109.191 1503.04
vn -0.585492 0.703443 -0.402948
v -53.2164 -109.392 1504.24
vn 0.830074 0.0127211 0.557509
v -53.0164 -108.791 1510.97
vn -0.711355 0.53981 -0.450088
v -52.2147 -108.391 1503.84
vn -0.509697 0.8091 -0.292518
v -53.4164 -107.191 1507.54
vn 0.240819 0.958432 0.15302
v -53.0164 -107.07 1508.64
vn -0.124498 -0.958798 -0.255354
v -51.8164 -127.742 1496.84
vn -0.877995 -0.29325 -0.378325
v -50.8585 -126.191 1491.44
vn -0.749209 -0.563159 -0.348622
v -50.646 -126.791 1491.84
vn 0.76343 -0.568964 0.305704
v -51.4164 -127.191 1497.88
vn -0.920031 0.0912208 -0.38108
v -51.7585 -124.991 1493.24
vn -0.89801 -0.162018 -0.409057
v -50.6867 -123.791 1491.24
vn -0.904818 0.077852 -0.418621
v -50.821 -122.191 1490.84
vn -0.882692 -0.0826803 -0.462621
v -51.4679 -120.991 1492.44
vn 0.808863 -0.35782 0.466589
v -50.5117 -119.391 1503.64
vn 0.855994 -0.230428 0.462792
v -50.4929 -118.191 1504.24
vn 0.752974 -0.37352 0.541769
v -51.6164 -119.391 1505.4
vn -0.857001 0.202602 -0.473815
v -51.6085 -117.191 1493.44
vn 0.780032 -0.341069 0.524616
v -51.7273 -117.991 1506.44
vn -0.8863 0.178732 -0.427233
v -50.4335 -115.991 1492.04
vn -0.853222 0.274302 -0.443588
v -51.8164 -115.791 1494.82
vn 0.854438 -0.0997544 0.509887
v -51.071 -112.591 1507.84
vn 0.799998 0.142983 0.582717
v -51.2398 -112.191 1508.04
vn -0.895823 0.197299 -0.398213
v -50.8148 -111.191 1497.84
vn -0.917813 0.13783 -0.372321
v -50.3054 -111.591 1496.84
vn -0.770238 0.489264 -0.409091
v -51.6164 -111.553 1499.44
vn -0.700654 0.634164 -0.326986
v -50.8164 -109.617 1500.24
vn -0.693649 0.618345 -0.369459
v -50.8164 -109.391 1500.83
vn -0.693076 0.524155 -0.494881
v -51.0773 -108.991 1501.64
vn -0.568167 0.734637 -0.370803
v -51.0164 -107.399 1503.64
vn 0.0327124 0.998189 -0.0504852
v -50.6164 -107.195 1504.04
vn -0.144319 0.979653 -0.139471
v -51.4164 -107.12 1505.04
vn 0.762427 0.47769 0.436482
v -50.8164 -107.991 1507.13
vn -0.738239 -0.604039 -0.300233
v -49.4164 -127.277 1490.24
vn -0.0794964 -0.996444 -0.0279087
v -49.2164 -127.267 1491.04
vn 0.714136 -0.632543 0.299833
v -49.4179 -126.391 1494.24
vn -0.884676 -0.337727 -0.321385
v -50.1523 -125.791 1488.84
vn -0.901569 0.095194 -0.422033
v -50.0164 -124.462 1489.84
vn -0.878173 -0.397348 -0.266322
v -49.021 -123.391 1486.64
vn -0.938226 -0.0749782 -0.337802
v -49.0992 -122.991 1486.44
vn -0.901289 -0.262078 -0.344953
v -49.6304 -122.991 1487.84
vn -0.910698 -0.196616 -0.36328
v -49.2304 -123.991 1488.04
vn 0.766112 -0.506869 0.395167
v -49.8164 -123.791 1498.82
vn 0.820591 -0.294606 0.489733
v -50.2164 -122.191 1501.24
vn -0.8642 0.0377435 -0.501732
v -49.3054 -119.791 1488.64
vn -0.82605 0.280029 -0.489106
v -50.0929 -119.991 1490.44
vn 0.84867 -0.263182 0.458796
v -48.7992 -119.791 1500.04
vn -0.898476 0.32868 -0.29105
v -49.221 -119.391 1488.44
vn -0.768879 0.537467 -0.346345
v -49.0164 -119.227 1488.24
vn -0.896344 0.151791 -0.416565
v -48.8164 -118.791 1487.4
vn -0.880646 0.191138 -0.433508
v -48.8164 -118.391 1487.65
vn -0.923797 -0.0465962 -0.380038
v -49.4164 -118.997 1489.24
vn -0.753323 0.592532 -0.285325
v -49.2164 -119.191 1488.85
vn 0.866366 -0.215447 0.450547
v -49.071 -118.991 1500.84
vn -0.881438 0.301661 -0.363412
v -48.6585 -113.791 1489.04
vn 0.897376 -0.165411 0.409091
v -49.0164 -114.591 1502.58
vn 0.873941 -0.213973 0.436397
v -49.0164 -113.591 1503.36
vn -0.78899 0.514063 -0.336502
v -49.8164 -112.991 1492.8
vn -0.932831 0.0577669 -0.355654
v -49.1117 -111.991 1493.04
vn -0.769728 0.557855 -0.310349
v -49.8164 -111.991 1495.08
vn -0.945317 0.156558 -0.286121
v -49.721 -111.791 1495.04
vn -0.886317 0.357011 -0.294934
v -49.5435 -111.991 1494.24
vn -0.961406 -0.0824056 -0.262503
v -49.4164 -111.764 1493.84
vn -0.944584 0.0517484 -0.324164
v -49.3554 -111.591 1493.44
vn -0.895578 0.302277 -0.326447
v -48.6523 -110.991 1492.24
vn -0.957791 -0.0179636 -0.286902
v -49.6804 -111.391 1494.84
vn -0.860472 0.405011 -0.309118
v -49.3804 -110.991 1494.24
vn 0.84702 -0.0470652 0.529474
v -49.5679 -110.791 1505.44
vn 0.885497 0.200345 0.419234
v -48.8648 -108.791 1504.04
vn -0.68287 0.621458 -0.384028
v -50.046 -107.991 1500.64
vn -0.464809 0.819078 -0.336251
v -50.0164 -107.599 1501.24
vn -0.144175 0.966139 -0.213983
v -49.4164 -107.433 1501.04
vn -0.334919 0.917626 -0.213992
v -50.0164 -107.342 1502.24
vn 0.459745 0.876796 0.140938
v -49.6164 -107.411 1503.24
vn -0.898154 -0.410484 -0.157551
v -47.3804 -127.791 1482.24
vn -0.736039 -0.669186 -0.102157
v -47.2164 -128.024 1482.24
vn -0.951152 -0.12977 -0.280125
v -47.1085 -127.191 1480.24
vn -0.852317 -0.50463 -0.137491
v -47.6164 -127.308 1482.24
vn -0.920392 0.193257 -0.339896
v -47.3335 -126.391 1481.44
vn -0.70709 -0.692068 -0.145144
v -48.2164 -126.991 1483.85
vn -0.703458 -0.693662 -0.154854
v -47.9224 -127.191 1483.44
vn -0.930734 -0.214897 -0.295896
v -47.9898 -126.991 1483.24
vn -0.942495 -0.329757 -0.0544354
v -47.5435 -127.391 1482.64
vn -0.641046 -0.764565 -0.0670878
v -48.4145 -126.991 1484.84
vn -0.928008 0.36115 -0.0914939
v -48.3367 -126.791 1484.84
vn -0.934419 -0.234505 -0.268081
v -48.4164 -126.391 1484.3
vn -0.639637 -0.766226 -0.061338
v -48.176 -127.191 1484.84
vn -0.88708 -0.391493 -0.244587
v -47.9106 -127.591 1484.84
vn -0.681397 -0.724586 -0.103307
v -48.0164 -127.249 1484.24
vn -0.659931 -0.746802 -0.0823271
v -47.9179 -127.391 1484.64
vn -0.873847 -0.389726 -0.290699
v -48.4164 -126.996 1485.64
vn -0.0415943 -0.988285 0.146845
v -47.8164 -127.542 1487.24
vn -0.93609 0.0867053 -0.340908
v -47.4867 -124.991 1483.64
vn -0.947615 -0.0840307 -0.308162
v -47.3679 -123.591 1481.44
vn -0.911692 -0.316791 -0.26165
v -47.4242 -124.391 1483.04
vn -0.881839 -0.400598 -0.24876
v -48.2164 -123.991 1484.85
vn -0.891109 0.211855 -0.4013
v -48.3773 -124.191 1486.04
vn -0.912374 0.246898 -0.326519
v -47.9085 -122.591 1483.44
vn -0.947984 0.0948262 -0.303864
v -47.2554 -121.791 1482.44
vn -0.924 0.178591 -0.338125
v -47.6523 -120.391 1484.24
vn -0.952234 0.0959724 -0.289896
v -47.2164 -118.007 1484.44
vn -0.933416 0.0197067 -0.358254
v -48.4742 -119.191 1486.64
vn -0.940544 -0.0638392 -0.333619
v -47.5085 -117.191 1485.24
vn -0.872494 0.235338 -0.428217
v -48.2992 -117.991 1487.04
vn 0.873525 -0.195968 0.445589
v -47.9367 -117.591 1499.64
vn -0.893591 0.318314 -0.3165
v -47.0367 -115.191 1483.64
vn -0.948369 0.010115 -0.317007
v -48.3117 -115.391 1486.84
vn 0.907147 -0.174792 0.382795
v -47.3398 -113.591 1499.64
vn -0.883874 0.324466 -0.336881
v -47.5992 -113.191 1487.24
vn -0.880492 0.366563 -0.300609
v -48.2164 -112.391 1489.94
vn 0.886091 -0.151958 0.437895
v -48.6164 -112.191 1502.82
vn 0.901184 -0.0819234 0.425624
v -48.4164 -112.991 1502.42
vn -0.80745 0.509889 -0.29671
v -47.6164 -110.991 1488.97
vn 0.8975 -0.121109 0.42406
v -47.5367 -111.191 1501.44
vn -0.447854 0.849782 -0.278024
v -47.2164 -108.955 1493.04
vn -0.723141 0.632253 -0.278072
v -48.3242 -109.591 1494.04
vn 0.901311 0.324245 0.287233
v -47.096 -108.991 1499.64
vn 0.433402 0.900812 -0.0264647
v -48.0164 -107.852 1498.64
vn 0.698688 0.700368 0.146012
v -47.347 -108.391 1498.64
vn 0.772867 0.563717 0.291375
v -48.5429 -108.391 1502.84
vn -0.965724 -0.0186167 -0.258903
v -45.9804 -128.191 1475.64
vn -0.835346 -0.509948 -0.205307
v -45.6304 -128.591 1474.64
vn -0.517714 -0.853661 0.0568772
v -45.8164 -128.827 1477.44
vn -0.407394 -0.91277 0.0296768
v -46.2164 -128.617 1479.84
vn 0.493658 -0.812999 0.308761
v -45.6164 -128.13 1483.04
vn -0.923371 0.214414 -0.318452
v -45.5429 -127.591 1474.64
vn 0.58043 -0.749394 0.318605
v -46.8164 -127.133 1487.04
vn -0.957818 0.0830908 -0.275101
v -46.3085 -125.391 1479.44
vn -0.953805 0.108914 -0.279989
v -45.5492 -123.591 1475.64
vn -0.950428 -0.15203 -0.271245
v -46.7148 -123.991 1479.44
vn -0.947449 0.0373068 -0.317723
v -46.7898 -123.391 1479.84
vn -0.956626 0.0115211 -0.291089
v -46.721 -123.191 1479.64
vn 0.882043 -0.351787 0.313441
v -45.6742 -123.591 1489.64
vn -0.914876 0.282863 -0.288082
v -45.4992 -122.791 1476.24
vn -0.948144 0.110815 -0.297898
v -46.1335 -122.191 1478.64
vn -0.958391 -0.000746151 -0.285458
v -46.146 -121.591 1478.24
vn -0.941521 0.119999 -0.314863
v -46.8648 -122.791 1480.04
vn -0.959127 -0.103398 -0.263407
v -46.8585 -121.391 1481.04
vn 0.874092 -0.318061 0.36715
v -46.4523 -121.591 1494.04
vn -0.917955 0.231843 -0.321882
v -45.6679 -119.991 1478.04
vn -0.956696 0.0951042 -0.275115
v -46.8679 -120.791 1480.84
vn 0.920987 -0.262983 0.28744
v -45.5367 -120.991 1492.04
vn 0.877603 -0.244877 0.412126
v -46.9023 -119.991 1496.24
vn -0.950842 0.0838196 -0.298118
v -45.6398 -118.991 1478.44
vn -0.927236 0.19496 -0.319726
v -46.8554 -119.391 1482.04
vn -0.871612 0.386146 -0.301967
v -46.4164 -118.191 1481.03
vn 0.952905 -0.125484 0.276092
v -45.5117 -118.991 1493.44
vn -0.937787 0.149864 -0.313205
v -46.0585 -116.991 1479.04
vn -0.956085 -0.208572 -0.205911
v -46.6492 -117.391 1481.44
vn -0.961803 0.0479506 -0.269509
v -46.7773 -116.791 1481.84
vn -0.966966 -0.0113244 -0.254655
v -46.3335 -117.991 1481.04
vn -0.95844 -0.18477 -0.217376
v -46.9617 -117.391 1483.24
vn 0.941658 -0.0565962 0.33178
v -45.8398 -117.391 1494.44
vn 0.918141 -0.119922 0.377672
v -46.1523 -117.991 1495.44
vn -0.964406 -0.0801482 -0.251987
v -45.6164 -113.333 1480.64
vn -0.950913 0.125648 -0.282802
v -46.0164 -113.791 1482.65
vn 0.913197 -0.229502 0.33675
v -45.8164 -114.191 1495.09
vn -0.929189 0.226203 -0.292301
v -46.4164 -112.591 1483.7
vn 0.875252 -0.272691 0.399466
v -46.9835 -112.391 1499.44
vn -0.512771 0.81784 -0.261159
v -45.6164 -110.511 1485.24
vn 0.928814 -0.0984683 0.357224
v -46.8742 -111.591 1499.84
vn 0.841588 0.52746 0.116259
v -46.2773 -109.191 1496.24
vn 0.959 0.184966 0.214725
v -46.4648 -109.791 1498.04
vn -0.735355 -0.674888 0.0614776
v -44.4648 -130.991 1471.24
vn -0.831255 -0.555639 -0.0167575
v -44.2742 -129.791 1470.44
vn -0.829274 -0.558332 0.023873
v -44.2748 -129.791 1470.84
vn -0.929271 0.209382 -0.304327
v -44.1648 -130.791 1470.04
vn -0.901819 0.312027 -0.298935
v -44.0898 -130.191 1470.44
vn -0.926159 -0.28563 -0.246262
v -44.1179 -129.991 1470.24
vn -0.914005 -0.404138 -0.0355961
v -44.1367 -129.991 1470.44
vn -0.864059 -0.503093 0.0173041
v -44.1304 -129.991 1470.84
vn -0.966183 -0.0188143 -0.25717
v -44.5085 -129.391 1471.44
vn -0.751289 -0.658215 -0.0481496
v -44.5304 -129.391 1472.64
vn -0.96215 0.119048 -0.245144
v -44.6304 -129.591 1472.84
vn -0.269724 -0.898837 0.345458
v -44.2164 -130.294 1474.24
vn -0.927513 -0.321145 -0.191275
v -45.0304 -129.591 1475.04
vn -0.419621 -0.879297 0.225288
v -44.8164 -129.611 1475.24
vn -0.415744 -0.848909 0.326359
v -44.6164 -130.036 1474.44
vn -0.42466 -0.881987 0.204359
v -44.4164 -129.761 1475.64
vn -0.00586283 -0.980757 0.195144
v -44.4164 -129.364 1477.04
vn -0.941077 -0.0285589 -0.336983
v -44.1398 -129.191 1470.04
vn -0.818569 -0.543681 -0.185354
v -45.2837 -128.791 1474.04
vn -0.830207 -0.509365 -0.226502
v -45.1335 -128.591 1473.04
vn -0.884654 -0.402218 -0.235812
v -44.896 -129.191 1473.84
vn 0.337869 -0.880153 0.333429
v -44.0164 -129.158 1477.24
vn -0.95834 -0.0218425 -0.284794
v -44.1085 -126.391 1469.84
vn -0.925626 -0.370841 -0.0754593
v -44.0522 -126.391 1470.24
vn -0.93695 -0.243705 -0.250467
v -43.8553 -127.191 1470.44
vn -0.870166 -0.462699 -0.169475
v -43.8931 -126.591 1469.64
vn -0.891169 0.299189 -0.341032
v -44.6164 -127.191 1472.3
vn -0.907171 0.275619 -0.317924
v -44.846 -126.591 1473.64
vn -0.961896 0.0193023 -0.272735
v -44.5773 -126.591 1472.84
vn 0.785909 -0.515005 0.342223
v -45.2164 -127.408 1483.64
vn -0.940007 -0.216693 -0.263498
v -44.4148 -124.591 1471.04
vn -0.910638 0.304338 -0.279493
v -44.2164 -125.191 1470.12
vn -0.83214 0.531472 -0.158367
v -44.1513 -124.991 1470.44
vn -0.898653 0.244856 -0.363962
v -44.0164 -124.791 1470.16
vn -0.9631 -0.0260868 -0.267878
v -44.5304 -125.191 1471.24
vn -0.859893 0.436663 -0.264404
v -44.3273 -124.791 1471.24
vn -0.960836 0.000474948 -0.277118
v -45.3617 -125.391 1475.84
vn -0.928788 0.129727 -0.347164
v -44.046 -124.191 1470.24
vn -0.948295 -0.243464 -0.203623
v -44.8164 -124.374 1472.84
vn -0.940093 0.186996 -0.285059
v -44.5867 -122.991 1472.84
vn -0.96287 -0.141937 -0.229641
v -45.371 -124.391 1475.04
vn 0.957485 -0.135026 0.254932
v -43.9023 -123.191 1484.44
vn -0.937971 0.191609 -0.288958
v -44.3023 -121.791 1473.04
vn -0.9583 -0.0477049 -0.281753
v -45.3742 -121.991 1475.84
vn -0.962913 0.029063 -0.268243
v -45.371 -122.391 1476.24
vn 0.958171 -0.159665 0.237518
v -44.8835 -121.991 1488.64
vn -0.959345 0.155592 -0.235473
v -43.9992 -120.591 1472.24
vn -0.935496 0.241818 -0.257627
v -43.8992 -119.991 1472.44
vn -0.968304 -0.126338 -0.215466
v -44.121 -119.991 1473.24
vn -0.824486 -0.554887 -0.111007
v -44.1291 -119.791 1472.84
vn 0.975341 -0.0622024 0.211755
v -44.546 -119.791 1487.24
vn -0.941123 -0.301588 -0.152752
v -43.9429 -118.391 1472.64
vn -0.952279 -0.246394 -0.180154
v -44.0148 -118.191 1472.44
vn -0.764473 -0.644383 -0.0187519
v -44.3304 -119.591 1473.04
vn -0.91216 -0.397428 -0.100079
v -44.3003 -119.591 1473.64
vn -0.968385 -0.0408335 -0.246097
v -44.6898 -119.591 1475.84
vn -0.941073 -0.26504 -0.210084
v -44.746 -118.991 1475.04
vn -0.964622 -0.161166 -0.208639
v -44.7117 -118.791 1474.64
vn -0.893674 0.298427 -0.335095
v -44.6429 -117.991 1474.64
vn -0.96059 -0.20355 -0.189301
v -44.6773 -117.391 1475.44
vn -0.952665 -0.256732 -0.162843
v -44.4742 -117.391 1474.44
vn -0.957051 -0.217752 -0.191411
v -44.6164 -117.32 1475.04
vn -0.893397 0.39851 -0.207439
v -44.6164 -117.191 1474.92
vn -0.908258 0.270102 -0.31955
v -44.4679 -116.791 1475.04
vn 0.971647 -0.0898684 0.21869
v -44.4992 -116.591 1490.24
vn -0.962139 -0.0536031 -0.267238
v -45.0164 -114.077 1478.84
vn -0.929511 0.227153 -0.290536
v -45.4085 -114.391 1479.84
vn -0.953175 0.107384 -0.282713
v -45.2554 -113.391 1479.24
vn -0.952839 -0.189984 -0.236652
v -45.171 -113.791 1479.24
vn 0.976901 -0.0299513 0.211584
v -44.8492 -113.791 1492.44
vn -0.861597 0.40787 -0.302147
v -44.2164 -112.191 1477.91
vn -0.668941 0.708679 -0.224259
v -44.6164 -111.667 1480.04
vn 0.977557 0.15647 0.141062
v -44.6023 -113.191 1489.04
vn 0.937748 -0.1881 0.291973
v -45.3179 -112.991 1495.04
vn 0.976072 0.117459 0.182993
v -45.2585 -112.591 1494.84
vn -0.734832 0.629364 -0.25283
v -44.0164 -111.449 1478.84
vn -0.182417 0.983219 -0.00202084
v -44.2164 -111.536 1479.64
vn -0.230519 0.947924 -0.219775
v -44.4164 -111.048 1481.24
vn 0.0016643 0.98785 -0.155404
v -44.8164 -110.674 1483.64
vn -0.0444071 0.981987 -0.183655
v -44.4164 -110.652 1483.84
vn 0.297924 0.952767 -0.0589685
v -44.0164 -110.88 1482.84
vn 0.82324 0.559917 0.0936363
v -44.771 -110.391 1488.44
vn 0.964961 0.190951 0.179965
v -44.7867 -110.791 1489.64
vn 0.976316 0.167324 0.137149
v -45.3617 -111.591 1493.24
vn -0.941953 -0.275753 -0.191533
v -42.6164 -133.429 1466.04
vn -0.803353 -0.595299 0.0156061
v -42.8164 -133.215 1467.24
vn -0.218652 -0.893362 0.392549
v -42.6164 -132.639 1469.24
vn -0.383449 -0.852364 0.355587
v -42.4164 -133.292 1468.04
vn -0.922575 -0.108681 -0.370194
v -42.8164 -131.991 1466.15
vn -0.865855 -0.478979 -0.144481
v -43.5335 -131.991 1467.84
vn -0.934469 0.042433 -0.353508
v -43.0164 -130.991 1467.14
vn -0.686367 -0.716115 0.126806
v -43.3037 -132.391 1468.64
vn -0.4393 -0.860051 0.259476
v -43.8164 -131.645 1471.04
vn 0.123112 -0.899878 0.418405
v -43.8164 -130.486 1473.84
vn -0.882709 0.20139 -0.424578
v -42.5492 -128.591 1464.64
vn -0.931136 -0.329137 -0.157018
v -43.2929 -127.991 1467.24
vn -0.922362 0.151395 -0.355425
v -42.8304 -128.791 1467.04
vn -0.877652 -0.46963 -0.0957805
v -42.9293 -128.591 1467.04
vn 0.774428 -0.520728 0.359309
v -43.2179 -128.591 1477.04
vn -0.921597 0.0244165 -0.387379
v -42.9273 -127.191 1466.04
vn -0.919999 -0.162708 -0.35655
v -42.7273 -127.591 1465.84
vn -0.967148 -0.0188051 -0.253516
v -43.521 -127.391 1467.84
vn -0.914933 0.187549 -0.357385
v -43.3492 -126.391 1467.44
vn -0.90699 0.0990541 -0.409339
v -43.0164 -127.591 1466.48
vn 0.943233 -0.19202 0.270997
v -43.6523 -125.191 1482.04
vn -0.953291 0.127082 -0.274019
v -42.5429 -123.391 1466.24
vn -0.936367 -0.259646 -0.236223
v -42.3398 -123.991 1466.04
vn -0.834032 0.456101 -0.310423
v -42.271 -123.191 1465.24
vn -0.932737 0.0288119 -0.359404
v -42.9148 -124.391 1467.84
vn -0.953877 -0.157782 -0.255388
v -42.7804 -123.391 1467.04
vn -0.947588 0.0904321 -0.30643
v -42.7523 -121.991 1466.24
vn -0.919858 0.238825 -0.311164
v -42.2523 -122.791 1465.84
vn -0.833667 -0.549704 -0.0531577
v -42.4164 -122.589 1465.64
vn -0.7313 -0.680655 0.0436981
v -42.3554 -122.591 1466.04
vn -0.941601 0.0919041 -0.323947
v -43.0398 -122.591 1467.84
vn -0.964791 0.120056 -0.234019
v -43.0429 -121.791 1467.44
vn -0.9525 -0.164972 -0.255984
v -42.8164 -122.242 1466.64
vn -0.747607 -0.662572 0.0456292
v -42.7204 -122.191 1467.04
vn -0.834855 0.380099 -0.398174
v -43.0164 -122.201 1468.04
vn -0.833539 -0.552197 0.0170611
v -42.8742 -121.991 1468.04
vn -0.843186 -0.535725 0.0451116
v -42.9819 -121.791 1468.04
vn -0.943076 0.155539 -0.293965
v -43.521 -121.391 1469.84
vn 0.971454 -0.0648753 0.228186
v -43.0898 -121.991 1480.84
vn 0.972391 -0.0177618 0.232681
v -43.7648 -121.791 1484.44
vn -0.961197 0.00232746 -0.275852
v -42.2679 -119.991 1465.64
vn -0.94619 0.0309859 -0.322124
v -42.8929 -120.991 1467.84
vn -0.82398 -0.566159 0.0228187
v -43.3554 -121.191 1469.44
vn -0.956638 0.173175 -0.234209
v -43.0992 -121.191 1468.24
vn -0.979544 -0.139636 -0.144897
v -43.0773 -120.791 1468.44
vn -0.963727 0.0256756 -0.265651
v -43.0773 -120.591 1468.24
vn -0.826214 -0.559664 -0.0643898
v -43.7121 -120.191 1471.04
vn -0.876945 -0.462751 -0.129726
v -43.8164 -119.991 1470.68
vn -0.977727 -0.013295 -0.209461
v -43.4164 -120.591 1470.11
vn -0.971665 -0.0174903 -0.235713
v -42.7679 -119.191 1467.84
vn -0.955734 -0.211694 -0.204347
v -43.0273 -119.191 1469.24
vn -0.82995 0.452567 -0.326138
v -42.9492 -119.391 1469.04
vn -0.954888 -0.238292 -0.177218
v -42.7867 -119.391 1468.24
vn -0.871236 0.364831 -0.328399
v -43.4164 -119.591 1469.93
vn -0.959765 -0.192442 -0.204494
v -43.2211 -119.191 1470.04
vn -0.940631 -0.289194 -0.177705
v -43.3429 -118.791 1470.24
vn -0.958917 0.0777577 -0.272822
v -43.3585 -118.591 1470.04
vn -0.917775 0.283851 -0.277701
v -42.5304 -117.591 1468.24
vn -0.857733 0.4291 -0.283139
v -42.8164 -116.591 1470.74
vn -0.950099 0.162668 -0.266178
v -42.235 -115.591 1468.44
vn -0.955966 -0.192065 -0.2219
v -42.6054 -115.791 1469.64
vn -0.924915 0.179766 -0.334988
v -43.1242 -116.191 1472.24
vn -0.949811 -0.187767 -0.250204
v -42.9335 -115.991 1471.64
vn -0.954335 -0.016422 -0.298288
v -43.5054 -115.191 1473.04
vn 0.974093 -0.0886516 0.208048
v -43.4867 -116.391 1484.24
vn 0.976529 0.0512766 0.209192
v -43.4304 -114.991 1484.64
vn -0.86891 0.369666 -0.329155
v -43.2164 -112.409 1475.04
vn -0.180296 0.944349 -0.275132
v -43.0164 -112.142 1475.64
vn -0.128581 0.948127 -0.290726
v -42.4164 -112.167 1474.84
vn -0.826643 0.482596 -0.289418
v -43.6164 -111.865 1476.64
vn 0.0475492 0.976609 -0.209702
v -43.4164 -111.791 1476.7
vn 0.250854 0.963839 -0.0899253
v -43.2164 -111.808 1477.24
vn -0.164889 0.952742 -0.255135
v -42.8164 -111.991 1476.37
vn 0.414883 0.907312 -0.0682359
v -42.4164 -111.72 1476.64
vn 0.973711 0.0641943 0.218556
v -43.7648 -113.191 1484.64
vn -0.294584 0.924925 -0.240281
v -42.8335 -111.591 1477.24
vn 0.191668 0.981344 0.0150502
v -43.6164 -111.527 1478.84
vn -0.352764 0.911401 -0.211912
v -43.0164 -111.576 1477.84
vn 0.106883 0.987408 -0.116628
v -42.8164 -111.474 1478.04
vn -0.335093 0.917258 -0.215293
v -43.2164 -111.249 1479.24
vn 0.572347 0.819482 0.0294567
v -43.0164 -111.345 1479.84
vn 0.701141 0.709582 0.0699643
v -43.1862 -111.391 1481.84
vn -0.89597 -0.391473 -0.20973
v -41.2742 -135.191 1463.24
vn -0.426114 -0.848084 0.31493
v -40.8164 -135.577 1463.84
vn 0.198048 -0.828334 0.524061
v -40.8164 -134.414 1466.04
vn -0.0860132 -0.887676 0.452364
v -41.4164 -134.261 1466.44
vn 0.0595969 -0.864465 0.499148
v -41.4164 -133.991 1466.98
vn 0.305945 -0.791399 0.529231
v -42.2164 -132.408 1469.64
vn 0.655086 -0.536534 0.531971
v -41.2164 -132.196 1469.04
vn -0.898417 0.0642567 -0.434417
v -40.6742 -130.591 1460.44
vn -0.925666 -0.00320154 -0.378329
v -41.546 -130.591 1462.44
vn -0.849653 0.241727 -0.468676
v -41.4648 -129.391 1462.24
vn -0.920195 -0.0519889 -0.387993
v -42.1304 -129.791 1464.04
vn -0.854356 0.1977 -0.480615
v -41.8773 -129.791 1463.64
vn -0.909417 0.0192026 -0.415442
v -42.0164 -129.549 1463.44
vn -0.871767 -0.487623 -0.0473887
v -42.0148 -129.591 1463.84
vn -0.944494 -0.260537 -0.200127
v -41.7148 -130.791 1463.24
vn -0.812072 -0.550765 -0.192867
v -41.7608 -129.791 1463.24
vn 0.643368 -0.626275 0.440291
v -42.2164 -129.591 1473.63
vn -0.932926 0.0473304 -0.356944
v -40.646 -128.191 1461.04
vn -0.78113 0.411198 -0.469843
v -41.5867 -128.991 1462.84
vn -0.90335 0.0181779 -0.42852
v -41.6164 -128.191 1462.9
vn -0.883404 0.153953 -0.442601
v -41.0164 -128.991 1461.78
vn -0.907223 0.0881977 -0.411299
v -41.9117 -128.391 1463.84
vn 0.882028 -0.264207 0.390157
v -41.146 -129.191 1471.84
vn -0.919881 -0.333262 -0.206776
v -40.8992 -126.391 1461.44
vn -0.971616 -0.0716757 -0.225445
v -40.8164 -127.191 1461.63
vn -0.958991 -0.076541 -0.272906
v -40.8367 -126.791 1461.84
vn -0.925768 0.0937626 -0.36628
v -40.8164 -127.391 1461.95
vn -0.847381 0.276031 -0.453598
v -41.8164 -126.991 1464.01
vn -0.887643 0.171127 -0.427558
v -42.1429 -126.391 1465.04
vn 0.936815 -0.132251 0.323863
v -40.9367 -127.591 1471.84
vn -0.953068 -0.181474 -0.24234
v -40.9148 -125.591 1461.44
vn -0.952373 -0.0309037 -0.303366
v -41.6429 -124.991 1464.24
vn 0.954553 -0.0856499 0.28547
v -42.096 -124.991 1475.84
vn -0.918431 0.0277022 -0.394609
v -40.8523 -124.191 1461.04
vn -0.91719 0.112146 -0.382341
v -41.0164 -123.591 1461.56
vn -0.797009 0.230678 -0.558179
v -40.7804 -122.991 1461.24
vn -0.856253 -0.509969 -0.0822321
v -42.0617 -122.991 1464.44
vn -0.774281 0.423425 -0.470318
v -41.7367 -123.991 1463.64
vn -0.954626 0.188576 -0.230496
v -42.1617 -122.991 1465.24
vn 0.956756 -0.0611822 0.284384
v -41.7867 -123.991 1475.44
vn -0.680911 0.439677 -0.585701
v -40.8164 -122.391 1461.59
vn -0.932078 -0.237489 -0.27355
v -41.4164 -121.791 1462.92
vn -0.616659 0.642082 -0.45548
v -41.0959 -121.591 1462.84
vn -0.917353 0.0943407 -0.386735
v -40.9804 -122.391 1461.84
vn -0.682685 0.575523 -0.450237
v -40.9273 -121.391 1462.84
vn -0.922953 -0.304025 -0.236065
v -41.8878 -121.591 1464.24
vn -0.902598 0.221322 -0.369235
v -41.8164 -121.791 1464.51
vn -0.921543 -0.30494 -0.240355
v -41.4835 -121.991 1463.44
vn -0.585333 0.661814 -0.468388
v -41.1314 -121.391 1463.24
vn -0.850302 -0.177437 -0.495482
v -41.2742 -121.191 1462.64
vn -0.817137 0.284407 -0.501398
v -41.2164 -120.797 1462.64
vn -0.675901 0.197243 -0.710108
v -40.8164 -121.191 1462.02
vn -0.847662 0.418963 -0.325483
v -41.6992 -120.591 1464.24
vn -0.572478 0.635285 -0.518345
v -41.6164 -121.191 1463.96
vn -0.815898 -0.578195 -0.000603458
v -41.6164 -120.709 1463.64
vn -0.815898 -0.578195 -0.000603458
v -41.4164 -120.991 1463.25
vn -0.913653 -0.231939 -0.333831
v -41.255 -120.991 1463.44
vn -0.620065 0.575106 -0.533641
v -41.4164 -120.991 1463.94
vn -0.791689 0.38761 -0.472216
v -41.4164 -119.658 1464.04
vn -0.933087 0.17503 -0.314187
v -42.1273 -120.991 1464.84
vn -0.875577 -0.210655 -0.43473
v -40.9492 -119.591 1463.04
vn -0.697937 0.171366 -0.695355
v -40.8164 -119.391 1462.79
vn -0.689514 -0.705189 -0.165163
v -41.5262 -119.191 1463.84
vn -0.695536 -0.71849 0.00120972
v -41.5273 -119.191 1464.24
vn -0.948034 -0.156314 -0.277122
v -41.5148 -118.391 1464.64
vn -0.807188 -0.526485 -0.266948
v -41.2497 -119.391 1463.64
vn -0.836595 0.298145 -0.459586
v -41.321 -119.391 1464.04
vn -0.857157 -0.140848 -0.495422
v -41.3148 -119.191 1463.44
vn -0.919337 -0.292991 -0.262632
v -41.2164 -118.391 1463.6
vn -0.828662 0.23524 -0.507919
v -41.0164 -118.81 1463.24
vn -0.562174 0.382861 -0.733061
v -40.8164 -118.191 1463.29
vn -0.923267 0.250359 -0.291373
v -42.1398 -118.991 1466.24
vn -0.916107 0.215556 -0.33806
v -42.0164 -119.591 1465.07
vn -0.90586 0.234992 -0.352415
v -41.9335 -118.791 1465.64
vn -0.91485 0.231646 -0.330742
v -41.6941 -118.591 1465.04
vn -0.734509 0.39933 -0.548664
v -41.0554 -117.991 1463.64
vn -0.882796 -0.426712 -0.196438
v -41.8164 -117.991 1465.13
vn -0.936454 0.213084 -0.278656
v -41.1085 -116.591 1465.04
vn -0.825291 0.49362 -0.274289
v -42.2164 -116.944 1468.44
vn -0.961825 0.119627 -0.246136
v -41.9835 -116.591 1468.24
vn 0.969493 -0.0448591 0.24098
v -40.7367 -117.391 1472.84
vn -0.69491 0.45081 -0.560241
v -40.8585 -116.391 1464.64
vn -0.504512 0.529414 -0.682047
v -41.6429 -116.391 1466.24
vn -0.504512 0.529414 -0.682047
v -41.3726 -116.391 1466.04
vn -0.732158 -0.432562 -0.526151
v -41.3992 -115.991 1465.64
vn -0.750273 -0.660906 -0.0171056
v -41.4164 -115.936 1466.24
vn -0.797218 -0.525884 -0.296462
v -41.4164 -115.791 1465.99
vn -0.792135 0.545071 -0.274627
v -41.2164 -116.203 1466.04
vn -0.732158 -0.432562 -0.526151
v -41.2164 -116.191 1465.55
vn -0.950122 0.00883758 -0.311754
v -41.2164 -115.991 1465.39
vn -0.477399 0.755017 -0.449489
v -41.0164 -115.655 1465.64
vn -0.899797 -0.395151 -0.184989
v -42.0242 -115.991 1467.24
vn -0.503221 0.72868 -0.464536
v -41.8164 -115.791 1467.85
vn -0.937266 -0.0903164 0.336714
v -41.7373 -115.391 1467.24
vn -0.932465 -0.128349 0.337692
v -41.6654 -115.391 1467.44
vn -0.814376 0.409728 -0.410994
v -41.6592 -114.991 1467.84
vn -0.0863465 0.91387 -0.39672
v -41.6164 -116.191 1466.74
vn -0.695185 -0.718802 -0.0063773
v -41.5868 -115.791 1466.44
vn -0.67032 -0.723363 0.165583
v -41.5104 -115.791 1466.64
vn -0.790419 0.503408 -0.349025
v -41.5242 -115.591 1466.64
vn -0.864712 -0.501504 0.0276891
v -41.525 -115.591 1467.24
vn -0.733194 0.49624 -0.464942
v -41.5492 -115.591 1467.64
vn -0.886468 0.185829 -0.423842
v -41.6164 -115.391 1467.58
vn -0.936472 -0.091969 0.338469
v -41.6164 -115.155 1467.64
vn -0.700622 0.622105 -0.349449
v -41.4422 -114.991 1467.44
vn -0.108953 0.905344 -0.410464
v -41.4164 -116.227 1466.64
vn -0.69997 -0.705151 0.113154
v -41.3309 -115.991 1466.44
vn -0.723668 -0.67468 0.145295
v -41.3117 -115.991 1466.64
vn -0.44638 0.748743 -0.49003
v -41.4164 -115.948 1467.04
vn -0.636918 0.664625 -0.390652
v -41.3968 -115.391 1466.64
vn -0.487264 0.7426 -0.459477
v -41.2164 -115.149 1466.84
vn -0.100799 0.935098 -0.339753
v -40.8164 -115.191 1466.45
vn -0.0418101 0.978294 -0.202959
v -40.8164 -115.145 1466.84
vn -0.970667 0.0507142 -0.235019
v -42.1773 -114.991 1469.24
vn -0.580392 0.676243 -0.453696
v -41.9273 -115.391 1468.44
vn -0.81678 0.42872 -0.386095
v -42.0164 -115.191 1468.23
vn -0.820068 0.475113 -0.318992
v -42.0164 -114.712 1469.04
vn -0.295955 0.874628 -0.383975
v -41.8164 -114.591 1469.3
vn -0.103309 0.965742 -0.238053
v -41.6164 -114.791 1468.49
vn -0.316434 0.882782 -0.347226
v -41.4164 -114.647 1468.84
vn -0.465223 0.782207 -0.414391
v -41.8164 -113.439 1471.44
vn 0.90653 0.420815 0.0334351
v -40.6929 -113.791 1472.04
vn 0.967746 0.200557 0.152463
v -40.6867 -113.991 1472.84
vn -0.392222 0.833281 -0.389621
v -41.8164 -112.849 1472.64
vn 0.587852 0.796123 -0.143589
v -41.4164 -112.739 1473.44
vn 0.840338 0.541557 -0.0233943
v -41.1679 -112.991 1473.84
vn 0.00629504 0.97519 -0.22128
v -42.2164 -111.93 1475.64
vn 0.591112 0.805026 -0.0501893
v -42.2164 -111.88 1476.04
vn 0.806028 0.587241 0.0739388
v -41.6992 -112.391 1476.64
vn -0.78323 -0.596213 -0.176298
v -39.171 -137.591 1459.44
vn -0.658528 -0.746233 0.0973489
v -40.1469 -136.591 1461.84
vn -0.360359 -0.868045 0.341524
v -39.6164 -136.911 1462.04
vn 0.0935286 -0.841236 0.532517
v -39.2164 -136.991 1462.05
vn -0.0194777 -0.852349 0.522611
v -40.2164 -135.791 1463.81
vn 0.413887 -0.698974 0.583209
v -39.8164 -134.991 1464.69
vn -0.882232 -0.0219055 -0.470305
v -39.2164 -132.791 1457.63
vn 0.755875 -0.365469 0.543218
v -39.7085 -133.391 1466.04
vn -0.860705 0.108907 -0.497319
v -39.6164 -130.991 1458.44
vn 0.87684 -0.205839 0.434489
v -39.1023 -132.391 1465.44
vn -0.788362 0.195338 -0.583377
v -39.346 -129.391 1458.24
vn -0.840417 0.0479751 -0.539813
v -39.1992 -129.991 1458.04
vn -0.787087 0.0793184 -0.611721
v -39.1929 -128.791 1458.24
vn -0.7354 0.108859 -0.668832
v -39.0523 -127.991 1458.24
vn -0.899793 0.0287498 -0.435369
v -40.0148 -128.991 1459.44
vn -0.890998 0.0114386 -0.453863
v -39.496 -128.791 1458.84
vn -0.865916 -0.0237021 -0.499627
v -39.6148 -128.391 1458.84
vn -0.922648 0.00325819 -0.385629
v -40.3648 -128.991 1460.44
vn -0.833202 0.276347 -0.478964
v -40.4164 -128.191 1460.43
vn -0.753251 0.415847 -0.509593
v -40.1804 -127.991 1460.24
vn -0.909056 -0.338047 -0.243603
v -40.2164 -127.791 1460.06
vn 0.91767 -0.106442 0.382821
v -39.5054 -128.991 1467.24
vn -0.720305 0.127914 -0.681761
v -39.996 -126.391 1459.24
vn -0.415382 0.414749 -0.809593
v -39.2164 -126.391 1458.6
vn -0.942173 -0.23297 -0.240903
v -40.4335 -126.991 1460.64
vn -0.941811 -0.0961497 -0.322097
v -40.4164 -126.591 1460.05
vn -0.323198 0.343173 -0.881915
v -39.2164 -124.991 1459.14
vn 0.95509 0.0470139 0.292561
v -40.5023 -124.991 1470.84
vn 0.0594409 0.603236 -0.795345
v -39.2164 -123.591 1459.97
vn -0.585396 0.339733 -0.736134
v -40.2164 -123.551 1460.44
vn -0.41499 0.408209 -0.81311
v -40.2164 -121.811 1461.44
vn -0.343099 0.507954 -0.790105
v -39.8164 -122.791 1460.61
vn 0.455837 0.527849 -0.71665
v -39.4164 -121.82 1461.44
vn -0.630687 0.600644 -0.491386
v -40.6054 -121.791 1462.04
vn -0.921155 -0.141949 -0.362386
v -40.6164 -121.576 1462.04
vn -0.781188 0.27693 -0.559514
v -40.4164 -121.815 1461.64
vn -0.753059 -0.472399 -0.457975
v -40.4164 -121.591 1461.65
vn -0.662882 0.366205 -0.653055
v -40.6164 -120.031 1462.44
vn -0.289427 0.377758 -0.879506
v -40.2164 -119.391 1462.47
vn -0.0171055 0.461314 -0.887072
v -40.2164 -118.391 1462.9
vn 0.351912 0.365975 -0.861522
v -40.0164 -119.05 1462.64
vn 0.655295 0.272786 -0.704398
v -39.7835 -118.991 1462.84
vn 0.57551 0.30945 -0.756987
v -39.8164 -118.8 1462.84
vn 0.805996 0.29851 -0.511138
v -39.3242 -118.791 1463.44
vn 0.982249 0.0198478 0.18653
v -40.1117 -118.591 1469.84
vn -0.343116 0.528956 -0.776194
v -40.4164 -116.991 1463.81
vn 0.311375 0.512726 -0.800099
v -40.0164 -116.991 1463.76
vn 0.990628 0.0209334 0.134974
v -39.3898 -117.591 1466.24
vn 0.97354 0.219921 -0.0620938
v -39.2867 -117.391 1464.84
vn -0.211677 0.733149 -0.646286
v -40.2164 -116.191 1464.32
vn 0.580061 0.690129 -0.432725
v -39.7925 -116.191 1464.44
vn 0.166511 0.952837 -0.253726
v -40.6164 -115.13 1466.84
vn 0.811375 0.577621 -0.0895795
v -39.9398 -115.391 1467.24
vn 0.982902 0.120417 0.139296
v -40.2492 -115.191 1471.24
vn -0.887074 -0.0393018 -0.459952
v -37.6367 -137.991 1456.04
vn -0.795604 -0.571063 -0.202242
v -38.5054 -137.591 1458.04
vn -0.845918 -0.521049 -0.113716
v -38.3023 -137.791 1457.24
vn -0.576014 -0.793213 0.19754
v -38.2164 -138.002 1457.24
vn -0.307674 -0.934356 -0.179768
v -38.1327 -137.991 1457.04
vn -0.534879 -0.808472 0.245516
v -38.086 -137.991 1457.44
vn -0.739499 -0.648764 0.179572
v -38.2164 -137.877 1457.44
vn -0.31258 -0.949254 0.0347957
v -38.0164 -138.068 1457.24
vn -0.846052 -0.465387 -0.26002
v -37.8164 -138.591 1457.28
vn -0.384611 -0.893699 0.231031
v -38.6164 -137.939 1460.04
vn 0.439952 -0.73456 0.516588
v -38.2164 -137.991 1460.1
vn -0.87506 -0.154037 -0.458848
v -37.4679 -136.591 1455.24
vn -0.889365 -0.271187 -0.368086
v -38.8986 -137.191 1458.24
vn -0.897119 -0.09827 -0.430721
v -38.5867 -134.991 1456.64
vn -0.790056 0.093782 -0.605818
v -38.096 -133.191 1455.84
vn -0.464053 0.390951 -0.794866
v -38.0164 -131.383 1456.24
vn -0.538361 0.393166 -0.745378
v -37.6164 -131.991 1455.57
vn -0.698696 0.223563 -0.67959
v -38.8164 -129.791 1457.5
vn -0.365753 0.338932 -0.866804
v -38.0164 -129.328 1457.24
vn -0.607343 0.219679 -0.763463
v -38.6141 -129.191 1457.64
vn -0.1042 0.284665 -0.952947
v -38.0164 -128.191 1457.57
vn 0.415884 0.362426 -0.834079
v -37.8164 -127.991 1457.67
vn 0.128001 0.483832 -0.865749
v -37.6164 -129.191 1457.21
vn 0.761431 0.380296 -0.524974
v -37.6148 -127.991 1457.84
vn -0.419095 0.264751 -0.868485
v -38.6164 -127.191 1458.02
vn -0.207145 0.323355 -0.923327
v -38.2811 -127.391 1457.84
vn 0.0240698 0.520802 -0.853338
v -38.2164 -127.191 1457.92
vn 0.301654 0.517681 -0.800631
v -38.2164 -126.991 1458.06
vn 0.193485 0.450844 -0.87138
v -38.0164 -127.391 1457.81
vn 0.458169 0.62424 -0.632776
v -37.9164 -127.191 1458.04
vn 0.599551 0.433618 -0.672692
v -38.0164 -126.991 1458.18
vn 0.769184 0.4394 -0.463987
v -37.9648 -126.991 1458.24
vn 0.649401 0.427392 -0.628979
v -38.0164 -126.791 1458.23
vn 0.672243 0.475655 -0.567311
v -37.8164 -127.391 1457.93
vn 0.0435904 0.556385 -0.82978
v -38.6164 -126.057 1458.64
vn 0.605699 0.480857 -0.63396
v -38.2164 -126.163 1458.84
vn 0.870567 0.379645 -0.313021
v -37.446 -127.191 1459.24
vn -0.338522 0.390888 -0.855926
v -39.0164 -125.791 1458.92
vn 0.0549136 0.375154 -0.925334
v -38.6164 -125.791 1458.81
vn 0.423681 0.451519 -0.785255
v -38.6164 -124.791 1459.14
vn 0.949777 0.283226 -0.13307
v -37.7242 -125.791 1459.84
vn 0.969155 0.082215 0.232335
v -38.3492 -125.591 1462.84
vn 0.602141 0.612494 -0.512131
v -38.6164 -123.96 1459.84
vn 0.420197 0.662362 -0.620251
v -38.9759 -123.591 1460.04
vn 0.704359 0.605004 -0.371281
v -38.8148 -123.591 1460.24
vn 0.888933 0.431183 -0.154528
v -38.2164 -124.07 1460.84
vn 0.777158 0.493677 -0.390268
v -38.4835 -123.191 1461.64
vn 0.969919 0.192171 -0.149427
v -38.9867 -121.191 1462.64
vn -0.82266 -0.465588 -0.326278
v -36.2164 -140.191 1453.2
vn -0.8073 0.045668 -0.588371
v -36.1804 -139.591 1453.04
vn -0.674449 0.0181782 -0.738097
v -35.8367 -138.991 1452.84
vn -0.652259 -0.757992 0.00260246
v -36.8164 -139.457 1455.64
vn -0.552559 -0.831696 0.0544021
v -36.8164 -139.455 1456.24
vn -0.283907 -0.947743 0.145531
v -36.6164 -139.486 1455.84
vn 0.396867 -0.803611 0.443515
v -36.2164 -139.349 1455.84
vn -0.843959 -0.0275437 -0.535699
v -36.171 -138.791 1453.24
vn -0.694932 -0.0334165 -0.718298
v -36.0164 -138.391 1452.93
vn -0.901167 -0.31367 -0.29918
v -37.1992 -138.791 1455.24
vn 0.619136 -0.575042 0.534787
v -37.4164 -137.591 1459.98
vn -0.753417 0.0031236 -0.657536
v -36.6164 -136.591 1453.63
vn -0.585486 0.169733 -0.792715
v -36.2164 -135.191 1453.44
vn 0.858232 -0.198093 0.473495
v -37.1429 -135.591 1460.84
vn 0.0169383 0.681434 -0.731684
v -36.2164 -131.991 1454.91
vn 0.47164 0.663814 -0.580436
v -35.9137 -132.191 1454.84
vn 0.382337 0.729869 -0.566666
v -36.0164 -131.902 1455.04
vn -0.108079 0.489624 -0.86521
v -37.0164 -130.991 1456.1
vn -0.132323 0.707369 -0.694348
v -36.8164 -131.391 1455.7
vn 0.117028 0.634777 -0.763782
v -36.8164 -130.991 1456.09
vn 0.603957 0.63731 -0.478615
v -36.4897 -130.991 1456.24
vn 0.35845 0.815854 -0.453758
v -36.2164 -131.63 1455.44
vn 0.670224 0.719896 -0.180416
v -36.0164 -131.724 1455.64
vn -0.114044 0.556369 -0.823072
v -37.4164 -130.009 1456.64
vn 0.0892411 0.531903 -0.84209
v -37.0164 -130.391 1456.31
vn 0.448904 0.670859 -0.590282
v -37.0164 -129.991 1456.78
vn 0.277204 0.435576 -0.856406
v -36.8164 -130.791 1456.19
vn 0.562779 0.585131 -0.583868
v -36.8164 -130.367 1456.44
vn 0.819026 0.521187 -0.239916
v -36.2835 -130.391 1457.64
vn 0.648941 0.494639 -0.578107
v -37.2164 -129.191 1457.43
vn 0.959274 0.25556 0.120342
v -37.046 -128.791 1459.44
vn -0.698931 -0.658189 -0.27979
v -35.8164 -140.549 1453.04
vn -0.0635132 -0.939224 -0.337379
v -35.2164 -140.445 1452.64
vn -0.0102982 -0.987669 -0.156217
v -35.2164 -140.555 1453.04
vn -0.611668 -0.78526 0.0960663
v -35.8164 -140.577 1453.64
vn -0.49041 -0.471472 -0.732948
v -35.6418 -140.391 1452.64
vn -0.582301 -0.0819787 -0.80883
v -35.8164 -139.991 1452.59
vn -0.313241 -0.26639 -0.911546
v -35.2164 -139.991 1452.32
vn -0.355147 0.0622684 -0.932734
v -35.2164 -139.191 1452.42
vn 0.529183 0.0260947 -0.848107
v -35.0164 -139.791 1452.38
vn 0.46985 0.0812602 -0.878998
v -35.0164 -139.391 1452.46
vn 0.809667 -0.383795 -0.444006
v -34.7742 -139.991 1452.64
vn 0.879363 -0.465144 0.101797
v -34.7585 -139.991 1453.04
vn 0.794441 0.000693145 -0.60734
v -34.771 -139.591 1452.64
vn 0.980434 -0.184751 -0.0679394
v -34.5773 -139.391 1453.04
vn 0.80352 -0.462965 0.374191
v -34.8179 -139.791 1453.64
vn 0.608085 -0.62623 0.487923
v -35.8164 -138.937 1456.04
vn -0.543321 0.082624 -0.83545
v -35.2164 -138.391 1452.43
vn 0.597687 -0.150707 -0.787437
v -34.7679 -138.391 1452.64
vn 0.822673 -0.211455 -0.527728
v -34.6164 -138.391 1452.82
vn 0.720657 -0.213068 -0.659739
v -34.6164 -138.18 1452.64
vn 0.963798 -0.0943867 -0.249369
v -34.3804 -138.191 1453.24
vn 0.980272 -0.116195 0.159895
v -34.3367 -137.791 1453.64
vn -0.540846 0.102019 -0.834912
v -35.2164 -137.191 1452.57
vn 0.208013 0.194257 -0.958642
v -35.0164 -136.591 1452.72
vn 0.914516 0.0240947 -0.403831
v -34.4398 -137.191 1452.84
vn 0.159596 0.113291 -0.98066
v -34.5862 -136.991 1452.64
vn 0.715146 0.334789 -0.613581
v -34.583 -136.791 1452.84
vn 0.93575 0.211669 -0.282077
v -34.396 -136.991 1453.04
vn 0.98821 0.0537403 -0.143361
v -34.3367 -136.991 1453.44
vn 0.929257 0.215283 -0.300225
v -34.4164 -136.786 1453.24
vn 0.986027 -0.0086645 0.16636
v -34.3367 -135.991 1454.24
vn 0.865547 -0.26924 0.422301
v -35.7523 -137.191 1457.44
vn 0.902575 -0.14495 0.405397
v -35.671 -136.391 1457.64
vn -0.35048 0.295054 -0.88888
v -35.6164 -134.391 1453.3
vn 0.0263434 0.238534 -0.970777
v -35.2164 -135.391 1452.88
vn -0.0182629 0.379135 -0.925161
v -35.2164 -134.191 1453.29
vn 0.606288 0.320998 -0.727582
v -35.0164 -134.391 1453.27
vn 0.961455 0.265993 0.069654
v -34.4742 -134.191 1454.64
vn 0.969321 0.11391 -0.21781
v -34.3148 -135.591 1453.84
vn 0.928286 -0.0784734 0.363493
v -34.7179 -134.791 1455.84
vn 0.191766 0.53635 -0.821921
v -35.2164 -133.591 1453.57
vn -0.361354 0.401068 -0.841765
v -35.8164 -133.729 1453.64
vn 0.669245 0.611228 -0.422505
v -35.0164 -133.591 1453.73
vn 0.891637 0.364326 -0.268792
v -34.5554 -133.991 1454.24
vn 0.733014 0.536856 -0.417703
v -35.7742 -132.191 1455.04
vn 0.880356 0.409356 -0.239583
v -35.7085 -132.191 1455.24
vn 0.845893 0.505271 -0.170781
v -35.6648 -132.191 1455.44
vn 0.797385 0.557255 -0.23161
v -35.7492 -131.991 1455.24
vn 0.77541 0.618667 -0.126455
v -35.7679 -131.991 1455.64
vn 0.775972 0.596567 -0.204882
v -35.4164 -132.323 1455.84
vn -0.246848 -0.895143 -0.371194
v -60.2164 -125.851 1509.44
vn -0.77028 -0.456777 -0.444999
v -60.1367 -125.791 1509.24
vn -0.82245 0.416495 -0.387437
v -60.1367 -125.791 1509.24
vn -0.854039 -0.257212 -0.452172
v -60.1367 -125.791 1509.24
vn -0.744209 -0.664966 0.0630311
v -60.1367 -125.791 1509.24
vn -0.713539 0.606782 -0.350253
v -60.2164 -125.791 1509.38
vn 0.581983 -0.300062 0.755817
v -60.0164 -125.906 1509.44
vn -0.279272 -0.886423 0.369138
v -60.0164 -125.906 1509.44
vn -0.744209 -0.664966 0.0630311
v -60.0164 -125.906 1509.44
vn -0.768014 0.55466 -0.320166
v -60.3256 -125.791 1509.64
vn 0 0 1
v -60.3256 -125.791 1509.64
vn 0.707019 0 0.707194
v -60.2164 -125.935 1509.64
vn -0.246659 -0.894459 -0.372964
v -60.2164 -125.935 1509.64
vn 0 0 1
v -60.2164 -125.935 1509.64
vn 0.584549 -0.158115 0.795803
v -60.2164 -125.639 1509.64
vn 0 0 1
v -60.2164 -125.639 1509.64
vn -0.257309 0.889605 0.377352
v -60.2164 -125.639 1509.64
vn -0.324561 -0.781555 0.532758
v -59.921 -123.391 1510.64
vn -0.874218 -0.409097 -0.261501
v -59.921 -123.391 1510.64
vn -0.913199 0.350951 -0.207124
v -59.921 -123.391 1510.64
vn -0.435 0.234492 0.869361
v -59.921 -123.391 1510.64
vn -0.795568 -0.593461 0.121968
v -60.0164 -122.591 1511.05
vn -0.613201 0.0396933 0.788929
v -60.0164 -122.591 1511.05
vn 0.154479 -0.375019 0.914055
v -60.0164 -122.591 1511.05
vn -0.657428 0.0652915 0.750684
v -59.9867 -122.191 1511.04
vn -0.986952 0.0880962 -0.134775
v -60.0164 -121.391 1511.52
vn -0.534287 -0.140073 0.833617
v -60.0164 -121.391 1511.52
vn -0.852232 -0.4125 -0.321783
v -60.0164 -121.391 1511.52
vn 0.139116 -0.373926 0.916966
v -60.0164 -121.391 1511.52
vn -0.818249 -0.422869 -0.389423
v -59.9335 -121.191 1511.04
vn -0.515477 -0.233001 0.824618
v -60.296 -120.191 1512.04
vn -0.861787 0.0471255 0.505077
v -60.296 -120.191 1512.04
vn -0.897709 -0.437282 -0.0538781
v -60.296 -120.191 1512.04
vn -0.846715 -0.191874 0.496243
v -60.2742 -119.791 1512.04
vn -0.951167 -0.0529402 -0.304103
v -60.2164 -120.341 1511.84
vn -0.886108 -0.463446 -0.00546169
v -60.2164 -120.341 1511.84
vn 0.718808 0.0513433 -0.69331
v -60.2164 -120.341 1511.84
vn 0.744015 -0.637737 -0.199331
v -60.2164 -120.341 1511.84
vn -0.90647 -0.409734 -0.102124
v -60.2056 -120.391 1512.04
vn -0.997611 0.0316875 0.0613856
v -60.2056 -120.391 1512.04
vn 0.744015 -0.637737 -0.199331
v -60.2056 -120.391 1512.04
vn -0.634726 0.536818 0.555832
v -60.2056 -120.391 1512.04
vn 0.388947 -0.310137 0.867488
v -60.2056 -120.391 1512.04
vn -0.354663 -0.753662 0.55336
v -60.2056 -120.391 1512.04
vn 0.358367 -0.303088 0.883012
v -60.2056 -120.391 1512.04
vn 0.0843805 -0.995776 0.036192
v -60.2116 -120.191 1511.84
vn -0.634726 0.536818 0.555832
v -60.2116 -120.191 1511.84
vn 0.718808 0.0513433 -0.69331
v -60.2164 -120.191 1511.86
vn 0.0843805 -0.995776 0.036192
v -60.2164 -120.191 1511.86
vn 0.633382 -0.474986 -0.610914
v -60.2164 -120.191 1511.86
vn 0.744015 -0.637737 -0.199331
v -60.0342 -120.191 1512.04
vn 0.633382 -0.474986 -0.610914
v -60.0342 -120.191 1512.04
vn 0.375907 -0.300839 0.876464
v -60.0342 -120.191 1512.04
vn -0.443488 0.159402 0.881992
v -60.2164 -119.63 1512.04
vn 0.275751 0.787279 0.551501
v -60.2164 -119.63 1512.04
vn 0.589417 0.501691 -0.633162
v -60.2164 -119.63 1512.04
vn 0.708176 -0.432378 -0.558153
v -60.2164 -119.63 1512.04
vn -0.846715 -0.191874 0.496243
v -60.157 -119.791 1512.24
vn 0.424136 -0.317087 0.848272
v -60.157 -119.791 1512.24
vn 0.275751 0.787279 0.551501
v -60.157 -119.791 1512.24
vn 0.708176 -0.432378 -0.558153
v -60.157 -119.791 1512.24
vn 0.39805 -0.24303 0.884586
v -60.157 -119.791 1512.24
vn -0.897709 -0.437282 -0.0538781
v -59.9798 -120.791 1511.64
vn -0.534287 -0.140073 0.833617
v -59.9798 -120.791 1511.64
vn -0.354663 -0.753662 0.55336
v -59.9798 -120.791 1511.64
vn -0.634726 0.536818 0.555832
v -60.0164 -120.167 1512.04
vn 0.633382 -0.474986 -0.610914
v -60.0164 -120.167 1512.04
vn 0.370682 -0.302236 0.878207
v -60.0164 -120.167 1512.04
vn -0.443488 0.159402 0.881992
v -60.0164 -119.791 1512.17
vn 0.275751 0.787279 0.551501
v -60.0164 -119.791 1512.17
vn -0.648875 -0.30513 0.697034
v -60.0164 -119.791 1512.17
vn -0.608211 -0.744286 -0.275895
v -60.0164 -119.791 1512.17
vn -0.603136 -0.792625 0.0892861
v -60.4617 -119.391 1512.44
vn -0.909418 -0.00797613 -0.415807
v -60.4617 -119.391 1512.44
vn -0.568877 -0.802983 0.177759
v -60.4164 -119.391 1512.59
vn 0.459631 -0.405786 0.789985
v -60.4164 -119.391 1512.59
vn -0.0392037 -0.174188 0.983932
v -60.4164 -119.391 1512.59
vn -0.443488 0.159402 0.881992
v -60.2023 -119.591 1512.04
vn 0.589417 0.501691 -0.633162
v -60.2164 -119.591 1512.08
vn -0.631903 -0.775048 0
v -60.2164 -119.591 1512.08
vn -0.756624 -0.556527 -0.343218
v -60.2164 -119.591 1512.08
vn -0.648875 -0.30513 0.697034
v -60.2164 -119.591 1512.08
vn 0.708176 -0.432378 -0.558153
v -60.0349 -119.591 1512.24
vn 0.452342 -0.34324 0.823148
v -60.0349 -119.591 1512.24
vn -0.648875 -0.30513 0.697034
v -60.0349 -119.591 1512.24
vn -0.78302 -0.419854 0.458913
v -60.2164 -119.591 1512.33
vn 0.36819 -0.441516 0.818229
v -60.2164 -119.591 1512.33
vn -0.603136 -0.792625 0.0892861
v -60.2164 -119.591 1512.33
vn -0.931679 0.279224 -0.232395
v -60.2367 -117.991 1512.84
vn -0.0392037 -0.174188 0.983932
v -60.2367 -117.991 1512.84
vn -0.707109 0.258505 0.658158
v -60.2367 -117.991 1512.84
vn -0.0392037 -0.174188 0.983932
v -60.0164 -117.591 1512.92
vn -0.707109 0.258505 0.658158
v -60.0164 -117.591 1512.92
vn 0.176487 0.359844 0.916168
v -60.0164 -117.591 1512.92
vn -0.707109 0.258505 0.658158
v -60.0164 -117.388 1512.84
vn 0.0901532 0.183816 0.978818
v -60.0164 -117.388 1512.84
vn -0.781672 0.0139796 0.623532
v -59.8835 -116.991 1512.84
vn 0 0 1
v -59.8835 -116.991 1512.84
vn -0.774785 0.13318 0.618038
v -59.8492 -116.791 1512.84
vn 0.042276 0.393668 0.91828
v -59.8492 -116.791 1512.84
vn -0.0211859 -0.19728 0.980118
v -59.8492 -116.791 1512.84
vn -0.544907 0.47837 0.68865
v -59.8492 -116.791 1512.84
vn 0.167332 -0.496943 0.851497
v -58.6164 -129.371 1507.64
vn -0.582566 -0.590663 -0.558331
v -58.4164 -129.321 1507.04
vn -0.857385 -0.18353 -0.48084
v -59.2164 -128.391 1507.58
vn -0.262015 0.222626 0.939035
v -59.2164 -128.391 1507.58
vn -0.781901 0.537394 0.315973
v -59.2164 -128.391 1507.58
vn -0.722266 0.431352 0.540617
v -59.1335 -128.191 1507.44
vn -0.812121 -0.314011 -0.491788
v -58.9396 -129.191 1507.64
vn 0.196601 -0.351726 0.915225
v -59.0164 -129.163 1507.84
vn -0.978709 -0.12629 -0.161798
v -59.0164 -129.163 1507.84
vn 0.0170452 0.293371 0.955847
v -59.0164 -129.163 1507.84
vn -0.937371 -0.222982 -0.267608
v -59.0164 -128.991 1507.71
vn -0.0306867 0.231709 0.972301
v -59.0164 -128.791 1507.73
vn -1 0 0
v -59.0164 -128.791 1507.73
vn -0.28168 -0.899472 0.334074
v -58.9404 -127.791 1507.44
vn -0.843626 -0.0712517 -0.532182
v -58.9404 -127.791 1507.44
vn -0.722266 0.431352 0.540617
v -58.8164 -127.791 1507.55
vn -0.28168 -0.899472 0.334074
v -58.8164 -127.791 1507.55
vn -0.799537 -0.210707 0.562444
v -59.496 -127.191 1507.84
vn -0.698967 0.644361 -0.310232
v -59.496 -127.191 1507.84
vn -0.653063 0.602043 0.459405
v -59.496 -127.191 1507.84
vn 0.300526 -0.345803 0.888878
v -59.4164 -127.493 1507.84
vn -0.773892 -0.30665 -0.554128
v -59.4164 -127.493 1507.84
vn -0.799537 -0.210707 0.562444
v -59.4164 -127.493 1507.84
vn -0.653063 0.602043 0.459405
v -59.4164 -127.191 1507.96
vn 0.266055 -0.338174 0.902692
v -59.4164 -127.191 1507.96
vn -0.0508729 0.305996 0.950673
v -59.4164 -127.191 1507.96
vn -0.653063 0.602043 0.459405
v -59.1273 -126.791 1507.84
vn -0.800039 -0.451834 -0.394694
v -59.1273 -126.791 1507.84
vn -0.0508729 0.305996 0.950673
v -59.1273 -126.791 1507.84
vn -0.775199 -0.543293 -0.322334
v -59.0164 -126.991 1507.92
vn -0.0508729 0.305996 0.950673
v -59.0164 -126.991 1507.92
vn -0.253631 -0.805038 0.536269
v -59.0164 -126.991 1507.92
vn -0.76903 -0.352127 -0.533478
v -58.8164 -126.991 1506.73
vn -0.267632 -0.849478 0.454709
v -59.6164 -126.449 1508.44
vn -0.744209 -0.664966 0.0630311
v -59.6164 -126.449 1508.44
vn 0.466466 -0.527434 0.710087
v -59.4164 -126.512 1508.44
vn -0.882953 0.25802 -0.392198
v -58.2804 -124.591 1506.64
vn -0.257309 0.889605 0.377352
v -59.8164 -125.391 1509.33
vn -0.561513 -0.0811673 0.823478
v -59.8164 -125.391 1509.33
vn -0.257309 0.889605 0.377352
v -59.6497 -125.391 1509.44
vn -0.561513 -0.0811673 0.823478
v -59.6497 -125.391 1509.44
vn -0.857781 -0.370054 -0.35675
v -58.9023 -124.591 1508.04
vn -0.707532 -0.319979 0.630088
v -59.7182 -124.591 1509.84
vn 0.12399 -0.623052 0.772291
v -59.7182 -124.591 1509.84
vn -0.938034 0.0268735 -0.345499
v -59.7182 -124.591 1509.84
vn -0.819049 0.52144 -0.239287
v -59.4432 -124.791 1509.64
vn -0.797982 -0.492201 -0.347797
v -59.4432 -124.791 1509.64
vn -0.561513 -0.0811673 0.823478
v -59.4432 -124.791 1509.64
vn -0.880237 0.3871 -0.274474
v -58.5242 -123.991 1506.24
vn -0.936634 0.04272 -0.347694
v -58.7273 -123.391 1507.84
vn -0.882861 -0.282704 -0.375012
v -58.7273 -123.391 1507.84
vn -0.896155 0.356867 -0.263727
v -59.721 -124.191 1510.04
vn -0.882803 -0.326456 -0.337764
v -59.7676 -123.591 1510.44
vn -0.91808 0.203657 -0.340078
v -59.8164 -123.391 1510.29
vn -0.898006 0.427096 -0.105708
v -59.7054 -122.991 1510.64
vn -0.830896 -0.343717 -0.437573
v -59.7054 -122.991 1510.64
vn 0.271665 -0.572163 0.773839
v -59.6164 -124.191 1510.16
vn -0.408256 -0.61987 0.670141
v -59.6164 -123.991 1510.17
vn -0.922498 -0.087817 -0.37588
v -59.6164 -123.991 1510.17
vn -0.664994 -0.0173175 0.746648
v -59.6164 -123.991 1510.17
vn 0.145198 -0.67184 0.726326
v -59.6164 -123.991 1510.17
vn -0.368814 -0.705314 0.605399
v -59.6164 -123.591 1510.54
vn -0.435 0.234492 0.869361
v -59.6164 -123.191 1510.74
vn -0.823559 -0.56101 -0.0837819
v -59.6164 -123.191 1510.74
vn -0.574403 -0.0189806 0.818353
v -59.4164 -123.791 1510.31
vn 0.0313625 -0.47144 0.881341
v -59.4164 -123.791 1510.31
vn -0.360734 -0.542793 0.75845
v -58.6164 -123.791 1510.21
vn -0.402653 -0.703461 0.585674
v -59.7186 -121.791 1511.24
vn -0.818249 -0.422869 -0.389423
v -59.7186 -121.791 1511.24
vn -0.798443 0.591412 -0.112785
v -59.7186 -121.791 1511.24
vn -0.950316 0.091196 -0.297627
v -59.7186 -121.791 1511.24
vn -0.402653 -0.703461 0.585674
v -59.6164 -121.791 1511.32
vn 0.141721 -0.364267 0.920448
v -59.6164 -121.791 1511.32
vn -0.77949 -0.430769 -0.45479
v -58.871 -120.791 1508.84
vn -0.933374 0.274665 -0.231023
v -59.0164 -120.191 1509.6
vn -0.916208 -0.0965571 -0.388896
v -59.0164 -120.191 1509.6
vn -0.354663 -0.753662 0.55336
v -59.8164 -120.791 1511.75
vn 0.308036 -0.296463 0.904004
v -59.8164 -120.791 1511.75
vn -0.952994 0.141551 -0.26789
v -58.7648 -118.591 1508.44
vn -0.928794 -0.125235 -0.348795
v -58.7429 -117.191 1509.44
vn -0.838775 0.420905 -0.345393
v -58.6929 -116.591 1510.44
vn -0.790078 0.108091 0.603402
v -59.8164 -117.161 1512.64
vn 0.808677 0.0505359 -0.586078
v -59.8164 -117.161 1512.64
vn 0.691391 -0.228376 -0.685436
v -59.8164 -116.821 1512.64
vn -0.707235 0 0.706979
v -59.8164 -116.821 1512.64
vn 0.720187 -0.0923782 -0.687602
v -59.8164 -116.991 1512.7
vn -0.777393 -0.10542 0.620119
v -59.8164 -117.486 1512.84
vn 0.536837 -0.216226 0.815507
v -59.8164 -117.486 1512.84
vn 0.869133 -0.123316 -0.478958
v -59.7104 -117.191 1512.84
vn 0.536241 -0.148416 0.830914
v -59.7104 -117.191 1512.84
vn 0.526204 -0.135485 0.839496
v -59.682 -116.991 1512.84
vn 0.492595 -0.141161 0.858734
v -59.8164 -116.991 1512.93
vn 0.042276 0.393668 0.91828
v -59.8164 -116.991 1512.93
vn 0.697822 -0.246233 -0.672617
v -59.6164 -116.816 1512.84
vn 0.591923 -0.125556 0.796155
v -59.6164 -116.816 1512.84
vn 0.520871 -0.195329 0.830987
v -59.6164 -116.816 1512.84
vn 0.042276 0.393668 0.91828
v -59.6164 -116.816 1512.84
vn -0.0211859 -0.19728 0.980118
v -59.6164 -116.816 1512.84
vn 0.675381 -0.14552 0.722969
v -59.6164 -116.591 1512.89
vn -0.563574 0.473202 0.6771
v -59.6164 -116.591 1512.89
vn -0.92688 0.34964 0.136545
v -58.3367 -114.991 1510.04
vn -0.931736 -0.255684 -0.257866
v -58.3367 -114.991 1510.04
vn -0.64353 -0.211608 0.735589
v -59.5753 -116.191 1512.64
vn -0.563574 0.473202 0.6771
v -59.5753 -116.191 1512.64
vn -0.725857 -0.200423 0.657999
v -59.4164 -116.191 1512.78
vn -0.581955 0.467794 0.665205
v -59.4164 -116.191 1512.78
vn -0.986998 0.0242381 0.158895
v -59.4781 -115.791 1512.84
vn -0.937503 -0.236452 -0.255299
v -58.2742 -114.591 1509.44
vn -0.7556 -0.256943 0.602535
v -59.5523 -114.191 1513.24
vn -0.679094 -0.375663 0.630642
v -59.5514 -113.591 1513.64
vn -0.910783 0.331592 0.24601
v -59.5514 -113.591 1513.64
vn 0.708701 -0.282557 0.646456
v -59.4164 -113.991 1513.55
vn 0.732202 -0.351347 0.583468
v -59.4164 -113.391 1513.88
vn -0.910783 0.331592 0.24601
v -59.4164 -113.391 1513.88
vn -0.30999 0.131335 0.941625
v -59.4164 -113.391 1513.88
vn -0.910783 0.331592 0.24601
v -58.9148 -111.991 1513.84
vn -0.30999 0.131335 0.941625
v -58.9148 -111.991 1513.84
vn -0.850374 -0.28522 0.44217
v -58.8164 -112.191 1513.91
vn 0.715288 -0.3524 0.603471
v -58.8164 -112.191 1513.91
vn -0.0701803 0.962209 -0.263113
v -58.8164 -111.655 1513.84
vn -0.824882 0.326222 0.461681
v -58.8164 -111.655 1513.84
vn 0.82306 -0.371928 0.429233
v -58.8164 -111.664 1514.24
vn 0 0 1
v -58.8164 -111.664 1514.24
vn -0.0701803 0.962209 -0.263113
v -58.6789 -111.591 1514.04
vn -0.832364 0.317553 0.454237
v -58.6789 -111.591 1514.04
vn 0.698121 0.63048 0.339298
v -58.6789 -111.591 1514.04
vn 0.698121 0.63048 0.339298
v -58.776 -111.591 1514.24
vn 0 0 1
v -58.776 -111.591 1514.24
vn -0.0701803 0.962209 -0.263113
v -58.8164 -111.546 1514.24
vn 0.698121 0.63048 0.339298
v -58.8164 -111.546 1514.24
vn 0 0 1
v -58.8164 -111.546 1514.24
vn 0.450662 -0.372666 0.811187
v -58.5317 -111.191 1514.04
vn -0.63716 -0.685671 0.35197
v -58.3367 -110.791 1513.84
vn -0.941009 0.19377 -0.277409
v -58.4164 -110.591 1514.09
vn -0.63716 -0.685671 0.35197
v -58.4164 -110.591 1514.09
vn -0.973609 0.145426 -0.175891
v -58.4804 -110.591 1514.44
vn -0.725001 -0.49815 0.475627
v -58.4804 -110.591 1514.44
vn 0.0654718 -0.842373 0.534903
v -58.4804 -110.591 1514.44
vn -0.725001 -0.49815 0.475627
v -58.4867 -110.391 1514.64
vn -0.814584 0.225552 0.534397
v -58.4867 -110.391 1514.64
vn -0.814584 0.225552 0.534397
v -58.4164 -110.391 1514.75
vn 0.421667 -0.67032 0.610629
v -58.4164 -110.391 1514.75
vn 0.131233 -0.159942 0.978364
v -58.4164 -110.391 1514.75
vn -0.818163 -0.453096 0.353998
v -58.2585 -109.991 1514.04
vn 0.255726 -0.345845 0.902771
v -58.2164 -129.236 1507.64
vn -0.412413 -0.747728 -0.520402
v -58.0164 -129.252 1506.64
vn -0.739416 -0.27896 -0.612736
v -58.2164 -127.791 1506.09
vn -0.623667 -0.700791 -0.346312
v -58.2164 -127.791 1506.09
vn -0.798121 -0.247258 -0.549424
v -57.2164 -127.991 1504.88
vn -0.43196 -0.739357 -0.516489
v -57.0164 -128.591 1504.86
vn -0.0792117 -0.95483 -0.286402
v -57.0164 -128.591 1504.86
vn 0.348749 -0.280956 0.894113
v -57.6394 -128.591 1507.64
vn -0.300158 -0.14945 0.942109
v -57.2164 -127.791 1507.71
vn -0.911348 0.154022 -0.381737
v -57.5679 -127.591 1504.64
vn -0.795226 -0.477545 -0.373585
v -57.1585 -126.391 1503.84
vn -0.882112 -0.198188 -0.427317
v -56.9742 -126.991 1503.44
vn -0.833286 -0.364131 -0.415984
v -57.6867 -126.191 1504.84
vn 0.73049 -0.333084 0.596187
v -57.2164 -127.391 1507.88
vn 0.790129 -0.239275 0.564309
v -57.1679 -126.791 1508.24
vn -0.901927 -0.126084 -0.413074
v -57.3492 -124.791 1504.24
vn -0.852914 -0.426897 -0.300495
v -57.9835 -124.791 1505.84
vn -0.925411 0.0948987 -0.36689
v -57.9835 -124.791 1505.84
vn 0.560069 -0.421677 0.7131
v -58.0164 -124.53 1510.04
vn -0.80706 -0.503828 -0.307915
v -58.2164 -123.991 1505.31
vn -0.948722 -0.13216 -0.287159
v -57.8164 -118.391 1506.21
vn -0.973545 -0.061545 -0.22005
v -58.096 -117.991 1507.44
vn -0.95742 0.0305195 -0.287083
v -58.2164 -117.991 1507.89
vn -0.965273 -0.173526 -0.195285
v -58.1742 -116.591 1508.84
vn -0.939673 0.0693533 -0.334969
v -57.6304 -113.991 1508.04
vn -0.87785 0.134904 -0.459543
v -58.1398 -114.391 1509.84
vn -0.856325 -0.372481 -0.357723
v -58.1398 -114.391 1509.84
vn 0.43917 -0.620129 0.650053
v -58.2164 -110.697 1514.24
vn -0.350262 -0.933503 -0.076744
v -58.2164 -110.697 1514.24
vn -0.63716 -0.685671 0.35197
v -58.2164 -110.697 1514.24
vn -0.814584 0.225552 0.534397
v -58.1339 -109.591 1514.84
vn -0.48068 -0.847484 0.225205
v -58.1339 -109.591 1514.84
vn -0.868352 -0.48089 0.121284
v -58.1339 -109.591 1514.84
vn 0.131233 -0.159942 0.978364
v -58.1339 -109.591 1514.84
vn -0.602239 -0.503971 0.619129
v -58.1339 -109.591 1514.84
vn 0.223267 -0.910614 0.347755
v -58.1339 -109.591 1514.84
vn 0.659274 -0.505703 0.556437
v -58.2164 -109.391 1515.42
vn 0.223267 -0.910614 0.347755
v -58.2164 -109.391 1515.42
vn -0.85682 0.415497 0.305323
v -58.2164 -108.991 1515.72
vn 0.656166 -0.452344 0.604012
v -58.2164 -108.991 1515.72
vn 0.332443 0.452413 0.827529
v -58.2164 -108.991 1515.72
vn 0.131233 -0.159942 0.978364
v -58.0164 -109.791 1514.8
vn -0.602239 -0.503971 0.619129
v -58.0164 -109.791 1514.8
vn 0.576678 -0.552161 0.60213
v -58.0164 -109.486 1515.04
vn 0.223267 -0.910614 0.347755
v -58.0164 -109.486 1515.04
vn 0.332443 0.452413 0.827529
v -58.0164 -108.632 1515.44
vn -0.346501 -0.471544 0.810915
v -58.0164 -108.632 1515.44
vn 0.332443 0.452413 0.827529
v -57.8164 -108.779 1515.44
vn -0.505887 -0.456034 0.732196
v -57.8164 -108.779 1515.44
vn 0.419292 -0.511731 0.749883
v -57.8164 -108.484 1515.64
vn -0.773622 0.628647 -0.0794468
v -57.8773 -108.391 1515.64
vn -0.416293 0.818184 0.39658
v -57.8773 -108.391 1515.64
vn 0.420097 -0.514798 0.747329
v -57.8164 -108.391 1515.71
vn -0.416293 0.818184 0.39658
v -57.8164 -108.391 1515.71
vn 0.424809 0.498435 0.755711
v -57.8164 -108.391 1515.71
vn -0.235421 0.53511 0.811316
v -57.6164 -108.391 1515.6
vn 0.424809 0.498435 0.755711
v -57.6164 -108.391 1515.6
vn -0.416293 0.818184 0.39658
v -57.6164 -108.161 1515.44
vn -0.235421 0.53511 0.811316
v -57.6164 -108.161 1515.44
vn 0.424809 0.498435 0.755711
v -57.6164 -108.161 1515.44
vn 0.122937 0.136137 0.983033
v -57.0164 -107.991 1515.51
vn 0.0891026 0.93269 0.3495
v -57.0164 -107.991 1515.51
vn -0.595132 -0.725041 -0.346602
v -56.2164 -128.405 1503.44
vn -0.826405 -0.258365 -0.500302
v -56.2164 -128.405 1503.44
vn 0.306526 -0.943396 0.126673
v -55.8164 -128.855 1504.24
vn -0.869006 -0.0872099 -0.487055
v -56.0164 -124.591 1501.18
vn -0.737428 -0.550432 -0.39144
v -55.6164 -124.991 1501.11
vn -0.887331 -0.235396 -0.396526
v -55.396 -118.791 1500.84
vn -0.0813265 -0.556364 0.826949
v -55.4164 -111.791 1513.32
vn 0.509739 -0.108494 0.853461
v -55.8164 -111.15 1513.64
vn 0.797997 -0.226788 0.558362
v -55.8164 -110.397 1514.24
vn 0.249487 -0.603091 0.757653
v -55.2164 -111.391 1513.26
vn 0.471944 -0.404538 0.783338
v -56.0164 -109.364 1515.04
vn 0.459735 0.168517 0.871921
v -56.0164 -108.991 1515.31
vn 0.770361 -0.212386 0.601196
v -56.0164 -108.991 1515.31
vn 0.470992 0.178587 0.863871
v -55.9648 -108.791 1515.24
vn 0.698777 0.510668 0.500928
v -55.9648 -108.791 1515.24
vn -0.148928 -0.664958 0.731882
v -55.7335 -109.591 1514.84
vn 0.562264 0.682176 0.467434
v -56.6164 -108.191 1515.48
vn -0.802426 -0.35759 -0.477747
v -53.4585 -126.791 1497.24
vn -0.687316 -0.615911 -0.385033
v -52.946 -124.791 1496.04
vn -0.727151 -0.602163 -0.329623
v -52.9992 -120.391 1495.04
vn -0.818613 0.341113 -0.462077
v -52.6164 -119.191 1495.06
vn 0.603583 -0.780866 0.161045
v -51.8164 -127.742 1496.84
vn -0.00349874 -0.999915 0.0125936
v -49.4164 -127.277 1490.24
vn 0.545083 -0.807037 0.227103
v -49.2164 -127.267 1491.04
vn -0.941174 0.164961 -0.294923
v -49.3054 -119.791 1488.64
vn -0.836353 -0.380557 -0.394577
v -50.0929 -119.991 1490.44
vn -0.946669 0.0381509 -0.319941
v -49.0164 -119.227 1488.24
vn -0.941371 -0.115058 -0.317146
v -49.2164 -119.191 1488.85
vn -0.982604 0.170649 -0.0732655
v -49.2164 -119.191 1488.85
vn -0.798127 0.276159 -0.535472
v -49.2164 -119.191 1488.85
vn 0.179608 0.983729 -0.00420626
v -50.0164 -107.342 1502.24
vn -0.963759 -0.166002 -0.208837
v -48.2164 -126.991 1483.85
vn -0.916245 0.356572 -0.182625
v -48.2164 -126.991 1483.85
vn -0.612764 -0.78465 -0.0940424
v -47.5435 -127.391 1482.64
vn -0.928008 0.36115 -0.0914939
v -48.4145 -126.991 1484.84
vn -0.921374 -0.365333 -0.132667
v -48.3367 -126.791 1484.84
vn -0.21781 -0.975479 0.0316165
v -47.9106 -127.591 1484.84
vn -0.940286 -0.256811 -0.223404
v -47.9179 -127.391 1484.64
vn -0.625169 -0.780487 0.00174576
v -48.4164 -126.996 1485.64
vn -0.931917 0.362671 0.000411185
v -48.4164 -126.996 1485.64
vn -0.855728 -0.460849 -0.235262
v -48.3773 -124.191 1486.04
vn -0.952831 -0.00821051 -0.303391
v -45.6398 -118.991 1478.44
vn -0.946645 -0.245781 -0.20846
v -46.4164 -118.191 1481.03
vn -0.974554 0.0580346 -0.21651
v -44.4648 -130.991 1471.24
vn -0.921539 -0.0503018 -0.385013
v -44.2742 -129.791 1470.44
vn -0.958546 -0.267823 -0.0972666
v -44.0898 -130.191 1470.44
vn -0.92678 0.265643 -0.265543
v -44.1304 -129.991 1470.84
vn -0.798882 -0.601377 0.0115527
v -44.5085 -129.391 1471.44
vn -0.939617 0.176484 -0.293212
v -44.5304 -129.391 1472.64
vn -0.447026 -0.849869 0.27909
v -45.0304 -129.591 1475.04
vn 0.167497 -0.935599 0.310804
v -44.4164 -129.761 1475.64
vn -0.943951 0.070209 -0.322532
v -45.1335 -128.591 1473.04
vn -0.78364 -0.621124 -0.01061
v -44.1085 -126.391 1469.84
vn -0.970792 -0.221433 -0.0923656
v -43.8553 -127.191 1470.44
vn -0.904055 0.00440974 -0.427394
v -44.1513 -124.991 1470.44
vn -0.909564 0.227951 -0.347464
v -44.0164 -124.791 1470.16
vn -0.788778 -0.57146 -0.22641
v -44.0164 -124.791 1470.16
vn -0.896327 0.299827 -0.326652
v -44.5304 -125.191 1471.24
vn -0.769035 0.602355 -0.213901
v -44.5304 -125.191 1471.24
vn -0.933802 -0.357351 -0.0177371
v -44.5304 -125.191 1471.24
vn -0.88023 -0.429049 -0.202759
v -44.3273 -124.791 1471.24
vn -0.855753 0.434561 -0.280791
v -45.371 -124.391 1475.04
vn -0.783245 -0.615097 -0.0904562
v -43.8992 -119.991 1472.44
vn -0.790518 0.485195 -0.373721
v -43.9429 -118.391 1472.64
vn -0.968446 0.0541218 -0.243275
v -44.3304 -119.591 1473.04
vn -0.899347 0.337437 -0.278051
v -44.6773 -117.391 1475.44
vn -0.884641 0.313728 -0.344943
v -44.4742 -117.391 1474.44
vn -0.962798 -0.191064 -0.191086
v -44.6164 -117.191 1474.92
vn -0.518563 0.797814 -0.307546
v -45.2554 -113.391 1479.24
vn 0.0987573 0.995109 -0.00220906
v -44.0164 -111.449 1478.84
vn -0.284036 0.931294 -0.228068
v -44.0164 -111.449 1478.84
vn 0.49388 0.869354 -0.0174766
v -44.4164 -110.652 1483.84
vn -0.882213 0.237266 -0.406701
v -42.8164 -131.991 1466.15
vn -0.943823 0.0876303 -0.318619
v -43.5335 -131.991 1467.84
vn -0.894981 -0.444051 -0.0427589
v -42.5492 -128.591 1464.64
vn -0.909281 0.015225 -0.415904
v -42.5492 -128.591 1464.64
vn -0.881401 -0.457833 -0.116277
v -42.8304 -128.791 1467.04
vn -0.832597 -0.493857 -0.250772
v -43.3492 -126.391 1467.44
vn -0.957039 -0.132339 -0.257996
v -42.271 -123.191 1465.24
vn -0.851279 -0.523554 -0.03486
v -42.2523 -122.791 1465.84
vn -0.767071 -0.632818 0.105562
v -43.0429 -121.791 1467.44
vn -0.524388 -0.83258 0.178403
v -42.8164 -122.242 1466.64
vn -0.83497 0.368849 -0.408382
v -42.8742 -121.991 1468.04
vn -0.691054 -0.72223 0.02879
v -42.2679 -119.991 1465.64
vn -0.955567 0.151714 -0.252736
v -43.3554 -121.191 1469.44
vn -0.941502 0.178204 -0.286037
v -43.8164 -119.991 1470.68
vn -0.956377 -0.213517 -0.199382
v -42.9492 -119.391 1469.04
vn -0.691054 -0.72223 0.02879
v -42.7867 -119.391 1468.24
vn -0.791237 0.498217 -0.354576
v -43.2211 -119.191 1470.04
vn -0.863341 -0.486075 -0.135549
v -42.5304 -117.591 1468.24
vn 0.0273794 0.946186 -0.322464
v -42.235 -115.591 1468.44
vn -0.490502 0.754642 -0.435802
v -42.235 -115.591 1468.44
vn -0.315823 0.874227 -0.36876
v -43.2164 -112.409 1475.04
vn -0.226531 0.918755 -0.323377
v -43.6164 -111.865 1476.64
vn -0.427232 0.864651 -0.264293
v -43.2164 -111.808 1477.24
vn -0.350762 0.901102 -0.254914
v -43.6164 -111.527 1478.84
vn 0.303347 0.952111 -0.0382672
v -43.2164 -111.249 1479.24
vn -0.838464 -0.514977 -0.178261
v -40.6742 -130.591 1460.44
vn -0.850922 -0.492768 -0.181966
v -41.8773 -129.791 1463.64
vn -0.811253 -0.576113 -0.0998107
v -42.0164 -129.549 1463.44
vn -0.847153 -0.0399608 -0.529844
v -42.0148 -129.591 1463.84
vn -0.915259 0.206083 -0.346165
v -40.8992 -126.391 1461.44
vn -0.950146 0.0421802 -0.30894
v -42.0617 -122.991 1464.44
vn -0.960508 -0.122399 -0.249885
v -41.7367 -123.991 1463.64
vn -0.593108 0.631035 -0.500018
v -41.4164 -121.791 1462.92
vn -0.920113 -0.142757 -0.36471
v -40.9273 -121.391 1462.84
vn -0.844519 -0.511312 -0.159209
v -41.8164 -121.791 1464.51
vn -0.919644 -0.0934516 -0.381472
v -41.1314 -121.391 1463.24
vn -0.815898 -0.578195 -0.000603458
v -41.2742 -121.191 1462.64
vn -0.333429 -0.915955 0.223276
v -41.2742 -121.191 1462.64
vn -0.956167 -0.219149 -0.194212
v -41.6992 -120.591 1464.24
vn -0.964523 -0.107958 -0.240914
v -41.6992 -120.591 1464.24
vn -0.850388 -0.25123 -0.462302
v -41.6992 -120.591 1464.24
vn -0.585893 -0.806625 0.0780143
v -41.6992 -120.591 1464.24
vn -0.691054 -0.72223 0.02879
v -41.6992 -120.591 1464.24
vn -0.957157 0.0186215 -0.288971
v -41.6164 -120.709 1463.64
vn -0.518352 -0.824834 0.225741
v -41.6164 -120.709 1463.64
vn -0.357587 -0.890422 0.281566
v -41.4164 -120.991 1463.25
vn -0.446927 -0.863034 0.23543
v -41.255 -120.991 1463.44
vn -0.886051 -0.213949 -0.411266
v -41.4164 -120.991 1463.94
vn -0.612296 0.618391 -0.492632
v -42.1273 -120.991 1464.84
vn -0.782729 -0.0868082 -0.616279
v -42.1273 -120.991 1464.84
vn -0.800431 0.452602 -0.393015
v -41.5262 -119.191 1463.84
vn -0.964352 -0.264609 -0.00265852
v -41.5262 -119.191 1463.84
vn -0.964352 -0.264609 -0.00265852
v -41.5273 -119.191 1464.24
vn -0.933803 0.164209 -0.317881
v -41.5273 -119.191 1464.24
vn -0.719375 -0.691559 -0.065154
v -41.321 -119.391 1464.04
vn -0.729643 0.334479 -0.596444
v -41.2164 -118.391 1463.6
vn -0.693963 -0.719998 0.00434117
v -41.9335 -118.791 1465.64
vn -0.964352 -0.264609 -0.00265852
v -41.6941 -118.591 1465.04
vn -0.841332 0.39307 -0.37102
v -41.8164 -117.991 1465.13
vn -0.877457 0.41805 -0.235168
v -41.8164 -117.991 1465.13
vn -0.504512 0.529414 -0.682047
v -41.8164 -117.991 1465.13
vn -0.967982 0.205381 -0.144321
v -41.6429 -116.391 1466.24
vn -0.0742527 0.936332 -0.343174
v -41.6429 -116.391 1466.24
vn -0.904348 -0.382948 -0.18843
v -41.6429 -116.391 1466.24
vn -0.783505 0.55232 -0.284713
v -41.3726 -116.391 1466.04
vn -0.201195 0.941031 -0.271995
v -41.3726 -116.391 1466.04
vn -0.7282 -0.684128 0.041152
v -41.3992 -115.991 1465.64
vn -0.596123 0.679303 -0.428
v -41.3992 -115.991 1465.64
vn -0.99874 -0.0437162 -0.0246446
v -41.3992 -115.991 1465.64
vn -0.99874 -0.0437162 -0.0246446
v -41.4164 -115.936 1466.24
vn -0.666027 0.641365 -0.380866
v -41.4164 -115.791 1465.99
vn -0.99874 -0.0437162 -0.0246446
v -41.4164 -115.791 1465.99
vn -0.845993 -0.530909 0.0493163
v -41.2164 -116.203 1466.04
vn -0.905269 -0.423928 -0.0278181
v -41.2164 -116.191 1465.55
vn -0.732158 -0.432562 -0.526151
v -41.2164 -115.991 1465.39
vn -0.518435 0.675047 -0.524916
v -41.2164 -115.991 1465.39
vn -0.936315 0.249095 -0.247519
v -42.0242 -115.991 1467.24
vn 0.0389814 0.940032 -0.33885
v -42.0242 -115.991 1467.24
vn -0.732815 0.601226 -0.318606
v -41.7373 -115.391 1467.24
vn -0.676088 -0.701979 0.223898
v -41.7373 -115.391 1467.24
vn -0.94696 -0.0654029 -0.314625
v -41.7373 -115.391 1467.24
vn -0.766908 -0.634551 0.0958978
v -41.6654 -115.391 1467.44
vn -0.805373 0.522516 -0.279914
v -41.5868 -115.791 1466.44
vn -0.932111 -0.0643773 0.356406
v -41.5868 -115.791 1466.44
vn -0.932111 -0.0643773 0.356406
v -41.5104 -115.791 1466.64
vn -0.94696 -0.0654029 -0.314625
v -41.5104 -115.791 1466.64
vn -0.932111 -0.0643773 0.356406
v -41.5242 -115.591 1466.64
vn -0.94696 -0.0654029 -0.314625
v -41.5242 -115.591 1466.64
vn -0.91278 -0.404705 -0.0551947
v -41.5492 -115.591 1467.64
vn -0.920699 -0.200591 0.334778
v -41.5492 -115.591 1467.64
vn -0.865773 -0.391894 -0.311217
v -41.5492 -115.591 1467.64
vn -0.929546 -0.147322 0.337995
v -41.6164 -115.391 1467.58
vn -0.810846 -0.507515 -0.291473
v -41.6164 -115.391 1467.58
vn -0.884234 0.359832 -0.297742
v -41.6164 -115.155 1467.64
vn -0.0355781 0.969718 -0.24162
v -41.4422 -114.991 1467.44
vn -0.842388 0.471793 -0.260373
v -41.4164 -116.227 1466.64
vn -0.878884 0.389963 -0.274758
v -41.3117 -115.991 1466.64
vn -0.958915 -0.160799 -0.233723
v -41.3117 -115.991 1466.64
vn -0.966249 -0.211724 -0.146748
v -41.4164 -115.948 1467.04
vn -0.8796 0.390281 -0.272002
v -41.4164 -115.948 1467.04
vn -0.0076637 0.982387 -0.186698
v -41.2164 -115.149 1466.84
vn -0.893422 -0.380638 -0.23856
v -41.9273 -115.391 1468.44
vn -0.826183 -0.539776 -0.16144
v -42.0164 -115.191 1468.23
vn -0.143553 0.947782 -0.284783
v -42.0164 -114.712 1469.04
vn 0.270199 0.926539 -0.261759
v -41.8164 -112.849 1472.64
vn -0.904446 -0.365393 -0.22015
v -40.1804 -127.991 1460.24
vn -0.910642 -0.00514741 -0.413164
v -40.2164 -127.791 1460.06
vn -0.911816 -0.0298149 -0.409516
v -40.6054 -121.791 1462.04
vn -0.677961 -0.663276 -0.316912
v -40.6164 -121.576 1462.04
vn -0.315411 -0.918969 0.236668
v -40.6164 -121.576 1462.04
vn -0.714436 0.140349 -0.68548
v -40.4164 -121.591 1461.65
vn -0.903461 -0.234859 -0.358609
v -40.6164 -120.031 1462.44
vn -0.507792 0.757239 -0.410776
v -40.6164 -115.13 1466.84
vn -0.857512 -0.349357 -0.377655
v -38.2164 -138.002 1457.24
vn -0.81923 -0.549188 -0.16509
v -38.1327 -137.991 1457.04
vn -0.897537 -0.319176 -0.304226
v -38.086 -137.991 1457.44
vn -0.89541 -0.359387 -0.262834
v -38.0164 -138.068 1457.24
vn -0.680185 -0.723469 0.118073
v -38.0164 -138.068 1457.24
vn -0.163075 -0.926133 0.340123
v -38.2164 -137.991 1460.1
vn 0.972045 0.225115 0.0667167
v -38.4835 -123.191 1461.64
vn -0.869379 -0.354721 -0.344025
v -36.8164 -139.457 1455.64
vn -0.636699 -0.770156 0.0383874
v -36.8164 -139.457 1455.64
vn 0.434315 -0.797299 0.419147
v -36.8164 -139.455 1456.24
vn -0.147744 -0.98902 0.00339567
v -36.8164 -139.455 1456.24
vn 0.301701 -0.877698 0.372321
v -36.6164 -139.486 1455.84
vn -0.0462304 -0.968999 -0.242701
v -35.8164 -140.549 1453.04
vn -0.0747734 -0.581679 -0.809974
v -35.2164 -140.445 1452.64
vn 0.704221 -0.684843 -0.18725
v -35.2164 -140.445 1452.64
vn 0.514381 -0.500226 -0.696553
v -35.2164 -140.445 1452.64
vn 0.720179 -0.677862 0.147801
v -35.2164 -140.555 1453.04
vn 0.466399 -0.730988 0.498126
v -35.8164 -140.577 1453.64
vn -0.0104148 -0.998849 -0.0468179
v -35.8164 -140.577 1453.64
vn -0.116403 -0.905522 -0.408021
v -35.6418 -140.391 1452.64
vn 0.54071 -0.414132 -0.732207
v -35.2164 -139.991 1452.32
vn 0.182948 0.121912 -0.975535
v -35.2164 -139.991 1452.32
vn 0.265248 0.106522 -0.958278
v -35.2164 -139.191 1452.42
vn 0.306716 -0.0252699 -0.951466
v -35.2164 -138.391 1452.43
vn 0.11698 0.170927 -0.978315
v -35.2164 -137.191 1452.57
vn 0.469817 0.62059 -0.627806
v -35.0164 -136.591 1452.72
vn 0.781882 0.31724 -0.536675
v -34.5862 -136.991 1452.64
f 1//1 6//6 5//5
f 3//3 1//1 5//5
f 1010//1010 1014//1014 7//7
f 4//4 1005//1005 2//2
f 1006//1006 1//1 3//3
f 1019//1019 1016//1016 1011//1011
f 4//4 1017//1017 1005//1005
f 7//7 1007//1007 1010//1010
f 7//7 65//65 1007//1007
f 65//65 7//7 67//67
f 1018//1018 1020//1020 1015//1015
f 86//86 87//87 8//8
f 80//80 1168//1168 1022//1022
f 1159//1159 1023//1023 81//81
f 82//82 1160//1160 1024//1024
f 1169//1169 83//83 1025//1025
f 82//82 1024//1024 1161//1161
f 11//11 9//9 10//10
f 1170//1170 1026//1026 9//9
f 12//12 11//11 10//10
f 1029//1029 1027//1027 94//94
f 1027//1027 95//95 94//94
f 1178//1178 13//13 1174//1174
f 100//100 14//14 101//101
f 20//20 17//17 15//15
f 18//18 24//24 1035//1035
f 22//22 20//20 15//15
f 16//16 22//22 15//15
f 1036//1036 1062//1062 1038//1038
f 22//22 16//16 23//23
f 31//31 23//23 16//16
f 31//31 16//16 33//33
f 1090//1090 1038//1038 1062//1062
f 25//25 14//14 1030//1030
f 1039//1039 110//110 25//25
f 1067//1067 1037//1037 1040//1040
f 1067//1067 1043//1043 1037//1037
f 1039//1039 19//19 110//110
f 1044//1044 19//19 1039//1039
f 1052//1052 21//21 1041//1041
f 1045//1045 1042//1042 1055//1055
f 110//110 19//19 22//22
f 19//19 20//20 22//22
f 1050//1050 26//26 1053//1053
f 1051//1051 1046//1046 1070//1070
f 1056//1056 1054//1054 1071//1071
f 1057//1057 1072//1072 27//27
f 1057//1057 27//27 1047//1047
f 1047//1047 27//27 1063//1063
f 110//110 22//22 30//30
f 23//23 30//30 22//22
f 1073//1073 1082//1082 1058//1058
f 1074//1074 1059//1059 1064//1064
f 1083//1083 32//32 1060//1060
f 1065//1065 1061//1061 1087//1087
f 1066//1066 1088//1088 1091//1091
f 1031//1031 102//102 1068//1068
f 1069//1069 1183//1183 1048//1048
f 1072//1072 1184//1184 27//27
f 1072//1072 1049//1049 1184//1184
f 29//29 35//35 28//28
f 1084//1084 1092//1092 1077//1077
f 1079//1079 1077//1077 1092//1092
f 1093//1093 34//34 1078//1078
f 1078//1078 30//30 1085//1085
f 1086//1086 1075//1075 1089//1089
f 30//30 1076//1076 1085//1085
f 1091//1091 1088//1088 1080//1080
f 112//112 1080//1080 1088//1088
f 36//36 1080//1080 112//112
f 1081//1081 1096//1096 1094//1094
f 34//34 1093//1093 37//37
f 34//34 37//37 121//121
f 121//121 37//37 118//118
f 120//120 118//118 37//37
f 120//120 37//37 38//38
f 119//119 120//120 38//38
f 119//119 38//38 39//39
f 1095//1095 1097//1097 1099//1099
f 1098//1098 125//125 1100//1100
f 1193//1193 128//128 1101//1101
f 1100//1100 125//125 1102//1102
f 1101//1101 128//128 1103//1103
f 45//45 40//40 46//46
f 41//41 40//40 45//45
f 1113//1113 175//175 1108//1108
f 41//41 42//42 40//40
f 172//172 42//42 41//41
f 42//42 171//171 40//40
f 1114//1114 1107//1107 1251//1251
f 47//47 48//48 43//43
f 49//49 1117//1117 1109//1109
f 51//51 1110//1110 1118//1118
f 49//49 1109//1109 44//44
f 1111//1111 1122//1122 1112//1112
f 1122//1122 50//50 1112//1112
f 1117//1117 1113//1113 1115//1115
f 1115//1115 1119//1119 1117//1117
f 1113//1113 1117//1117 49//49
f 44//44 174//174 49//49
f 1120//1120 1123//1123 54//54
f 179//179 1118//1118 1116//1116
f 51//51 1118//1118 180//180
f 1253//1253 1113//1113 49//49
f 174//174 1121//1121 190//190
f 174//174 44//44 1121//1121
f 180//180 60//60 51//51
f 60//60 1127//1127 51//51
f 180//180 1118//1118 179//179
f 1251//1251 1258//1258 1114//1114
f 58//58 61//61 52//52
f 185//185 61//61 187//187
f 193//193 187//187 61//61
f 52//52 185//185 190//190
f 185//185 52//52 61//61
f 1139//1139 1128//1128 53//53
f 1129//1129 55//55 1124//1124
f 58//58 1125//1125 56//56
f 1126//1126 1130//1130 1133//1133
f 1139//1139 1121//1121 1128//1128
f 1263//1263 1134//1134 62//62
f 1008//1008 1263//1263 62//62
f 190//190 1121//1121 1139//1139
f 1127//1127 57//57 1131//1131
f 62//62 1134//1134 1136//1136
f 1137//1137 1135//1135 1132//1132
f 59//59 58//58 56//56
f 1127//1127 60//60 57//57
f 1139//1139 52//52 190//190
f 193//193 59//59 56//56
f 58//58 59//59 61//61
f 59//59 193//193 61//61
f 1140//1140 63//63 1012//1012
f 1142//1142 69//69 1011//1011
f 1013//1013 1009//1009 1141//1141
f 63//63 1140//1140 1138//1138
f 57//57 69//69 1142//1142
f 69//69 57//57 60//60
f 200//200 64//64 65//65
f 200//200 65//65 203//203
f 64//64 1007//1007 65//65
f 64//64 1263//1263 1008//1008
f 70//70 203//203 65//65
f 66//66 209//209 1267//1267
f 203//203 70//70 1143//1143
f 209//209 66//66 75//75
f 66//66 1148//1148 76//76
f 69//69 68//68 1011//1011
f 1011//1011 68//68 1019//1019
f 1144//1144 1021//1021 1146//1146
f 73//73 68//68 69//69
f 65//65 67//67 1152//1152
f 72//72 76//76 1153//1153
f 73//73 69//69 89//89
f 1148//1148 1153//1153 76//76
f 70//70 65//65 1152//1152
f 69//69 60//60 89//89
f 71//71 60//60 196//196
f 71//71 1173//1173 60//60
f 71//71 204//204 207//207
f 1149//1149 84//84 79//79
f 1147//1147 1154//1154 1145//1145
f 73//73 74//74 1150//1150
f 74//74 1163//1163 1150//1150
f 73//73 89//89 74//74
f 1155//1155 208//208 210//210
f 75//75 76//76 78//78
f 208//208 1155//1155 78//78
f 208//208 78//78 77//77
f 1156//1156 92//92 91//91
f 66//66 76//76 75//75
f 77//77 78//78 85//85
f 78//78 76//76 1151//1151
f 1156//1156 82//82 92//92
f 1158//1158 78//78 1151//1151
f 1164//1164 1168//1168 80//80
f 1157//1157 1165//1165 1159//1159
f 81//81 1157//1157 1159//1159
f 86//86 88//88 87//87
f 1162//1162 1170//1170 9//9
f 1158//1158 85//85 78//78
f 1166//1166 79//79 84//84
f 84//84 1171//1171 1166//1166
f 1167//1167 88//88 86//86
f 1156//1156 1160//1160 82//82
f 92//92 82//82 1161//1161
f 1163//1163 74//74 1172//1172
f 74//74 89//89 1172//1172
f 1173//1173 71//71 90//90
f 90//90 93//93 1173//1173
f 93//93 1172//1172 89//89
f 90//90 207//207 93//93
f 98//98 91//91 92//92
f 98//98 211//211 91//91
f 11//11 98//98 92//92
f 12//12 98//98 11//11
f 92//92 1162//1162 11//11
f 1162//1162 9//9 11//11
f 1032//1032 1034//1034 1175//1175
f 87//87 103//103 1028//1028
f 1179//1179 1028//1028 103//103
f 88//88 103//103 87//87
f 1176//1176 98//98 12//12
f 212//212 1172//1172 93//93
f 93//93 207//207 212//212
f 103//103 1033//1033 1179//1179
f 212//212 103//103 1172//1172
f 96//96 211//211 98//98
f 213//213 211//211 99//99
f 96//96 99//99 211//211
f 99//99 97//97 213//213
f 1181//1181 99//99 96//96
f 110//110 213//213 1182//1182
f 25//25 101//101 14//14
f 1182//1182 25//25 110//110
f 1182//1182 101//101 25//25
f 1181//1181 100//100 101//101
f 1175//1175 1034//1034 1180//1180
f 96//96 14//14 100//100
f 1181//1181 96//96 100//100
f 98//98 1177//1177 96//96
f 103//103 1184//1184 1033//1033
f 103//103 216//216 1184//1184
f 103//103 212//212 216//216
f 215//215 106//106 108//108
f 215//215 108//108 104//104
f 104//104 108//108 105//105
f 104//104 105//105 219//219
f 218//218 104//104 219//219
f 111//111 109//109 107//107
f 111//111 1185//1185 110//110
f 106//106 110//110 1185//1185
f 108//108 106//106 1185//1185
f 109//109 111//111 115//115
f 108//108 107//107 109//109
f 105//105 108//108 109//109
f 105//105 109//109 219//219
f 30//30 1078//1078 111//111
f 34//34 111//111 1078//1078
f 110//110 30//30 111//111
f 34//34 115//115 111//111
f 1184//1184 1088//1088 27//27
f 1184//1184 112//112 1088//1088
f 216//216 112//112 1184//1184
f 116//116 223//223 113//113
f 221//221 223//223 116//116
f 115//115 1186//1186 114//114
f 217//217 113//113 223//223
f 1273//1273 109//109 114//114
f 115//115 114//114 109//109
f 1186//1186 217//217 114//114
f 1274//1274 117//117 226//226
f 1186//1186 115//115 34//34
f 121//121 122//122 113//113
f 122//122 123//123 1187//1187
f 123//123 131//131 117//117
f 122//122 116//116 113//113
f 116//116 122//122 221//221
f 122//122 1187//1187 221//221
f 1194//1194 36//36 112//112
f 121//121 1186//1186 34//34
f 122//122 121//121 118//118
f 129//129 1188//1188 126//126
f 1192//1192 127//127 1189//1189
f 1195//1195 1189//1189 127//127
f 1192//1192 1200//1200 127//127
f 1192//1192 1190//1190 1200//1200
f 1188//1188 129//129 1191//1191
f 39//39 135//135 119//119
f 124//124 1194//1194 112//112
f 1196//1196 1194//1194 124//124
f 1196//1196 124//124 1201//1201
f 123//123 122//122 118//118
f 1201//1201 124//124 138//138
f 119//119 123//123 118//118
f 131//131 123//123 119//119
f 132//132 131//131 119//119
f 112//112 216//216 124//124
f 1196//1196 1197//1197 1198//1198
f 1194//1194 1196//1196 1198//1198
f 1197//1197 1202//1202 1198//1198
f 1199//1199 1203//1203 1104//1104
f 130//130 1105//1105 1204//1204
f 1201//1201 138//138 1205//1205
f 132//132 224//224 131//131
f 226//226 131//131 224//224
f 117//117 131//131 226//226
f 132//132 139//139 133//133
f 132//132 133//133 224//224
f 136//136 132//132 119//119
f 119//119 135//135 136//136
f 137//137 139//139 136//136
f 137//137 136//136 135//135
f 1211//1211 140//140 1209//1209
f 135//135 1213//1213 137//137
f 1213//1213 145//145 137//137
f 137//137 145//145 144//144
f 139//139 132//132 136//136
f 137//137 133//133 139//139
f 137//137 144//144 133//133
f 1106//1106 1206//1206 1210//1210
f 1212//1212 1210//1210 1206//1206
f 140//140 1211//1211 1215//1215
f 232//232 142//142 144//144
f 134//134 133//133 142//142
f 133//133 144//144 142//142
f 234//234 141//141 1207//1207
f 134//134 142//142 1276//1276
f 1277//1277 142//142 232//232
f 146//146 232//232 144//144
f 145//145 146//146 144//144
f 124//124 143//143 138//138
f 1211//1211 147//147 1215//1215
f 1215//1215 147//147 1216//1216
f 1216//1216 147//147 148//148
f 154//154 1218//1218 138//138
f 1219//1219 1218//1218 154//154
f 138//138 143//143 154//154
f 240//240 149//149 150//150
f 150//150 152//152 240//240
f 152//152 158//158 240//240
f 1217//1217 1220//1220 1222//1222
f 150//150 149//149 146//146
f 1221//1221 151//151 1223//1223
f 1224//1224 153//153 150//150
f 157//157 152//152 150//150
f 1225//1225 1219//1219 154//154
f 1225//1225 155//155 1228//1228
f 1228//1228 155//155 156//156
f 242//242 1225//1225 154//154
f 242//242 155//155 1225//1225
f 150//150 153//153 157//157
f 1226//1226 1235//1235 1230//1230
f 1227//1227 1231//1231 158//158
f 1236//1236 1233//1233 1232//1232
f 1234//1234 1237//1237 1229//1229
f 158//158 1231//1231 159//159
f 159//159 243//243 158//158
f 162//162 161//161 163//163
f 164//164 1240//1240 1242//1242
f 160//160 240//240 158//158
f 242//242 1278//1278 1238//1238
f 242//242 1238//1238 155//155
f 158//158 243//243 160//160
f 1279//1279 161//161 162//162
f 1280//1280 1241//1241 1239//1239
f 1279//1279 163//163 161//161
f 160//160 1240//1240 166//166
f 164//164 166//166 1240//1240
f 164//164 249//249 166//166
f 165//165 1245//1245 1243//1243
f 1281//1281 1246//1246 1247//1247
f 1244//1244 1278//1278 1248//1248
f 245//245 1248//1248 1278//1278
f 1282//1282 250//250 167//167
f 168//168 1283//1283 167//167
f 250//250 169//169 167//167
f 167//167 169//169 168//168
f 168//168 169//169 170//170
f 250//250 251//251 169//169
f 169//169 1289//1289 170//170
f 254//254 170//170 1289//1289
f 175//175 1252//1252 1108//1108
f 172//172 171//171 42//42
f 171//171 172//172 184//184
f 189//189 173//173 186//186
f 266//266 176//176 173//173
f 189//189 1313//1313 173//173
f 178//178 1255//1255 1314//1314
f 1113//1113 1253//1253 175//175
f 175//175 1256//1256 1252//1252
f 178//178 175//175 1253//1253
f 173//173 1254//1254 186//186
f 176//176 1254//1254 173//173
f 1257//1257 177//177 172//172
f 178//178 1253//1253 1255//1255
f 1257//1257 1313//1313 177//177
f 172//172 177//177 184//184
f 184//184 181//181 171//171
f 1251//1251 181//181 1258//1258
f 182//182 180//180 179//179
f 268//268 181//181 184//184
f 183//183 181//181 268//268
f 181//181 183//183 1258//1258
f 182//182 179//179 1259//1259
f 1259//1259 195//195 182//182
f 268//268 1264//1264 183//183
f 191//191 1260//1260 174//174
f 1262//1262 192//192 185//185
f 1260//1260 191//191 1262//1262
f 185//185 187//187 189//189
f 189//189 187//187 188//188
f 187//187 193//193 188//188
f 1261//1261 1263//1263 199//199
f 192//192 190//190 185//185
f 190//190 191//191 174//174
f 192//192 1262//1262 191//191
f 191//191 190//190 192//192
f 180//180 194//194 60//60
f 194//194 196//196 60//60
f 194//194 182//182 197//197
f 194//194 180//180 182//182
f 197//197 196//196 194//194
f 195//195 198//198 182//182
f 196//196 197//197 206//206
f 197//197 182//182 198//198
f 206//206 197//197 198//198
f 201//201 270//270 272//272
f 200//200 199//199 64//64
f 199//199 1263//1263 64//64
f 203//203 201//201 200//200
f 200//200 272//272 199//199
f 1268//1268 202//202 1266//1266
f 201//201 272//272 200//200
f 1317//1317 1266//1266 202//202
f 209//209 202//202 1267//1267
f 209//209 269//269 202//202
f 196//196 204//204 71//71
f 196//196 206//206 204//204
f 204//204 206//206 205//205
f 205//205 1269//1269 204//204
f 273//273 1269//1269 205//205
f 205//205 206//206 273//273
f 71//71 207//207 90//90
f 210//210 208//208 1316//1316
f 1270//1270 209//209 75//75
f 1270//1270 269//269 209//209
f 1156//1156 91//91 208//208
f 208//208 91//91 211//211
f 212//212 1269//1269 274//274
f 214//214 213//213 110//110
f 275//275 213//213 214//214
f 214//214 110//110 106//106
f 212//212 280//280 216//216
f 212//212 276//276 280//280
f 217//217 355//355 1271//1271
f 106//106 215//215 214//214
f 218//218 215//215 104//104
f 114//114 1272//1272 1273//1273
f 223//223 278//278 217//217
f 355//355 217//217 278//278
f 1271//1271 220//220 217//217
f 1271//1271 1272//1272 220//220
f 1272//1272 114//114 220//220
f 114//114 217//217 220//220
f 280//280 227//227 216//216
f 279//279 278//278 223//223
f 279//279 223//223 222//222
f 1274//1274 225//225 223//223
f 226//226 224//224 223//223
f 222//222 224//224 228//228
f 223//223 224//224 222//222
f 223//223 225//225 226//226
f 228//228 284//284 222//222
f 226//226 225//225 1274//1274
f 228//228 133//133 134//134
f 133//133 228//228 224//224
f 235//235 124//124 216//216
f 227//227 235//235 216//216
f 287//287 235//235 227//227
f 284//284 229//229 233//233
f 284//284 233//233 286//286
f 1275//1275 285//285 286//286
f 229//229 284//284 228//228
f 228//228 230//230 229//229
f 229//229 230//230 233//233
f 1275//1275 236//236 285//285
f 1208//1208 230//230 228//228
f 1214//1214 230//230 1208//1208
f 141//141 231//231 230//230
f 234//234 233//233 231//231
f 230//230 231//231 233//233
f 1275//1275 1277//1277 232//232
f 236//236 1275//1275 232//232
f 234//234 231//231 141//141
f 236//236 232//232 146//146
f 235//235 237//237 143//143
f 235//235 143//143 124//124
f 149//149 292//292 236//236
f 149//149 236//236 146//146
f 149//149 240//240 292//292
f 235//235 289//289 237//237
f 143//143 237//237 154//154
f 244//244 154//154 237//237
f 154//154 244//244 242//242
f 244//244 237//237 246//246
f 237//237 289//289 246//246
f 238//238 292//292 240//240
f 239//239 292//292 238//238
f 239//239 240//240 241//241
f 239//239 238//238 240//240
f 241//241 240//240 166//166
f 242//242 244//244 1278//1278
f 240//240 160//160 166//166
f 245//245 1278//1278 244//244
f 246//246 245//245 244//244
f 258//258 245//245 246//246
f 245//245 252//252 1248//1248
f 1249//1249 1292//1292 1284//1284
f 168//168 1250//1250 1283//1283
f 168//168 241//241 166//166
f 247//247 168//168 170//170
f 248//248 168//168 247//247
f 168//168 248//248 241//241
f 1293//1293 253//253 1285//1285
f 255//255 1287//1287 1294//1294
f 1295//1295 1288//1288 1286//1286
f 255//255 256//256 1287//1287
f 1287//1287 256//256 1290//1290
f 254//254 247//247 170//170
f 1296//1296 1291//1291 1298//1298
f 252//252 245//245 1294//1294
f 245//245 255//255 1294//1294
f 1297//1297 1299//1299 259//259
f 1299//1299 257//257 259//259
f 254//254 1301//1301 247//247
f 1301//1301 262//262 247//247
f 257//257 260//260 259//259
f 245//245 256//256 255//255
f 1300//1300 256//256 261//261
f 1300//1300 261//261 1303//1303
f 256//256 245//245 306//306
f 306//306 261//261 256//256
f 306//306 245//245 258//258
f 248//248 247//247 304//304
f 262//262 304//304 247//247
f 304//304 262//262 264//264
f 305//305 304//304 264//264
f 1302//1302 1304//1304 1308//1308
f 263//263 1309//1309 1306//1306
f 1307//1307 1310//1310 1305//1305
f 261//261 306//306 1311//1311
f 307//307 1311//1311 306//306
f 262//262 1312//1312 264//264
f 1329//1329 308//308 1312//1312
f 1312//1312 308//308 264//264
f 309//309 265//265 189//189
f 189//189 265//265 1313//1313
f 309//309 312//312 265//265
f 1313//1313 312//312 267//267
f 1313//1313 267//267 177//177
f 1315//1315 316//316 177//177
f 1313//1313 265//265 312//312
f 316//316 1315//1315 312//312
f 184//184 316//316 317//317
f 316//316 184//184 177//177
f 317//317 268//268 184//184
f 318//318 199//199 320//320
f 318//318 1261//1261 199//199
f 1264//1264 268//268 1265//1265
f 1265//1265 268//268 319//319
f 272//272 320//320 199//199
f 1317//1317 202//202 269//269
f 272//272 270//270 320//320
f 270//270 337//337 320//320
f 269//269 271//271 1317//1317
f 269//269 1331//1331 271//271
f 1331//1331 1317//1317 271//271
f 206//206 1265//1265 319//319
f 206//206 319//319 273//273
f 273//273 274//274 1269//1269
f 273//273 345//345 274//274
f 1316//1316 208//208 211//211
f 321//321 1316//1316 211//211
f 211//211 213//213 321//321
f 321//321 213//213 275//275
f 212//212 274//274 276//276
f 277//277 214//214 215//215
f 1318//1318 1271//1271 355//355
f 276//276 323//323 280//280
f 280//280 281//281 227//227
f 281//281 287//287 227//227
f 281//281 288//288 287//287
f 282//282 281//281 280//280
f 281//281 282//282 288//288
f 283//283 222//222 284//284
f 283//283 284//284 286//286
f 283//283 286//286 285//285
f 285//285 292//292 283//283
f 287//287 289//289 235//235
f 288//288 290//290 287//287
f 290//290 289//289 287//287
f 290//290 288//288 282//282
f 236//236 292//292 285//285
f 290//290 326//326 291//291
f 290//290 325//325 326//326
f 290//290 1319//1319 289//289
f 289//289 1319//1319 293//293
f 291//291 295//295 1320//1320
f 329//329 291//291 326//326
f 291//291 329//329 295//295
f 258//258 246//246 294//294
f 246//246 293//293 294//294
f 246//246 289//289 293//293
f 293//293 1322//1322 294//294
f 303//303 1321//1321 332//332
f 303//303 332//332 297//297
f 1321//1321 295//295 329//329
f 296//296 239//239 241//241
f 330//330 239//239 296//296
f 330//330 296//296 368//368
f 248//248 368//368 296//296
f 296//296 241//241 248//248
f 304//304 368//368 248//248
f 302//302 300//300 297//297
f 302//302 297//297 366//366
f 306//306 258//258 301//301
f 258//258 294//294 1328//1328
f 258//258 1328//1328 298//298
f 258//258 298//298 301//301
f 307//307 1324//1324 1326//1326
f 1324//1324 307//307 306//306
f 1323//1323 303//303 299//299
f 1323//1323 299//299 1325//1325
f 1325//1325 299//299 300//300
f 300//300 302//302 1325//1325
f 297//297 300//300 303//303
f 303//303 300//300 299//299
f 305//305 264//264 308//308
f 308//308 1329//1329 1327//1327
f 1327//1327 334//334 308//308
f 308//308 334//334 305//305
f 366//366 334//334 1327//1327
f 335//335 309//309 336//336
f 1330//1330 336//336 309//309
f 309//309 335//335 312//312
f 312//312 335//335 310//310
f 310//310 314//314 313//313
f 311//311 314//314 310//310
f 316//316 312//312 313//313
f 314//314 316//316 313//313
f 310//310 313//313 312//312
f 314//314 315//315 316//316
f 315//315 314//314 311//311
f 268//268 317//317 319//319
f 316//316 315//315 317//317
f 317//317 373//373 319//319
f 317//317 315//315 373//373
f 1330//1330 309//309 189//189
f 1330//1330 189//189 188//188
f 406//406 319//319 373//373
f 348//348 322//322 352//352
f 275//275 349//349 321//321
f 349//349 275//275 322//322
f 214//214 322//322 275//275
f 274//274 353//353 276//276
f 353//353 323//323 276//276
f 356//356 352//352 277//277
f 352//352 214//214 277//277
f 214//214 352//352 322//322
f 355//355 278//278 358//358
f 283//283 384//384 222//222
f 360//360 384//384 283//283
f 278//278 384//384 358//358
f 384//384 278//278 279//279
f 222//222 384//384 279//279
f 280//280 323//323 282//282
f 292//292 360//360 283//283
f 325//325 324//324 327//327
f 324//324 282//282 323//323
f 324//324 325//325 282//282
f 290//290 282//282 325//325
f 327//327 326//326 325//325
f 362//362 328//328 330//330
f 328//328 362//362 389//389
f 292//292 239//239 328//328
f 239//239 330//330 328//328
f 326//326 327//327 329//329
f 332//332 329//329 431//431
f 1321//1321 329//329 332//332
f 365//365 363//363 330//330
f 393//393 331//331 330//330
f 297//297 332//332 366//366
f 393//393 330//330 368//368
f 333//333 368//368 304//304
f 368//368 333//333 369//369
f 369//369 333//333 305//305
f 305//305 333//333 304//304
f 366//366 396//396 334//334
f 398//398 370//370 336//336
f 335//335 370//370 310//310
f 336//336 370//370 335//335
f 373//373 315//315 1334//1334
f 311//311 310//310 1334//1334
f 311//311 1334//1334 315//315
f 320//320 371//371 318//318
f 371//371 336//336 1330//1330
f 339//339 374//374 337//337
f 374//374 339//339 401//401
f 1316//1316 339//339 337//337
f 273//273 319//319 406//406
f 339//339 338//338 401//401
f 338//338 339//339 1316//1316
f 406//406 340//340 273//273
f 341//341 340//340 406//406
f 345//345 340//340 343//343
f 340//340 341//341 343//343
f 340//340 345//345 273//273
f 321//321 376//376 342//342
f 338//338 1316//1316 342//342
f 1316//1316 321//321 342//342
f 341//341 407//407 343//343
f 407//407 344//344 343//343
f 354//354 344//344 410//410
f 410//410 344//344 407//407
f 354//354 274//274 346//346
f 353//353 274//274 354//354
f 346//346 345//345 343//343
f 346//346 274//274 345//345
f 343//343 344//344 346//346
f 354//354 346//346 344//344
f 409//409 377//377 351//351
f 321//321 349//349 376//376
f 349//349 377//377 376//376
f 351//351 349//349 347//347
f 351//351 347//347 1332//1332
f 351//351 348//348 352//352
f 352//352 409//409 351//351
f 351//351 350//350 349//349
f 409//409 352//352 356//356
f 350//350 377//377 349//349
f 377//377 350//350 351//351
f 322//322 347//347 349//349
f 347//347 322//322 1332//1332
f 378//378 354//354 410//410
f 353//353 354//354 380//380
f 357//357 1318//1318 355//355
f 409//409 356//356 1333//1333
f 357//357 355//355 1338//1338
f 277//277 1333//1333 356//356
f 382//382 353//353 380//380
f 353//353 382//382 323//323
f 384//384 381//381 355//355
f 358//358 384//384 355//355
f 382//382 359//359 323//323
f 323//323 359//359 324//324
f 324//324 359//359 385//385
f 327//327 324//324 361//361
f 361//361 324//324 385//385
f 327//327 361//361 386//386
f 361//361 385//385 386//386
f 389//389 362//362 363//363
f 389//389 292//292 328//328
f 362//362 330//330 363//363
f 360//360 292//292 389//389
f 327//327 386//386 431//431
f 329//329 327//327 431//431
f 365//365 330//330 331//331
f 365//365 331//331 364//364
f 364//364 363//363 365//365
f 367//367 364//364 331//331
f 393//393 367//367 331//331
f 366//366 332//332 431//431
f 431//431 396//396 366//366
f 393//393 368//368 395//395
f 395//395 368//368 369//369
f 334//334 369//369 305//305
f 369//369 334//334 396//396
f 397//397 336//336 372//372
f 400//400 397//397 372//372
f 371//371 372//372 336//336
f 398//398 336//336 1335//1335
f 373//373 1334//1334 1336//1336
f 400//400 371//371 374//374
f 337//337 371//371 320//320
f 337//337 374//374 371//371
f 404//404 375//375 376//376
f 375//375 401//401 338//338
f 405//405 401//401 375//375
f 375//375 404//404 405//405
f 375//375 338//338 342//342
f 375//375 342//342 376//376
f 407//407 341//341 406//406
f 376//376 377//377 409//409
f 408//408 1338//1338 355//355
f 381//381 408//408 355//355
f 380//380 354//354 378//378
f 378//378 379//379 380//380
f 380//380 379//379 382//382
f 381//381 384//384 383//383
f 359//359 382//382 379//379
f 420//420 385//385 359//359
f 421//421 384//384 360//360
f 421//421 360//360 389//389
f 431//431 386//386 385//385
f 388//388 389//389 387//387
f 390//390 430//430 387//387
f 363//363 390//390 387//387
f 363//363 387//387 389//389
f 392//392 391//391 364//364
f 391//391 390//390 363//363
f 390//390 391//391 479//479
f 393//393 392//392 367//367
f 393//393 391//391 392//392
f 391//391 363//363 364//364
f 364//364 367//367 392//392
f 433//433 391//391 393//393
f 433//433 393//393 434//434
f 436//436 393//393 394//394
f 437//437 369//369 396//396
f 394//394 369//369 437//437
f 393//393 395//395 394//394
f 369//369 394//394 395//395
f 454//454 451//451 400//400
f 371//371 400//400 372//372
f 400//400 451//451 397//397
f 490//490 399//399 1336//1336
f 399//399 373//373 1336//1336
f 399//399 406//406 373//373
f 374//374 442//442 400//400
f 401//401 405//405 456//456
f 456//456 374//374 401//401
f 405//405 460//460 456//456
f 1353//1353 405//405 402//402
f 405//405 404//404 403//403
f 403//403 402//402 405//405
f 376//376 463//463 403//403
f 376//376 403//403 404//404
f 463//463 376//376 1337//1337
f 409//409 1337//1337 376//376
f 463//463 1337//1337 411//411
f 463//463 411//411 412//412
f 412//412 411//411 416//416
f 465//465 1340//1340 415//415
f 463//463 1339//1339 465//465
f 1339//1339 1340//1340 465//465
f 465//465 415//415 413//413
f 467//467 413//413 414//414
f 415//415 414//414 413//413
f 465//465 413//413 467//467
f 1341//1341 411//411 1337//1337
f 408//408 381//381 1342//1342
f 415//415 1342//1342 381//381
f 381//381 414//414 415//415
f 417//417 379//379 410//410
f 468//468 379//379 417//417
f 379//379 378//378 410//410
f 381//381 383//383 414//414
f 414//414 383//383 467//467
f 466//466 467//467 383//383
f 418//418 470//470 383//383
f 379//379 468//468 359//359
f 419//419 359//359 468//468
f 418//418 383//383 384//384
f 418//418 384//384 421//421
f 359//359 419//419 420//420
f 420//420 419//419 471//471
f 473//473 472//472 421//421
f 473//473 421//421 425//425
f 422//422 473//473 425//425
f 422//422 425//425 426//426
f 422//422 426//426 427//427
f 473//473 422//422 428//428
f 422//422 427//427 428//428
f 425//425 421//421 423//423
f 423//423 421//421 389//389
f 424//424 425//425 423//423
f 425//425 424//424 426//426
f 424//424 429//429 426//426
f 423//423 389//389 388//388
f 388//388 424//424 423//423
f 475//475 474//474 420//420
f 474//474 385//385 420//420
f 431//431 474//474 477//477
f 474//474 431//431 385//385
f 427//427 430//430 428//428
f 426//426 429//429 427//427
f 429//429 430//430 427//427
f 479//479 428//428 430//430
f 429//429 388//388 387//387
f 429//429 424//424 388//388
f 429//429 387//387 430//430
f 430//430 390//390 479//479
f 478//478 479//479 391//391
f 483//483 396//396 432//432
f 431//431 432//432 396//396
f 433//433 435//435 478//478
f 478//478 391//391 433//433
f 435//435 433//433 434//434
f 434//434 436//436 435//435
f 436//436 434//434 393//393
f 1343//1343 394//394 437//437
f 435//435 1343//1343 437//437
f 396//396 483//483 437//437
f 440//440 439//439 438//438
f 438//438 439//439 451//451
f 439//439 455//455 1349//1349
f 445//445 440//440 441//441
f 440//440 445//445 442//442
f 441//441 438//438 446//446
f 441//441 440//440 438//438
f 491//491 440//440 442//442
f 444//444 452//452 443//443
f 445//445 444//444 443//443
f 449//449 445//445 1344//1344
f 441//441 1346//1346 444//444
f 452//452 444//444 453//453
f 445//445 441//441 444//444
f 438//438 1350//1350 446//446
f 438//438 451//451 1350//1350
f 444//444 1346//1346 453//453
f 400//400 449//449 454//454
f 449//449 400//400 442//442
f 443//443 450//450 447//447
f 447//447 450//450 1351//1351
f 1345//1345 1347//1347 448//448
f 1347//1347 1352//1352 448//448
f 1344//1344 1348//1348 449//449
f 1348//1348 454//454 449//449
f 452//452 453//453 443//443
f 443//443 453//453 450//450
f 1350//1350 451//451 454//454
f 453//453 1351//1351 450//450
f 488//488 490//490 455//455
f 1349//1349 398//398 1335//1335
f 455//455 398//398 1349//1349
f 455//455 490//490 1336//1336
f 406//406 490//490 556//556
f 406//406 399//399 490//490
f 456//456 491//491 442//442
f 491//491 456//456 458//458
f 445//445 449//449 442//442
f 456//456 459//459 458//458
f 456//456 442//442 374//374
f 459//459 456//456 1353//1353
f 457//457 493//493 459//459
f 493//493 458//458 459//459
f 402//402 403//403 457//457
f 459//459 1353//1353 402//402
f 459//459 402//402 457//457
f 502//502 406//406 496//496
f 461//461 500//500 457//457
f 462//462 461//461 463//463
f 403//403 461//461 457//457
f 403//403 463//463 461//461
f 406//406 502//502 407//407
f 463//463 504//504 462//462
f 508//508 463//463 465//465
f 407//407 502//502 506//506
f 407//407 506//506 410//410
f 467//467 464//464 508//508
f 508//508 465//465 467//467
f 468//468 410//410 517//517
f 410//410 506//506 517//517
f 410//410 468//468 417//417
f 515//515 466//466 470//470
f 515//515 464//464 466//466
f 467//467 466//466 464//464
f 515//515 470//470 513//513
f 513//513 418//418 469//469
f 466//466 383//383 470//470
f 513//513 470//470 418//418
f 418//418 472//472 469//469
f 421//421 472//472 418//418
f 420//420 471//471 475//475
f 472//472 473//473 521//521
f 521//521 473//473 428//428
f 477//477 522//522 524//524
f 474//474 471//471 522//522
f 471//471 474//474 475//475
f 522//522 477//477 474//474
f 431//431 477//477 432//432
f 477//477 480//480 432//432
f 428//428 479//479 476//476
f 479//479 523//523 476//476
f 479//479 478//478 523//523
f 606//606 523//523 478//478
f 525//525 481//481 482//482
f 525//525 482//482 480//480
f 480//480 482//482 483//483
f 483//483 432//432 480//480
f 481//481 478//478 435//435
f 437//437 481//481 435//435
f 437//437 482//482 481//481
f 483//483 482//482 437//437
f 546//546 545//545 485//485
f 1364//1364 485//485 484//484
f 485//485 547//547 539//539
f 545//545 547//547 485//485
f 485//485 486//486 439//439
f 486//486 485//485 539//539
f 485//485 439//439 484//484
f 486//486 487//487 439//439
f 487//487 486//486 543//543
f 440//440 484//484 439//439
f 487//487 455//455 439//439
f 543//543 488//488 455//455
f 548//548 488//488 543//543
f 491//491 489//489 484//484
f 491//491 484//484 440//440
f 488//488 556//556 490//490
f 493//493 492//492 567//567
f 491//491 493//493 563//563
f 491//491 563//563 489//489
f 491//491 458//458 493//493
f 492//492 500//500 498//498
f 493//493 495//495 492//492
f 494//494 457//457 500//500
f 457//457 494//494 493//493
f 494//494 495//495 493//493
f 495//495 500//500 492//492
f 495//495 494//494 500//500
f 556//556 496//496 406//406
f 497//497 492//492 498//498
f 498//498 571//571 497//497
f 498//498 499//499 570//570
f 503//503 570//570 499//499
f 504//504 503//503 499//499
f 461//461 498//498 500//500
f 461//461 462//462 498//498
f 498//498 462//462 501//501
f 499//499 501//501 504//504
f 498//498 501//501 499//499
f 502//502 496//496 505//505
f 463//463 503//503 504//504
f 501//501 462//462 504//504
f 508//508 503//503 463//463
f 505//505 510//510 502//502
f 517//517 506//506 502//502
f 514//514 512//512 583//583
f 503//503 507//507 582//582
f 1354//1354 509//509 514//514
f 507//507 503//503 508//508
f 514//514 509//509 464//464
f 507//507 464//464 1355//1355
f 507//507 508//508 464//464
f 502//502 510//510 517//517
f 584//584 583//583 512//512
f 584//584 512//512 511//511
f 513//513 511//511 512//512
f 584//584 511//511 585//585
f 513//513 512//512 515//515
f 515//515 512//512 514//514
f 514//514 464//464 515//515
f 516//516 517//517 510//510
f 510//510 591//591 516//516
f 517//517 516//516 419//419
f 516//516 471//471 419//419
f 517//517 419//419 468//468
f 511//511 513//513 469//469
f 516//516 520//520 471//471
f 519//519 593//593 469//469
f 593//593 519//519 518//518
f 472//472 519//519 469//469
f 521//521 594//594 518//518
f 521//521 518//518 519//519
f 472//472 521//521 519//519
f 598//598 521//521 523//523
f 601//601 526//526 524//524
f 610//610 526//526 601//601
f 601//601 524//524 600//600
f 520//520 522//522 471//471
f 524//524 522//522 520//520
f 520//520 600//600 524//524
f 521//521 428//428 476//476
f 521//521 476//476 523//523
f 524//524 526//526 480//480
f 524//524 480//480 477//477
f 481//481 606//606 478//478
f 608//608 525//525 609//609
f 525//525 526//526 609//609
f 480//480 526//526 525//525
f 616//616 618//618 527//527
f 1386//1386 1356//1356 530//530
f 618//618 619//619 527//527
f 531//531 617//617 530//530
f 1358//1358 532//532 617//617
f 544//544 617//617 532//532
f 528//528 534//534 529//529
f 544//544 1357//1357 535//535
f 528//528 529//529 1360//1360
f 529//529 534//534 1360//1360
f 530//530 1359//1359 531//531
f 1358//1358 533//533 532//532
f 1358//1358 534//534 533//533
f 528//528 532//532 533//533
f 534//534 528//528 533//533
f 544//544 532//532 1357//1357
f 1360//1360 536//536 545//545
f 530//530 1356//1356 537//537
f 530//530 537//537 1359//1359
f 537//537 1361//1361 1359//1359
f 536//536 1360//1360 534//534
f 619//619 1362//1362 527//527
f 537//537 1356//1356 539//539
f 619//619 541//541 1362//1362
f 547//547 1361//1361 537//537
f 547//547 537//537 539//539
f 619//619 538//538 541//541
f 548//548 538//538 620//620
f 540//540 486//486 1362//1362
f 541//541 538//538 1362//1362
f 540//540 1362//1362 538//538
f 542//542 540//540 538//538
f 542//542 486//486 540//540
f 538//538 548//548 1363//1363
f 548//548 543//543 1363//1363
f 542//542 543//543 486//486
f 489//489 623//623 544//544
f 623//623 489//489 553//553
f 623//623 617//617 544//544
f 544//544 1364//1364 489//489
f 535//535 545//545 544//544
f 544//544 545//545 546//546
f 484//484 489//489 1364//1364
f 547//547 545//545 536//536
f 455//455 487//487 543//543
f 488//488 548//548 625//625
f 625//625 556//556 488//488
f 549//549 558//558 629//629
f 1390//1390 552//552 1365//1365
f 1390//1390 551//551 552//552
f 551//551 555//555 552//552
f 552//552 555//555 550//550
f 1365//1365 552//552 550//550
f 555//555 567//567 550//550
f 555//555 623//623 553//553
f 551//551 623//623 555//555
f 555//555 553//553 554//554
f 489//489 554//554 553//553
f 563//563 554//554 489//489
f 554//554 563//563 555//555
f 629//629 558//558 560//560
f 558//558 549//549 561//561
f 1368//1368 1370//1370 562//562
f 1371//1371 559//559 558//558
f 1367//1367 1370//1370 1368//1368
f 564//564 560//560 557//557
f 1369//1369 1373//1373 557//557
f 557//557 492//492 564//564
f 560//560 558//558 559//559
f 1374//1374 562//562 1370//1370
f 550//550 1372//1372 1365//1365
f 567//567 1372//1372 550//550
f 565//565 557//557 1373//1373
f 563//563 567//567 555//555
f 1373//1373 567//567 565//565
f 567//567 563//563 493//493
f 631//631 496//496 556//556
f 631//631 568//568 496//496
f 557//557 565//565 492//492
f 564//564 492//492 566//566
f 565//565 567//567 492//492
f 497//497 566//566 492//492
f 564//564 566//566 569//569
f 641//641 564//564 569//569
f 641//641 569//569 648//648
f 503//503 569//569 566//566
f 503//503 566//566 570//570
f 582//582 569//569 503//503
f 497//497 571//571 566//566
f 498//498 570//570 571//571
f 570//570 566//566 571//571
f 568//568 650//650 577//577
f 505//505 496//496 572//572
f 572//572 496//496 568//568
f 568//568 577//577 572//572
f 510//510 505//505 572//572
f 572//572 577//577 510//510
f 658//658 657//657 580//580
f 582//582 648//648 569//569
f 574//574 573//573 575//575
f 576//576 580//580 1375//1375
f 657//657 1375//1375 580//580
f 576//576 1375//1375 575//575
f 573//573 582//582 575//575
f 581//581 580//580 576//576
f 581//581 576//576 575//575
f 582//582 581//581 575//575
f 649//649 675//675 577//577
f 510//510 577//577 591//591
f 585//585 1398//1398 1377//1377
f 666//666 665//665 578//578
f 1401//1401 585//585 1376//1376
f 666//666 578//578 579//579
f 578//578 587//587 579//579
f 1377//1377 584//584 585//585
f 580//580 581//581 584//584
f 584//584 581//581 583//583
f 578//578 586//586 587//587
f 1376//1376 585//585 1378//1378
f 583//583 581//581 582//582
f 1354//1354 514//514 583//583
f 583//583 582//582 1354//1354
f 577//577 675//675 591//591
f 1379//1379 589//589 590//590
f 511//511 1378//1378 585//585
f 590//590 1378//1378 511//511
f 1380//1380 588//588 586//586
f 586//586 588//588 587//587
f 1380//1380 587//587 588//588
f 1378//1378 590//590 589//589
f 674//674 590//590 511//511
f 511//511 593//593 674//674
f 593//593 511//511 469//469
f 591//591 675//675 596//596
f 516//516 596//596 520//520
f 594//594 592//592 595//595
f 592//592 674//674 593//593
f 592//592 594//594 674//674
f 593//593 518//518 592//592
f 592//592 518//518 595//595
f 595//595 518//518 594//594
f 685//685 599//599 676//676
f 676//676 599//599 596//596
f 601//601 596//596 599//599
f 591//591 596//596 516//516
f 596//596 600//600 520//520
f 602//602 680//680 598//598
f 680//680 677//677 597//597
f 597//597 594//594 598//598
f 597//597 598//598 680//680
f 521//521 598//598 594//594
f 685//685 609//609 599//599
f 601//601 599//599 610//610
f 596//596 601//601 600//600
f 603//603 598//598 690//690
f 1382//1382 598//598 603//603
f 598//598 604//604 690//690
f 687//687 1382//1382 603//603
f 598//598 523//523 604//604
f 604//604 607//607 1409//1409
f 604//604 523//523 605//605
f 605//605 523//523 606//606
f 604//604 605//605 607//607
f 605//605 606//606 607//607
f 692//692 607//607 1384//1384
f 1384//1384 481//481 692//692
f 692//692 481//481 608//608
f 692//692 608//608 609//609
f 610//610 609//609 526//526
f 609//609 610//610 599//599
f 525//525 608//608 481//481
f 615//615 612//612 616//616
f 615//615 611//611 612//612
f 614//614 618//618 612//612
f 613//613 618//618 614//614
f 530//530 1385//1385 1386//1386
f 1385//1385 617//617 889//889
f 617//617 707//707 889//889
f 530//530 617//617 1385//1385
f 618//618 616//616 612//612
f 619//619 618//618 613//613
f 613//613 698//698 620//620
f 613//613 620//620 619//619
f 620//620 698//698 709//709
f 698//698 699//699 709//709
f 707//707 622//622 703//703
f 831//831 709//709 699//699
f 619//619 620//620 538//538
f 709//709 548//548 620//620
f 709//709 625//625 548//548
f 703//703 622//622 621//621
f 714//714 711//711 621//621
f 626//626 712//712 714//714
f 626//626 719//719 712//712
f 714//714 621//621 630//630
f 626//626 714//714 627//627
f 628//628 622//622 1366//1366
f 622//622 628//628 621//621
f 622//622 707//707 624//624
f 624//624 1389//1389 622//622
f 1389//1389 624//624 707//707
f 623//623 707//707 617//617
f 1366//1366 622//622 1389//1389
f 715//715 722//722 625//625
f 625//625 722//722 556//556
f 627//627 714//714 630//630
f 627//627 630//630 626//626
f 626//626 630//630 628//628
f 626//626 629//629 721//721
f 721//721 629//629 724//724
f 629//629 628//628 1366//1366
f 628//628 630//630 621//621
f 626//626 628//628 629//629
f 631//631 722//722 725//725
f 631//631 556//556 722//722
f 724//724 635//635 633//633
f 724//724 629//629 635//635
f 560//560 564//564 635//635
f 635//635 629//629 560//560
f 631//631 725//725 649//649
f 649//649 725//725 732//732
f 633//633 636//636 723//723
f 723//723 636//636 632//632
f 632//632 641//641 638//638
f 731//731 730//730 634//634
f 1391//1391 1416//1416 723//723
f 723//723 632//632 1391//1391
f 632//632 731//731 634//634
f 641//641 632//632 636//636
f 635//635 641//641 636//636
f 633//633 635//635 636//636
f 568//568 631//631 649//649
f 637//637 639//639 643//643
f 1394//1394 639//639 640//640
f 729//729 639//639 637//637
f 1392//1392 639//639 729//729
f 639//639 1392//1392 640//640
f 1415//1415 637//637 739//739
f 739//739 637//637 652//652
f 637//637 643//643 642//642
f 1393//1393 644//644 646//646
f 1393//1393 646//646 647//647
f 638//638 641//641 645//645
f 640//640 1392//1392 644//644
f 1394//1394 640//640 644//644
f 644//644 1392//1392 646//646
f 638//638 645//645 1395//1395
f 644//644 1393//1393 1394//1394
f 656//656 738//738 652//652
f 637//637 642//642 654//654
f 645//645 641//641 648//648
f 645//645 648//648 1395//1395
f 647//647 653//653 1393//1393
f 652//652 637//637 654//654
f 1397//1397 1395//1395 648//648
f 653//653 647//647 646//646
f 635//635 564//564 641//641
f 649//649 577//577 650//650
f 650//650 568//568 649//649
f 752//752 738//738 656//656
f 752//752 662//662 745//745
f 651//651 663//663 660//660
f 663//663 1423//1423 1399//1399
f 1397//1397 654//654 642//642
f 656//656 654//654 655//655
f 654//654 1397//1397 655//655
f 752//752 664//664 662//662
f 752//752 656//656 664//664
f 652//652 654//654 656//656
f 573//573 659//659 648//648
f 648//648 582//582 573//573
f 657//657 659//659 1375//1375
f 1397//1397 648//648 659//659
f 656//656 655//655 658//658
f 657//657 658//658 655//655
f 659//659 657//657 655//655
f 585//585 656//656 1398//1398
f 585//585 664//664 656//656
f 1397//1397 659//659 655//655
f 574//574 659//659 573//573
f 866//866 675//675 649//649
f 764//764 660//660 667//667
f 1399//1399 665//665 661//661
f 660//660 1399//1399 661//661
f 661//661 667//667 660//660
f 661//661 665//665 667//667
f 663//663 1399//1399 660//660
f 664//664 585//585 1401//1401
f 662//662 664//664 1401//1401
f 665//665 666//666 667//667
f 666//666 579//579 667//667
f 579//579 1379//1379 667//667
f 668//668 667//667 669//669
f 772//772 771//771 669//669
f 672//672 772//772 669//669
f 667//667 1379//1379 590//590
f 667//667 590//590 669//669
f 671//671 594//594 670//670
f 772//772 672//672 673//673
f 772//772 673//673 671//671
f 594//594 671//671 674//674
f 672//672 669//669 590//590
f 673//673 674//674 671//671
f 672//672 674//674 673//673
f 674//674 672//672 590//590
f 675//675 866//866 676//676
f 675//675 676//676 596//596
f 677//677 594//594 597//597
f 676//676 815//815 685//685
f 1405//1405 1406//1406 678//678
f 1406//1406 681//681 678//678
f 679//679 1405//1405 678//678
f 819//819 679//679 678//678
f 820//820 819//819 684//684
f 1383//1383 681//681 1406//1406
f 681//681 1382//1382 682//682
f 683//683 678//678 681//681
f 681//681 682//682 683//683
f 1407//1407 686//686 683//683
f 688//688 686//686 1407//1407
f 689//689 686//686 688//688
f 683//683 819//819 678//678
f 819//819 683//683 686//686
f 684//684 819//819 686//686
f 821//821 684//684 691//691
f 821//821 820//820 684//684
f 1408//1408 688//688 1407//1407
f 691//691 692//692 821//821
f 815//815 821//821 609//609
f 685//685 815//815 609//609
f 689//689 684//684 686//686
f 687//687 682//682 1382//1382
f 690//690 688//688 1408//1408
f 689//689 688//688 690//690
f 691//691 689//689 1409//1409
f 691//691 684//684 689//689
f 690//690 1408//1408 603//603
f 607//607 691//691 1409//1409
f 692//692 691//691 607//607
f 692//692 609//609 821//821
f 694//694 612//612 823//823
f 823//823 612//612 693//693
f 614//614 612//612 694//694
f 694//694 696//696 614//614
f 611//611 693//693 612//612
f 826//826 695//695 696//696
f 614//614 696//696 697//697
f 697//697 696//696 695//695
f 611//611 615//615 693//693
f 614//614 697//697 613//613
f 697//697 698//698 613//613
f 697//697 827//827 698//698
f 699//699 698//698 827//827
f 829//829 699//699 827//827
f 828//828 889//889 701//701
f 707//707 701//701 889//889
f 700//700 705//705 702//702
f 1412//1412 1410//1410 708//708
f 704//704 700//700 701//701
f 708//708 1410//1410 1411//1411
f 1412//1412 706//706 1387//1387
f 1413//1413 703//703 621//621
f 705//705 1388//1388 702//702
f 701//701 707//707 703//703
f 701//701 703//703 704//704
f 708//708 1411//1411 1412//1412
f 1412//1412 1411//1411 706//706
f 703//703 1413//1413 704//704
f 715//715 709//709 831//831
f 710//710 839//839 713//713
f 711//711 702//702 621//621
f 702//702 711//711 713//713
f 712//712 719//719 713//713
f 713//713 719//719 710//710
f 711//711 714//714 713//713
f 713//713 714//714 712//712
f 625//625 709//709 715//715
f 719//719 721//721 718//718
f 721//721 724//724 718//718
f 716//716 718//718 724//724
f 718//718 717//717 719//719
f 719//719 626//626 720//720
f 721//721 720//720 626//626
f 721//721 719//719 720//720
f 723//723 726//726 847//847
f 724//724 847//847 1414//1414
f 847//847 724//724 723//723
f 724//724 633//633 723//723
f 722//722 732//732 725//725
f 727//727 728//728 726//726
f 727//727 726//726 1415//1415
f 727//727 1415//1415 728//728
f 1415//1415 1416//1416 731//731
f 1416//1416 726//726 723//723
f 1415//1415 726//726 1416//1416
f 638//638 731//731 632//632
f 722//722 849//849 732//732
f 736//736 733//733 728//728
f 736//736 740//740 734//734
f 1415//1415 736//736 728//728
f 855//855 1417//1417 735//735
f 735//735 1417//1417 741//741
f 737//737 735//735 741//741
f 1417//1417 733//733 736//736
f 855//855 735//735 737//737
f 856//856 1492//1492 1418//1418
f 744//744 858//858 742//742
f 856//856 1418//1418 749//749
f 1418//1418 1420//1420 749//749
f 733//733 1417//1417 855//855
f 742//742 858//858 1493//1493
f 734//734 738//738 752//752
f 1415//1415 739//739 736//736
f 740//740 736//736 739//739
f 738//738 740//740 1419//1419
f 746//746 1417//1417 1433//1433
f 734//734 740//740 738//738
f 741//741 1417//1417 746//746
f 638//638 1415//1415 731//731
f 652//652 738//738 1419//1419
f 866//866 649//649 732//732
f 732//732 917//917 866//866
f 747//747 1421//1421 748//748
f 742//742 1428//1428 743//743
f 1494//1494 1430//1430 1422//1422
f 1431//1431 1430//1430 1494//1494
f 742//742 743//743 744//744
f 859//859 744//744 743//743
f 754//754 1496//1496 753//753
f 754//754 860//860 859//859
f 1428//1428 765//765 743//743
f 765//765 1428//1428 1424//1424
f 751//751 743//743 765//765
f 750//750 741//741 746//746
f 1433//1433 750//750 746//746
f 1425//1425 1432//1432 1434//1434
f 751//751 859//859 743//743
f 1432//1432 749//749 1420//1420
f 1431//1431 1429//1429 1430//1430
f 1426//1426 1429//1429 1431//1431
f 749//749 1432//1432 1425//1425
f 759//759 859//859 751//751
f 765//765 1424//1424 651//651
f 1400//1400 1396//1396 1427//1427
f 651//651 660//660 765//765
f 754//754 760//760 762//762
f 760//760 754//754 753//753
f 762//762 763//763 754//754
f 860//860 763//763 861//861
f 754//754 763//763 860//860
f 751//751 765//765 766//766
f 751//751 766//766 759//759
f 760//760 758//758 755//755
f 758//758 1439//1439 755//755
f 755//755 1439//1439 756//756
f 756//756 1439//1439 1441//1441
f 762//762 760//760 1435//1435
f 1435//1435 767//767 762//762
f 1442//1442 1436//1436 1437//1437
f 761//761 762//762 757//757
f 761//761 757//757 769//769
f 1496//1496 1439//1439 758//758
f 1440//1440 1443//1443 768//768
f 753//753 758//758 760//760
f 1496//1496 758//758 753//753
f 1440//1440 763//763 762//762
f 763//763 1440//1440 768//768
f 660//660 764//764 765//765
f 766//766 765//765 764//764
f 764//764 667//667 766//766
f 767//767 766//766 667//667
f 766//766 767//767 1438//1438
f 668//668 767//767 667//667
f 668//668 757//757 767//767
f 757//757 1402//1402 769//769
f 757//757 762//762 767//767
f 768//768 1443//1443 774//774
f 1443//1443 770//770 774//774
f 770//770 782//782 774//774
f 774//774 763//763 768//768
f 669//669 771//771 1444//1444
f 776//776 1445//1445 775//775
f 770//770 1443//1443 1449//1449
f 780//780 770//770 1449//1449
f 669//669 1444//1444 668//668
f 772//772 1444//1444 771//771
f 1446//1446 1444//1444 772//772
f 1450//1450 1447//1447 798//798
f 1447//1447 789//789 798//798
f 779//779 778//778 790//790
f 778//778 799//799 790//790
f 1455//1455 1467//1467 802//802
f 802//802 1467//1467 792//792
f 1480//1480 780//780 1449//1449
f 781//781 777//777 1459//1459
f 778//778 1451//1451 1458//1458
f 1460//1460 1452//1452 783//783
f 783//783 1452//1452 1455//1455
f 1453//1453 1454//1454 1456//1456
f 799//799 778//778 1457//1457
f 783//783 1455//1455 802//802
f 782//782 770//770 1458//1458
f 770//770 1457//1457 1458//1458
f 774//774 1460//1460 871//871
f 778//778 1458//1458 1457//1457
f 871//871 1460//1460 783//783
f 783//783 802//802 804//804
f 871//871 783//783 804//804
f 784//784 1448//1448 671//671
f 1461//1461 671//671 670//670
f 1447//1447 1462//1462 789//789
f 789//789 1462//1462 1403//1403
f 785//785 789//789 1403//1403
f 795//795 808//808 788//788
f 801//801 789//789 785//785
f 801//801 785//785 794//794
f 794//794 785//785 807//807
f 1476//1476 796//796 787//787
f 787//787 796//796 786//786
f 802//802 1463//1463 797//797
f 797//797 1463//1463 1478//1478
f 788//788 1478//1478 795//795
f 801//801 798//798 789//789
f 799//799 800//800 791//791
f 790//790 799//799 791//791
f 1473//1473 793//793 1483//1483
f 1468//1468 1469//1469 1471//1471
f 800//800 1464//1464 791//791
f 1470//1470 1465//1465 1472//1472
f 800//800 793//793 1464//1464
f 802//802 792//792 1463//1463
f 1466//1466 1464//1464 793//793
f 1473//1473 1466//1466 793//793
f 787//787 1474//1474 1476//1476
f 1486//1486 1477//1477 1475//1475
f 788//788 797//797 1478//1478
f 797//797 788//788 809//809
f 1481//1481 780//780 1480//1480
f 1457//1457 800//800 799//799
f 1480//1480 1484//1484 1481//1481
f 1483//1483 793//793 1482//1482
f 803//803 802//802 797//797
f 1479//1479 1488//1488 811//811
f 804//804 802//802 803//803
f 804//804 1485//1485 805//805
f 1485//1485 1479//1479 805//805
f 873//873 805//805 1479//1479
f 873//873 1479//1479 811//811
f 804//804 805//805 873//873
f 1487//1487 1486//1486 806//806
f 809//809 808//808 806//806
f 806//806 594//594 809//809
f 772//772 671//671 1448//1448
f 807//807 785//785 1404//1404
f 1381//1381 807//807 1404//1404
f 1486//1486 594//594 806//806
f 788//788 808//808 809//809
f 1486//1486 1487//1487 1477//1477
f 812//812 873//873 811//811
f 773//773 815//815 676//676
f 773//773 676//676 866//866
f 677//677 809//809 594//594
f 810//810 1488//1488 1405//1405
f 810//810 1405//1405 813//813
f 1488//1488 810//810 812//812
f 813//813 812//812 810//810
f 811//811 1488//1488 812//812
f 813//813 1497//1497 812//812
f 874//874 873//873 817//817
f 817//817 815//815 814//814
f 817//817 814//814 874//874
f 818//818 815//815 817//817
f 813//813 816//816 1497//1497
f 816//816 813//813 1405//1405
f 816//816 1405//1405 679//679
f 817//817 1489//1489 679//679
f 873//873 1489//1489 817//817
f 679//679 819//819 817//817
f 820//820 817//817 819//819
f 821//821 817//817 820//820
f 818//818 817//817 821//821
f 815//815 818//818 821//821
f 822//822 693//693 888//888
f 693//693 615//615 888//888
f 885//885 823//823 822//822
f 823//823 693//693 822//822
f 824//824 694//694 823//823
f 885//885 824//824 823//823
f 826//826 824//824 825//825
f 827//827 826//826 825//825
f 885//885 825//825 824//824
f 696//696 694//694 826//826
f 824//824 826//826 694//694
f 826//826 827//827 695//695
f 695//695 827//827 697//697
f 828//828 890//890 889//889
f 937//937 831//831 829//829
f 890//890 830//830 893//893
f 830//830 828//828 700//700
f 701//701 700//700 828//828
f 832//832 893//893 833//833
f 833//833 830//830 836//836
f 836//836 832//832 833//833
f 700//700 702//702 830//830
f 702//702 713//713 830//830
f 843//843 831//831 994//994
f 829//829 831//831 699//699
f 722//722 715//715 831//831
f 841//841 837//837 840//840
f 1490//1490 842//842 837//837
f 832//832 840//840 837//837
f 832//832 836//836 840//840
f 842//842 838//838 837//837
f 838//838 834//834 837//837
f 834//834 832//832 837//837
f 838//838 835//835 834//834
f 838//838 1491//1491 835//835
f 1491//1491 844//844 835//835
f 836//836 710//710 840//840
f 719//719 841//841 840//840
f 719//719 840//840 710//710
f 713//713 839//839 830//830
f 839//839 836//836 830//830
f 710//710 836//836 839//839
f 1490//1490 719//719 842//842
f 842//842 719//719 717//717
f 849//849 843//843 994//994
f 722//722 831//831 843//843
f 843//843 849//849 722//722
f 844//844 900//900 835//835
f 845//845 900//900 844//844
f 847//847 844//844 1491//1491
f 847//847 1491//1491 846//846
f 845//845 844//844 913//913
f 846//846 716//716 847//847
f 716//716 846//846 718//718
f 726//726 844//844 847//847
f 717//717 718//718 1491//1491
f 1491//1491 718//718 846//846
f 849//849 917//917 732//732
f 848//848 913//913 844//844
f 848//848 853//853 850//850
f 726//726 728//728 844//844
f 851//851 728//728 853//853
f 728//728 851//851 844//844
f 851//851 848//848 844//844
f 851//851 853//853 848//848
f 853//853 852//852 854//854
f 853//853 854//854 850//850
f 854//854 920//920 919//919
f 854//854 919//919 850//850
f 854//854 922//922 920//920
f 733//733 853//853 728//728
f 853//853 733//733 852//852
f 1495//1495 852//852 857//857
f 860//860 852//852 1495//1495
f 854//854 852//852 860//860
f 922//922 854//854 923//923
f 857//857 733//733 855//855
f 857//857 852//852 733//733
f 856//856 1495//1495 1492//1492
f 1495//1495 744//744 860//860
f 1492//1492 1495//1495 857//857
f 860//860 744//744 859//859
f 854//854 863//863 865//865
f 854//854 865//865 923//923
f 861//861 763//763 867//867
f 854//854 860//860 862//862
f 862//862 860//860 861//861
f 862//862 863//863 854//854
f 864//864 862//862 861//861
f 864//864 861//861 868//868
f 863//863 862//862 864//864
f 863//863 864//864 865//865
f 865//865 864//864 868//868
f 868//868 872//872 865//865
f 865//865 872//872 870//870
f 865//865 870//870 923//923
f 923//923 870//870 869//869
f 866//866 923//923 869//869
f 763//763 774//774 867//867
f 774//774 871//871 867//867
f 868//868 861//861 867//867
f 867//867 871//871 868//868
f 868//868 871//871 872//872
f 870//870 872//872 874//874
f 870//870 875//875 869//869
f 870//870 874//874 875//875
f 875//875 866//866 869//869
f 871//871 804//804 872//872
f 872//872 804//804 873//873
f 872//872 873//873 874//874
f 875//875 874//874 814//814
f 875//875 773//773 866//866
f 815//815 773//773 875//875
f 875//875 814//814 815//815
f 927//927 928//928 884//884
f 878//878 877//877 888//888
f 884//884 822//822 877//877
f 888//888 877//877 822//822
f 928//928 822//822 884//884
f 879//879 882//882 878//878
f 878//878 882//882 877//877
f 879//879 880//880 883//883
f 881//881 882//882 879//879
f 881//881 879//879 883//883
f 877//877 1500//1500 884//884
f 1499//1499 878//878 933//933
f 1498//1498 878//878 1499//1499
f 877//877 882//882 881//881
f 888//888 933//933 878//878
f 888//888 876//876 933//933
f 876//876 888//888 615//615
f 1501//1501 884//884 1500//1500
f 1505//1505 884//884 1501//1501
f 933//933 1506//1506 1499//1499
f 1502//1502 1499//1499 1506//1506
f 876//876 615//615 889//889
f 928//928 885//885 822//822
f 934//934 886//886 1507//1507
f 1503//1503 825//825 885//885
f 885//885 928//928 1503//1503
f 886//886 934//934 825//825
f 935//935 887//887 889//889
f 934//934 827//827 825//825
f 934//934 829//829 827//827
f 889//889 890//890 935//935
f 936//936 890//890 892//892
f 890//890 828//828 830//830
f 891//891 890//890 893//893
f 891//891 892//892 890//890
f 937//937 994//994 831//831
f 947//947 891//891 894//894
f 893//893 832//832 895//895
f 830//830 833//833 893//893
f 893//893 894//894 891//891
f 895//895 894//894 893//893
f 894//894 898//898 947//947
f 895//895 832//832 834//834
f 835//835 895//895 834//834
f 895//895 835//835 900//900
f 894//894 895//895 900//900
f 896//896 894//894 900//900
f 896//896 900//900 901//901
f 896//896 898//898 894//894
f 898//898 896//896 897//897
f 909//909 912//912 899//899
f 897//897 909//909 899//899
f 849//849 992//992 954//954
f 910//910 900//900 845//845
f 901//901 902//902 904//904
f 901//901 900//900 902//902
f 902//902 900//900 910//910
f 903//903 902//902 910//910
f 910//910 908//908 903//903
f 896//896 901//901 904//904
f 902//902 905//905 904//904
f 905//905 902//902 903//903
f 906//906 905//905 903//903
f 906//906 903//903 908//908
f 909//909 897//897 904//904
f 904//904 897//897 896//896
f 909//909 904//904 905//905
f 905//905 907//907 909//909
f 906//906 907//907 905//905
f 908//908 907//907 906//906
f 909//909 907//907 912//912
f 845//845 913//913 910//910
f 910//910 914//914 911//911
f 910//910 911//911 908//908
f 907//907 908//908 912//912
f 911//911 912//912 908//908
f 954//954 917//917 849//849
f 917//917 954//954 916//916
f 913//913 914//914 910//910
f 914//914 913//913 848//848
f 915//915 914//914 848//848
f 911//911 914//914 915//915
f 915//915 912//912 911//911
f 912//912 915//915 916//916
f 916//916 921//921 866//866
f 916//916 866//866 917//917
f 915//915 848//848 850//850
f 918//918 915//915 850//850
f 918//918 850//850 919//919
f 920//920 918//918 919//919
f 918//918 916//916 915//915
f 921//921 920//920 922//922
f 918//918 920//920 921//921
f 918//918 921//921 916//916
f 866//866 921//921 1504//1504
f 866//866 1504//1504 923//923
f 955//955 958//958 924//924
f 924//924 960//960 959//959
f 959//959 955//955 924//924
f 960//960 924//924 925//925
f 960//960 925//925 971//971
f 926//926 971//971 925//925
f 925//925 931//931 926//926
f 924//924 1506//1506 933//933
f 876//876 925//925 933//933
f 924//924 933//933 925//925
f 924//924 958//958 1506//1506
f 876//876 931//931 925//925
f 1506//1506 929//929 1508//1508
f 930//930 1507//1507 1509//1509
f 930//930 970//970 1507//1507
f 1515//1515 930//930 1509//1509
f 958//958 929//929 1506//1506
f 970//970 930//930 1515//1515
f 932//932 971//971 926//926
f 931//931 932//932 926//926
f 931//931 935//935 932//932
f 887//887 931//931 876//876
f 935//935 931//931 887//887
f 889//889 887//887 876//876
f 970//970 934//934 1507//1507
f 986//986 934//934 970//970
f 937//937 829//829 934//934
f 937//937 934//934 986//986
f 977//977 935//935 936//936
f 986//986 987//987 937//937
f 890//890 936//936 935//935
f 936//936 892//892 996//996
f 996//996 892//892 938//938
f 942//942 938//938 892//892
f 940//940 938//938 942//942
f 942//942 945//945 940//940
f 939//939 997//997 938//938
f 939//939 938//938 940//940
f 942//942 892//892 891//891
f 891//891 941//941 942//942
f 943//943 942//942 941//941
f 943//943 941//941 950//950
f 950//950 941//941 948//948
f 950//950 944//944 943//943
f 943//943 945//945 942//942
f 943//943 944//944 945//945
f 946//946 945//945 944//944
f 946//946 944//944 1003//1003
f 1002//1002 946//946 1003//1003
f 945//945 946//946 1002//1002
f 1003//1003 944//944 1004//1004
f 941//941 891//891 948//948
f 948//948 891//891 947//947
f 949//949 948//948 947//947
f 948//948 951//951 950//950
f 951//951 948//948 949//949
f 944//944 950//950 951//951
f 944//944 952//952 1004//1004
f 944//944 951//951 952//952
f 898//898 949//949 947//947
f 898//898 953//953 949//949
f 953//953 952//952 949//949
f 951//951 949//949 952//952
f 992//992 1004//1004 952//952
f 952//952 912//912 954//954
f 952//952 954//954 992//992
f 849//849 994//994 992//992
f 897//897 953//953 898//898
f 953//953 897//897 899//899
f 953//953 899//899 912//912
f 953//953 912//912 952//952
f 954//954 912//912 916//916
f 1510//1510 956//956 957//957
f 956//956 1510//1510 1517//1517
f 957//957 1516//1516 1510//1510
f 1511//1511 959//959 961//961
f 961//961 959//959 960//960
f 961//961 960//960 962//962
f 962//962 960//960 971//971
f 965//965 1514//1514 1512//1512
f 1518//1518 965//965 1513//1513
f 965//965 1518//1518 963//963
f 963//963 1519//1519 1520//1520
f 1521//1521 964//964 1520//1520
f 963//963 1520//1520 964//964
f 964//964 967//967 963//963
f 966//966 1514//1514 965//965
f 969//969 1514//1514 966//966
f 968//968 969//969 966//966
f 963//963 967//967 965//965
f 966//966 965//965 968//968
f 968//968 965//965 967//967
f 976//976 969//969 968//968
f 969//969 970//970 1515//1515
f 1515//1515 1514//1514 969//969
f 986//986 969//969 976//976
f 970//970 969//969 986//986
f 935//935 971//971 932//932
f 977//977 971//971 935//935
f 1521//1521 1522//1522 980//980
f 972//972 967//967 964//964
f 1521//1521 972//972 964//964
f 967//967 972//972 973//973
f 1521//1521 974//974 972//972
f 972//972 974//974 973//973
f 980//980 974//974 1521//1521
f 968//968 967//967 975//975
f 968//968 975//975 976//976
f 967//967 973//973 975//975
f 974//974 975//975 973//973
f 975//975 974//974 979//979
f 1524//1524 979//979 974//974
f 979//979 982//982 975//975
f 975//975 982//982 983//983
f 975//975 983//983 976//976
f 976//976 985//985 994//994
f 989//989 977//977 936//936
f 1522//1522 978//978 980//980
f 978//978 1522//1522 989//989
f 1524//1524 1523//1523 981//981
f 989//989 981//981 978//978
f 981//981 993//993 984//984
f 1524//1524 982//982 979//979
f 982//982 1524//1524 981//981
f 981//981 984//984 982//982
f 982//982 984//984 983//983
f 976//976 983//983 993//993
f 983//983 984//984 993//993
f 976//976 993//993 985//985
f 976//976 994//994 986//986
f 994//994 937//937 987//987
f 987//987 986//986 994//994
f 988//988 936//936 996//996
f 989//989 936//936 988//988
f 988//988 990//990 989//989
f 988//988 996//996 990//990
f 981//981 989//989 991//991
f 990//990 991//991 989//989
f 991//991 993//993 981//981
f 985//985 992//992 994//994
f 993//993 991//991 998//998
f 993//993 998//998 992//992
f 993//993 992//992 985//985
f 996//996 995//995 990//990
f 995//995 996//996 938//938
f 997//997 995//995 938//938
f 991//991 990//990 995//995
f 997//997 998//998 991//991
f 997//997 991//991 995//995
f 1004//1004 997//997 1001//1001
f 998//998 997//997 1004//1004
f 1004//1004 992//992 998//998
f 997//997 939//939 999//999
f 997//997 1000//1000 1001//1001
f 997//997 999//999 1000//1000
f 999//999 939//939 940//940
f 940//940 1002//1002 999//999
f 999//999 1002//1002 1000//1000
f 1002//1002 940//940 945//945
f 1000//1000 1002//1002 1001//1001
f 1001//1001 1003//1003 1004//1004
f 1001//1001 1002//1002 1003//1003
